# Release-world tree GROUND PROFILES: how far the ground rises, in decimetres, at
# 16.0 m from each authored tree seat along each of 8 compass bearings.
#
# WHAT IT IS FOR: laying a felled log along the terrain with NO runtime terrain
# query. The game server has no collision mesh for the island it drops the trunk
# onto, so the slope it needs is baked here, ahead of time, one signed byte per
# seat per bearing. Read the bearings either side of the fall heading and tilt.
# The value is the SMALLEST rise for which a straight log line from the seat
# clears every sampled ground point along that bearing - it rests on the high
# side, it does not average.
#
# GENERATED by tools/world-import/generate-tree-ground-profiles.py from
# docs/research/world-data/island-surfaces/ and release-tree-placements.json.
# Regenerate it; do not hand-edit it.
#
# Covered 251 islands, 13266 seats. Skipped 1 islands (0 seats) with no authored
# seats or no extracted surface.
# schema 1 reach 16.0 bearings 8 corridor 4.0 deck 6.0 min-t 8.0 unknown -128
# Bearing 0 is +Z (island-local); each step is +45 degrees towards +X.
# '@' starts an island: '@ <workshopId> <seatCount>'. Then one line per seat, in
# release-tree-placements.json order: 8 signed decimetre integers, space separated.
@ 650186469 60
7 -128 19 54 91 -128 -128 53
1 0 0 0 0 -3 -5 -5
-1 0 1 -7 -2 -3 0 0
-128 -128 1 1 0 0 0 4
0 -16 -34 -4 28 60 -128 21
-67 -65 -21 30 30 -20 -34 -22
-40 -34 0 25 36 24 16 -35
-2 0 12 -14 0 10 8 5
0 35 36 0 -2 -8 -11 -128
-13 -35 -26 -4 23 35 29 8
-128 -128 0 -128 -128 -128 0 -1
-25 -30 -11 -22 33 32 23 -10
32 8 20 62 80 53 3 9
2 -73 -128 -74 1 -39 -128 2
12 -17 -46 -38 -18 35 46 35
-42 -40 -1 36 -128 -128 17 -7
0 0 0 0 0 0 0 0
41 14 -18 -18 -34 -10 13 38
6 -9 -28 -29 -9 11 36 39
45 10 11 8 -2 63 -128 71
4 13 17 13 -8 60 -128 93
-20 -45 -128 -128 -128 28 13 4
0 -37 -128 -9 42 -128 60 37
-1 -128 -128 -128 -128 -128 -1 -1
33 -24 -27 -19 -2 17 33 -128
-19 -29 -38 -9 52 54 57 4
0 0 0 0 0 0 0 0
2 -128 -40 -128 40 -76 -109 -74
-31 53 -128 -8 -34 -39 -26 -128
49 50 22 17 24 -2 25 36
5 -5 -7 -4 5 18 21 11
16 9 9 65 71 57 9 -22
-4 -8 -6 -8 34 28 16 10
-27 -57 -52 0 32 51 43 4
-25 -17 6 35 38 9 10 -14
59 -34 -19 -12 0 -8 2 78
0 0 0 0 0 0 0 0
1 7 6 0 33 63 39 3
-16 -35 -25 1 28 37 34 11
43 15 -38 -32 -24 -40 -9 25
-81 -128 -128 -128 0 -128 -128 -71
1 1 1 0 0 0 0 1
-1 -6 8 3 -3 -16 -11 -7
-49 -46 -44 -3 21 36 -128 -128
0 0 2 81 -128 9 9 0
8 55 70 93 75 51 2 -14
-80 0 0 -128 -128 -128 0 -55
-23 3 19 52 56 43 7 -41
35 36 23 -8 -19 -16 24 31
-28 -20 0 19 26 10 10 -20
-24 -10 15 30 42 24 -128 -50
0 0 2 0 1 0 0 0
37 -7 41 43 57 -128 -128 44
0 0 2 0 0 0 0 0
-2 -20 2 -10 16 71 90 58
37 73 72 42 13 -38 -32 -15
11 13 3 -28 -53 -128 -21 -6
4 -6 -3 -3 -1 21 23 -22
0 0 0 6 30 -128 46 1
12 -24 -29 -39 0 20 17 14
@ 680025017 60
-6 3 1 -128 -128 -128 -128 0
52 28 30 -128 -32 -83 -15 38
1 106 113 112 72 -128 -128 15
-47 8 49 43 48 36 -12 -48
14 20 29 29 -9 -90 -55 -7
10 2 6 1 8 13 23 10
-1 -1 53 -128 -128 -128 -128 70
0 -128 -128 -128 -128 -128 -128 0
23 7 -11 -17 -9 2 8 21
9 -2 4 2 0 -5 -3 2
0 1 6 7 10 -2 -6 -5
5 6 3 -9 10 9 7 0
39 15 -16 -31 -25 -7 11 36
-128 -128 1 -5 -4 -6 -4 19
4 0 -128 -128 -128 -128 -128 -128
10 1 -7 -14 13 21 -128 15
0 -1 2 -128 39 10 0 -1
0 0 0 8 28 8 9 23
-2 -128 -128 -128 66 26 1 -5
-106 -4 35 21 13 -5 -128 -128
-128 30 1 -128 -128 -128 0 0
-8 -10 -3 -6 -8 -22 14 -14
15 3 -9 -128 -12 36 43 32
19 6 -2 -10 -7 -2 2 11
-11 -13 1 42 51 38 2 -13
7 -128 -128 -128 102 -128 -128 -23
-18 -16 -3 -9 4 11 13 -12
-128 -128 -128 9 33 33 14 0
3 10 9 1 -128 -128 -11 -11
1 -4 -7 0 -3 -6 -5 -5
11 -2 -16 -20 -17 -7 7 16
-35 -2 81 -128 -128 -128 1 -6
78 -128 -128 58 -49 -59 -49 5
-128 -22 -11 13 -128 12 0 13
-128 -128 -7 -34 -50 47 -128 -128
-6 -3 2 3 4 3 1 -7
-5 -128 -128 -44 79 -128 85 0
27 -128 -128 -128 -128 -128 -128 -98
-128 -128 -128 -128 -128 -128 -128 -128
-128 -128 0 -128 -128 -128 -128 -128
0 0 1 -2 23 35 36 64
-3 -128 -128 -128 -128 -128 -128 4
13 -5 7 1 -6 6 30 30
-10 -15 -11 4 19 16 17 -3
0 -66 -1 -1 8 -4 6 0
39 -2 -53 -128 -128 41 33 19
24 8 0 0 0 0 4 18
0 22 55 52 32 11 -29 -53
16 -128 -128 -15 -34 2 7 4
7 -6 -4 8 28 -128 36 17
-66 10 67 86 78 83 14 -128
-15 -128 0 8 16 26 16 -2
9 -128 -128 -128 -128 -128 1 13
-128 73 42 76 0 -61 0 -128
-12 61 22 -1 -4 -14 -15 -39
-9 -128 10 -128 1 -128 -128 8
2 5 6 0 -3 -4 -4 -8
17 12 0 -128 -59 7 14 15
15 23 27 0 -128 -128 -128 0
-16 -25 -16 3 27 25 17 -5
@ 682552495 60
-128 -6 7 -18 -13 6 7 6
-128 -38 23 -19 -30 -7 7 -43
-128 -128 22 24 29 79 84 -128
-128 52 2 -42 -9 -6 -26 -128
-44 -14 -10 -128 69 -128 -128 -128
-128 -128 -128 -128 -128 -128 -56 -60
-128 -128 -128 -53 -28 -62 45 -128
67 -128 -128 -128 77 -128 59 63
-1 14 36 37 14 12 5 -52
-52 -128 -128 16 108 -128 -128 59
53 66 -44 -128 15 15 18 22
118 27 -79 -128 -27 6 -12 -128
5 -3 -1 26 -128 -128 39 18
-128 -128 46 -10 -23 -24 11 18
53 21 -30 -69 -29 -4 -2 -19
-24 -11 -18 -25 -27 -16 16 -17
-128 -128 75 -128 -55 20 72 -128
-128 -128 -128 -59 -128 -128 -128 -47
34 32 26 2 -12 -93 -24 -3
-128 -128 -128 -128 -128 -84 -128 -69
10 -128 -128 -55 10 -128 45 10
-128 -128 34 -21 20 87 28 19
-128 0 -44 0 -128 -128 -53 -128
3 -2 -3 23 34 -1 -19 -18
-9 -128 -128 -128 -128 -128 -128 -128
-77 -128 -128 -128 55 -128 -36 -98
-111 -69 -78 -128 -53 -79 -57 -128
-128 -128 -128 -128 112 90 96 -69
-128 -128 -128 -128 0 -128 -128 0
-19 36 10 -4 0 -6 -6 -33
-64 30 32 72 -128 -64 96 10
-86 -70 -128 -128 58 -12 -128 68
6 75 79 -74 -27 19 -128 -128
3 55 61 56 56 -55 -57 -55
11 -128 -128 -28 22 -128 -128 -128
-70 -128 -14 -128 45 85 -128 30
47 3 2 -39 -19 3 64 44
41 -128 75 48 22 -45 27 65
-128 -128 -14 -128 -128 -128 -24 -128
46 0 -60 -67 -128 -128 0 8
-98 -33 -41 -128 -99 -128 -128 -128
-67 -128 -128 -45 -40 -128 -128 -69
-128 -128 -128 56 -128 -128 -128 -128
-57 -128 -128 -38 5 91 89 -128
13 -21 -15 38 -15 -128 41 -21
-1 1 36 -128 36 11 2 9
46 -128 70 -128 -128 -107 -113 -59
57 55 -128 -128 -128 -128 -128 7
-128 -128 -31 -15 -128 -128 -128 -2
-47 -24 14 95 96 39 14 -74
47 14 -128 -128 87 44 7 12
-78 -64 -49 -38 -88 -77 6 -20
-128 -128 -128 -27 -128 -128 -128 -128
-128 -128 -6 -128 -128 -128 -128 -128
70 0 2 -128 -128 -128 -128 13
4 -41 11 -63 -128 -128 -128 -128
39 9 58 8 -128 -128 -128 -128
23 4 -111 -128 -128 -128 2 31
-58 -20 5 26 7 22 28 -67
-128 -128 -26 39 55 48 52 -57
@ 742077672 31
34 13 9 13 -9 -7 4 2
7 31 -9 7 45 72 77 -7
1 20 33 -128 51 -2 -7 -17
-23 6 29 34 19 8 -128 -128
55 -22 -128 -14 13 20 40 57
18 -128 93 51 16 25 -6 11
-75 -86 -39 -30 -11 -73 -128 5
79 32 34 81 86 -128 84 66
12 57 26 2 -41 -128 -51 -23
-128 -9 -7 -22 -5 59 -128 50
1 -13 -55 -128 -22 15 24 7
-47 -128 33 -128 33 23 15 -8
23 22 4 -4 17 30 32 13
111 54 10 -128 -128 8 30 -128
41 40 45 11 -18 -128 16 15
2 24 33 20 16 -45 -58 -1
1 1 17 60 -128 38 49 1
1 -26 -69 -128 -24 -15 -3 -13
105 61 14 2 0 -17 -9 52
19 11 10 20 6 1 10 7
-8 -17 4 1 19 7 0 -13
3 27 14 45 44 35 37 16
-4 0 23 62 42 -14 -23 -32
0 -26 -7 -7 18 85 45 12
10 -128 119 6 -11 -4 -4 -22
-22 -17 41 -7 7 49 52 -20
30 23 11 3 20 36 -128 25
7 -8 -8 -15 -1 6 7 11
0 -128 -57 -128 -128 0 0 -128
-128 -128 4 21 25 8 -12 -128
-9 9 9 -128 -128 2 -16 -25
@ 746775124 20
-14 -27 -71 -54 -15 -44 -17 -20
-29 -16 -12 -6 -11 -4 4 -36
-5 -39 -128 -128 -43 -128 -128 8
5 11 5 3 7 -34 -14 -10
9 8 22 10 4 -16 17 1
-128 -128 28 1 0 -5 12 61
0 26 41 -25 -128 -13 -5 -11
-128 -128 -32 41 80 93 53 7
-6 1 48 -128 -7 41 11 -12
-128 -128 -23 -15 29 22 20 -128
-128 -128 -69 -46 -128 -128 -128 13
-8 15 5 -31 -24 -55 -128 -128
31 7 32 0 13 12 9 20
14 0 -5 2 -9 -18 -9 13
-8 -5 17 3 3 -128 -128 -128
-72 -55 -9 -14 -60 -42 -28 -50
-58 -42 8 26 -50 -128 -128 -66
-128 -47 7 20 47 -77 -46 -74
-64 -61 -57 9 25 40 -6 -41
-4 -18 -3 24 -6 -22 24 2
@ 766278426 56
0 0 0 0 0 1 3 0
0 0 0 0 11 11 8 0
8 -5 -3 -5 0 29 37 52
-37 -128 -101 -4 3 2 3 0
50 35 25 -1 -2 -2 24 38
11 12 -3 -128 -128 -128 -79 -7
6 -52 -128 -128 -128 -128 -7 7
2 -8 -27 -21 -3 -3 9 -3
10 -12 -2 -1 0 0 20 40
20 46 39 0 -1 -1 -1 0
0 2 -6 -128 -128 -8 3 1
3 29 40 19 8 25 42 3
-13 -2 34 26 34 24 36 -2
-5 53 56 67 25 29 -4 -4
28 -29 -22 -25 2 19 68 -128
0 0 0 -1 0 0 1 0
18 -6 -1 -1 2 2 -3 18
0 0 -1 0 0 -3 0 0
0 -23 -29 -28 0 0 0 0
-8 0 0 0 -1 0 0 -52
2 2 -1 4 30 43 7 3
-20 -27 0 0 0 -2 -18 -35
12 12 15 6 -13 -128 -17 0
-17 -1 -1 0 -1 -24 -21 -128
1 1 1 0 1 0 1 1
-128 -128 -128 -12 18 15 12 -128
2 1 1 1 3 2 2 2
0 0 37 56 71 5 0 -5
5 5 6 1 -75 -128 -54 -1
0 0 -3 -40 -40 -30 0 0
-1 -25 -1 0 0 0 0 -2
0 0 -40 -40 -21 0 0 -2
-59 -12 2 3 4 3 4 -128
36 27 5 16 38 27 -4 3
1 0 0 0 -15 -56 -40 -7
0 0 0 -23 0 0 0 -2
1 1 1 1 2 1 2 1
5 4 3 2 3 -2 -2 3
-40 -23 0 6 14 9 0 -3
13 -10 -8 -10 -7 30 17 8
-36 -54 -39 -1 2 2 2 -31
11 -1 29 -3 -26 -8 13 1
-3 -46 -2 0 0 -1 -1 0
-7 -16 -9 -15 -6 5 9 6
0 0 -1 -28 -1 -1 0 0
-2 0 1 1 0 0 0 -1
14 3 40 28 1 -27 5 29
-2 -65 -30 -5 0 -3 -3 -16
5 3 4 -128 -128 2 5 4
-1 0 0 -18 -128 -128 -4 -1
-14 -4 3 -1 0 1 1 -2
-1 -12 -14 -19 -13 1 2 0
-26 -6 2 -2 -35 -128 -35 -128
0 0 0 0 0 -5 -20 -3
3 7 11 8 -15 -48 -35 -44
10 8 43 41 11 1 1 5
@ 780038601 60
44 17 32 34 22 -12 -25 -14
19 7 42 15 9 -2 -1 -4
-60 -51 -43 25 50 27 -21 -64
5 4 6 -19 -49 -46 -15 6
47 79 74 88 68 6 24 -14
-128 -128 -128 95 98 39 42 70
44 -128 23 -19 -128 -128 -128 19
13 -128 0 7 -42 -17 0 44
19 -5 -4 -6 16 28 -4 0
16 -128 -128 -64 -16 -63 -128 -50
84 71 66 -14 37 60 27 11
-128 61 -3 -5 -4 -6 16 -128
-128 -9 5 5 -128 56 59 -128
-44 -22 60 -128 56 45 48 -22
0 -128 -128 -4 -128 -128 -51 -28
-44 -5 54 -128 83 57 -11 -43
-128 -128 53 -128 -128 -128 30 11
65 51 31 26 -128 52 55 18
-128 -128 35 -32 -19 -27 -4 -128
23 27 0 69 76 43 55 27
107 70 -1 41 70 62 9 71
97 35 3 5 5 36 54 91
60 42 35 -43 -79 -45 -10 40
12 94 26 -16 40 102 106 15
-90 -82 35 16 -16 -68 -68 -128
-38 -14 42 64 59 51 24 -128
24 16 8 2 -15 -29 -15 5
37 -62 -39 -28 50 4 38 39
119 -128 103 64 -5 -14 -12 1
32 36 -4 41 -128 -15 -16 14
-119 -119 -111 -21 21 -3 -85 -57
3 65 29 -128 -77 -128 -128 -44
58 -128 -128 -128 50 -128 10 17
-128 -128 58 1 -20 -40 -28 42
97 55 28 23 55 30 32 25
61 -128 52 -46 -96 -128 -128 9
66 -128 42 0 -59 -86 -58 -36
-128 94 101 -128 -128 -85 -128 -128
55 -128 46 42 55 -26 -12 52
-17 53 77 2 -8 -128 -128 -13
8 67 73 46 -128 -128 -36 -128
45 62 84 76 106 77 -11 8
-128 -128 18 -12 -89 -128 -59 -3
-28 -17 -29 54 52 15 0 -39
-13 -3 17 18 9 9 -6 -16
-29 11 60 63 42 -10 -45 -59
-43 -21 12 47 72 63 30 -35
-12 40 64 49 -42 -128 -34 -27
-128 -128 89 -128 -128 -128 -128 -128
59 41 -5 49 69 40 9 42
-21 -128 -128 3 24 -54 -128 -44
56 62 59 52 -128 -128 -128 2
2 -2 -2 -24 -32 -22 1 0
-128 -128 -128 22 -128 -128 -128 0
-1 -55 -72 -76 -50 -87 -128 -128
51 -128 52 -11 -59 -107 -81 -47
1 3 18 28 25 3 4 -5
19 14 13 3 -4 -15 -5 0
-37 -25 49 46 35 6 -6 -32
-64 -50 -35 29 51 50 31 -34
@ 782917965 60
8 29 35 36 24 -128 -128 -62
8 -4 -5 -13 2 23 104 58
-9 38 86 62 -128 -128 39 59
2 4 30 49 29 2 -2 -2
-32 -15 0 32 52 52 54 -5
99 53 22 -2 -128 40 24 69
-44 -91 0 43 0 -62 -128 -128
3 7 28 67 71 99 -128 -128
1 -15 -24 -128 -128 32 42 15
-51 -53 4 -10 18 7 -37 -38
0 34 44 27 53 54 57 -30
72 68 39 24 -8 0 19 51
-128 -128 -128 -22 -18 38 20 -101
-128 -128 -128 -128 -15 -128 -128 -128
-31 24 27 26 24 41 -128 19
29 -128 57 0 -47 -21 0 20
-128 -59 -62 -29 -44 -34 -128 -56
-50 -128 -128 -47 -86 -128 -19 -37
-60 14 10 24 30 21 56 1
-27 -52 34 35 18 58 49 -14
-34 -128 1 -28 -17 52 50 -11
59 -128 -128 49 38 25 21 18
46 60 65 52 37 -12 -28 -14
-9 5 44 81 31 3 -6 -11
20 -19 -23 -27 22 -128 -128 0
-32 -41 -5 29 29 13 20 -19
40 8 17 -18 -21 -30 -25 -15
29 29 35 34 25 -3 -16 -13
55 -128 -128 55 55 -81 -79 -23
41 0 -9 -44 -41 44 45 57
28 15 -45 45 62 40 39 47
21 66 -128 -128 -128 75 80 -23
-70 -128 -46 50 49 62 59 -12
-15 -1 28 -12 -23 4 4 -18
33 -128 3 -69 -46 -7 -16 12
39 73 63 -2 -1 -15 -70 -64
-15 -29 -29 7 67 -128 71 -5
39 60 58 39 14 47 30 39
-128 -128 -128 -128 -128 -128 21 -4
44 26 48 34 41 10 -3 -40
27 5 0 0 11 -1 -24 0
37 5 -37 -58 -73 -40 8 26
23 -39 -8 -60 36 22 -4 -15
-6 -27 4 41 43 -34 -4 -5
59 49 37 -128 -128 -128 57 66
-8 18 -128 -128 4 -9 -15 -16
14 68 35 5 22 7 0 -60
-99 18 50 -128 -128 -128 -128 20
-128 -128 -5 -53 -67 -48 24 7
6 -128 -60 8 18 -128 -128 -128
8 50 50 -11 -6 -42 -57 -11
96 -128 91 9 9 -59 -10 59
-128 85 -19 -1 38 50 26 93
24 -15 -37 -63 -49 -128 -128 -63
26 52 37 14 8 -43 -44 7
43 25 -34 -128 -44 -3 17 34
65 23 -11 12 -45 -128 -69 0
26 49 21 1 -2 -5 -1 41
46 38 -128 -128 -128 -31 19 -51
29 81 106 18 15 -18 -40 -7
@ 797781440 60
-7 -18 -21 -1 12 -8 -8 -12
-128 -128 6 34 53 -23 -128 -128
6 4 8 3 -57 -128 -36 -5
15 0 -1 -7 7 -2 -1 3
-1 -2 1 -24 -128 -27 10 -23
25 15 29 -128 -128 46 55 21
-5 -7 -42 -128 -49 -38 -7 -5
-128 -128 -128 1 6 10 -128 -128
10 -128 -47 -39 10 14 15 5
83 -128 -128 -128 -128 3 -128 -128
-128 -128 -128 -6 -7 -128 -128 -128
-8 -5 8 -7 -60 -128 -128 -9
-128 -128 -128 -128 -128 -128 -128 -128
-128 -128 -128 -128 8 10 19 -18
58 -128 -128 -128 42 -128 -128 24
-128 -29 5 3 10 0 -128 -128
64 48 -7 -67 -50 -33 -11 12
79 74 -128 -128 18 15 -128 -128
72 61 72 -128 -128 -128 -87 -15
-128 -10 6 17 47 16 25 -128
28 0 5 -59 -26 16 -8 -128
25 51 24 51 -128 72 57 -4
-128 -128 -128 -128 -128 71 75 59
-25 59 -128 -128 -128 7 -36 -70
-6 -6 -13 -128 -128 53 12 -128
85 -128 -128 -128 -128 -128 -128 -128
-128 -128 -128 -128 -128 -128 0 -128
3 -20 -21 -1 -2 7 19 3
-128 2 4 56 34 -128 4 -64
15 5 -5 -128 -112 -128 4 13
-128 -128 60 81 -128 -128 -128 -128
10 -128 -128 92 -128 17 31 -44
-11 -9 -13 -68 -128 -69 -30 -6
-1 -128 -14 -6 -10 -14 -28 -17
88 78 107 -128 -128 -29 -48 -128
-128 -128 -128 -128 -128 -128 -128 -128
0 0 0 29 75 13 -11 -128
72 -128 -128 20 29 -128 -128 -128
-128 -128 -128 21 3 -128 -128 -32
-1 8 34 -1 -128 -128 -83 -50
64 -128 -128 0 -128 -128 -128 0
15 -128 21 -128 -128 -128 74 -128
-32 -27 -1 9 13 -26 -25 -27
0 -128 -128 -128 22 23 -128 -128
12 -13 28 -128 -10 -103 -128 -30
-128 -128 -128 -16 -21 -24 -128 -128
-128 -128 -22 -128 -128 27 29 -128
-43 -43 -3 0 4 3 -42 -75
22 -26 4 -2 -128 -128 -128 -128
-128 7 -128 -128 -128 -128 -128 -128
-34 -128 -128 -59 -3 6 7 -21
47 46 44 28 -8 -20 -128 -128
-128 -128 29 21 26 -33 -22 -128
49 64 -128 -128 23 42 -128 -128
68 113 119 -128 -8 -128 -128 62
22 20 -63 -128 19 -7 -2 -128
-128 -128 -69 -59 -9 7 15 -14
65 61 -128 -128 -128 30 -128 -128
-128 -128 -128 64 -128 -128 -69 -128
5 0 4 -20 -128 -128 -96 -40
@ 800023806 60
40 37 31 -23 -20 -13 25 32
18 -3 -14 -31 -7 23 42 39
35 53 49 40 4 -87 -88 -18
33 25 47 44 -54 -128 10 25
14 -17 -21 -23 -38 -44 -33 -12
25 5 55 -128 68 10 13 17
21 3 -3 -3 7 7 12 16
0 1 0 -13 -3 0 -8 -2
1 -25 -60 -15 -8 2 7 3
14 36 27 14 12 -16 -46 -27
-25 -21 -4 -5 5 6 -4 -25
-19 -72 -42 -9 13 16 20 0
-128 -128 45 -24 -20 -13 3 -128
3 2 44 -5 17 0 2 1
2 -10 -13 -8 7 9 9 11
22 12 -24 -33 -16 0 14 30
14 -6 -7 -27 -11 23 31 31
10 -3 -7 -10 -10 -10 2 9
-34 0 7 14 21 17 -26 -49
15 8 -7 -10 -1 -9 -3 10
18 -128 -7 -10 31 61 44 -128
2 -128 40 4 28 -128 32 -1
2 0 9 52 17 10 2 2
-128 -57 18 32 32 15 12 -128
-4 -2 0 -5 -3 -1 1 1
-1 -11 -4 -8 -16 -21 -13 -2
-17 -23 -8 -8 -22 -18 -17 -22
44 -22 44 -128 -128 36 38 38
-21 -44 -32 -28 -2 -9 1 -3
70 1 45 54 20 -29 -21 -128
5 5 19 7 -25 -57 3 0
-19 -23 -29 0 -3 -20 -26 -13
19 25 11 21 0 -50 -60 0
51 -2 10 35 47 -23 11 -128
-18 -13 -6 14 17 12 -9 -15
-3 0 3 -7 -14 -9 16 9
17 22 25 -2 -128 -128 -90 -8
-42 -128 -128 -65 -41 2 -20 -12
-12 -5 12 14 8 -4 -8 -13
-46 -128 -128 -128 18 -3 -8 -29
-9 -4 -128 -30 -128 -4 4 -4
3 -12 -75 -128 -128 0 18 13
-128 -8 6 26 28 23 -1 -128
3 11 3 -128 -128 -59 2 2
-16 -23 -23 -2 10 0 -33 -29
-18 -4 17 10 28 5 -9 -42
25 31 55 79 -128 -128 -128 6
29 17 26 11 -18 -7 6 12
10 66 71 21 -2 -12 -12 -20
10 -9 -12 -18 -15 1 55 45
-2 -7 -6 59 53 29 23 4
0 54 -128 38 5 -7 -35 -26
-15 -27 -32 -3 13 20 22 4
20 13 4 -8 -12 -6 13 18
-36 -34 2 11 19 25 27 20
10 13 6 -8 -7 -7 -10 -8
-19 -10 23 57 62 44 2 -26
-27 25 25 11 -55 -128 -128 -128
4 -3 -5 -6 -6 3 34 15
-4 -3 -7 43 69 102 56 2
@ 803203608 41
-128 -128 -10 -11 -128 2 16 -128
16 16 17 13 0 -14 -10 -6
2 4 8 0 2 -1 1 0
-1 2 6 3 -1 -2 -1 -3
15 -128 -128 -6 14 -128 -128 26
46 15 -23 -50 -59 -31 -27 40
16 -128 0 6 17 -128 -128 5
-5 4 30 33 34 0 -45 -84
-128 -128 -50 -128 -128 -2 8 17
-12 -5 5 9 9 -12 -15 -6
-12 -15 -9 -12 1 15 29 -3
4 -21 -13 -5 12 23 8 24
15 -128 70 -1 -18 -18 -5 83
-5 -23 -12 25 -31 -128 2 -6
-128 -128 28 14 -128 -6 -27 -128
24 21 9 24 8 -2 -4 -4
-3 1 19 2 -5 11 14 11
-4 -4 -2 15 15 -12 5 -8
3 17 27 16 9 -5 -23 -21
24 23 11 -6 -1 -8 -13 1
2 2 1 -1 4 -8 -78 -5
-128 0 17 27 -128 -128 17 4
-128 -128 34 20 8 -12 -15 -44
19 18 11 -5 -128 -6 -1 3
27 13 -11 -23 4 0 19 32
-25 7 10 6 12 2 -67 -128
-18 7 14 13 12 -128 -128 -128
-4 0 3 4 2 1 -1 -5
7 0 7 -30 0 -128 -128 -18
-6 -10 2 22 19 2 10 -13
21 -128 -128 1 21 -128 -128 13
77 12 12 -128 97 -128 -47 -57
17 -128 92 73 -128 -128 14 4
12 -14 -8 -8 -34 -128 -128 -40
1 -1 -8 -9 3 24 22 4
-128 -128 -128 53 -128 -128 -49 -49
17 -3 -128 0 31 -12 11 32
-128 -128 8 -5 -128 -128 -128 29
78 74 55 83 -128 -32 -128 -128
-19 -128 -9 -55 -6 -9 1 3
-2 -17 24 5 38 -3 48 -2
@ 803380078 54
-4 -8 -4 -3 2 21 15 -5
2 -2 0 -128 -54 -4 -1 -2
0 0 1 4 4 2 0 1
1 6 6 -19 -10 -1 4 -2
-13 48 50 -128 -128 -128 -7 -11
-7 -2 10 -128 -128 -8 -8 -16
8 17 11 4 -28 -128 -28 4
-18 -33 -53 -39 -74 -11 -128 -128
-7 -6 -8 -6 9 -30 10 -9
96 2 2 2 -16 -38 -34 27
20 5 1 -61 -65 -35 -3 22
-7 -128 -43 -43 -128 -128 47 -128
39 22 7 7 15 -128 -128 -128
32 66 70 0 -1 2 1 -3
-128 -128 -128 -128 -128 0 59 46
10 -1 -5 -3 0 6 44 14
-72 -44 55 -3 5 -42 -42 -21
-128 -128 -128 -128 -7 -40 -40 -128
113 -128 -128 79 22 29 -128 1
32 -21 -22 -37 -35 -6 47 40
1 5 34 24 28 -1 4 4
17 -83 -33 -13 17 37 67 -128
29 -128 14 -128 -45 -128 -128 -128
23 14 22 31 19 8 11 5
-8 14 -128 -128 -128 5 -12 -11
13 9 13 -5 -6 -34 -48 -41
69 52 88 1 -1 16 49 46
35 98 104 41 -128 -128 -89 -113
109 -128 61 23 -30 -22 0 16
60 18 11 5 -10 -128 -128 57
52 41 13 -128 -128 -128 -128 55
21 10 -5 -128 -128 -19 -2 33
74 11 -15 -53 -26 13 51 80
85 76 -128 -19 61 -74 -50 -53
0 -1 -1 -2 -1 -1 -1 -2
62 60 24 17 -14 -7 -5 16
8 -11 -11 -18 -39 -128 -128 5
-19 -96 -102 30 16 25 16 -1
-128 60 -128 -128 8 71 -128 -128
19 37 -1 3 3 -23 -16 -12
-128 87 22 30 3 -55 -128 -128
11 4 25 1 0 2 5 3
70 -5 55 5 110 88 -128 -128
5 30 4 -1 1 -6 -4 1
-1 2 7 -128 -128 -128 8 7
-52 52 56 -2 -33 -128 -16 -72
-128 -128 -128 -128 -57 -128 -108 -60
-36 92 93 13 34 -12 9 -60
45 -128 45 -40 -18 -128 -128 41
-6 -29 -17 -19 -15 -17 17 -4
-7 -7 12 13 55 -128 -128 -128
-6 -21 -15 -128 -128 -128 -128 -44
-9 -18 -29 -46 -33 70 74 -32
15 35 23 26 73 -128 -128 70
@ 818084370 24
-128 4 14 15 15 0 -128 -128
0 34 43 -23 0 -128 -128 -128
3 3 8 -19 -18 -12 -3 2
111 62 53 5 -8 -22 15 23
-97 -128 -128 -49 -40 -128 -19 -37
49 0 20 0 0 31 0 2
-75 -28 -2 -60 -55 -83 -97 -104
-22 -30 -13 -57 -17 -9 14 -14
-27 -9 -38 18 -15 -72 -77 -128
40 22 33 8 20 37 69 79
-128 -128 -128 -128 -2 42 -128 44
-128 -128 14 -30 4 27 21 -128
-1 -2 46 20 29 13 -11 -128
-20 -128 -128 -128 -128 2 15 -9
40 47 69 39 -16 -70 -81 -20
-44 -9 -2 19 -8 1 -128 -128
-128 -128 -128 2 11 -36 -128 -128
-128 -75 -4 -3 -17 -3 -30 -128
-1 2 6 -5 -2 5 4 7
30 39 17 -32 -7 42 56 17
-128 75 -1 -3 -26 -39 102 -128
12 -6 12 -6 17 -38 -17 -19
-12 0 0 1 1 -5 -9 -15
46 4 -1 2 53 18 0 2
@ 838653959 40
4 -23 -33 -29 -5 3 3 4
5 2 7 19 20 20 17 10
-54 -13 16 18 60 91 97 -35
-1 0 1 0 -1 -1 4 3
46 -5 54 -128 20 -12 19 -128
32 12 4 -9 -5 13 10 12
20 9 12 0 -6 -4 -2 1
13 14 30 36 11 -57 -76 -37
8 23 16 -128 -64 11 8 -1
10 -128 -128 9 -8 5 5 9
14 25 31 16 14 -5 -1 -4
3 4 3 1 1 -4 -3 1
1 31 -128 11 -18 -23 -13 -9
13 -9 -52 -84 -128 -128 11 22
5 -3 -29 -27 -9 -9 29 29
13 11 -1 -37 -128 -27 0 4
-14 8 11 11 10 -4 -35 -51
10 -25 -33 -34 1 -5 3 7
4 4 2 -1 0 -3 2 -1
-15 3 40 4 4 31 3 -128
10 5 6 4 -8 -128 -71 -29
11 12 -2 13 15 32 -128 -128
-2 -23 -128 -128 91 44 30 -2
3 5 3 -18 -1 -3 -3 0
28 -128 -2 -17 -34 -128 -128 60
-5 -32 -52 -51 -26 12 33 23
7 3 1 -2 4 4 5 4
-3 -6 1 9 -128 -128 -128 -1
65 73 6 -22 -46 -128 -128 -1
75 19 5 2 -4 -9 28 41
6 8 4 -1 -6 -16 -18 -18
7 29 59 17 -128 -52 -9 1
-128 63 78 89 80 31 26 -35
-55 -128 -128 -3 4 0 0 0
-2 -36 -10 31 32 27 23 6
1 5 1 -3 4 -3 7 6
12 0 -5 -5 -5 4 14 17
-128 -128 6 63 16 -3 -6 -128
-1 6 16 24 12 -33 -62 -16
-6 -6 -9 -128 -22 7 7 -8
@ 842709087 38
34 30 2 -55 43 41 10 22
-20 -98 -116 24 8 9 11 6
6 1 24 24 -128 31 -9 34
-4 -1 0 5 9 6 -2 -5
74 112 119 -128 -128 -128 -128 56
-128 -128 82 42 35 84 22 65
2 -1 1 -13 -18 0 15 8
13 37 44 37 2 -7 8 4
-39 -28 -11 6 -128 -128 7 -25
19 18 -5 -4 22 -128 -128 -128
14 87 93 26 14 -14 -1 -2
-22 -1 0 2 1 -7 -23 -128
-128 76 12 7 16 43 46 9
12 38 18 -128 -128 -128 -77 0
0 -1 -27 -67 -40 -22 22 -26
-10 -16 -5 -2 1 -1 -1 -4
-7 -34 -15 -12 0 -128 -128 55
9 94 89 18 -16 -22 -9 4
-6 23 22 -128 -17 -14 19 35
56 84 98 -35 2 -20 -31 -21
87 77 -28 -9 7 77 -128 -128
-128 3 7 2 1 91 97 -128
-55 -7 -11 -9 0 -54 -105 -128
3 -4 17 14 1 4 5 4
44 53 -33 -128 -61 -79 -59 -25
-128 -128 -128 6 64 -86 -91 87
79 -128 33 19 23 -20 -21 27
-128 -128 -128 7 8 23 33 22
-128 -128 -128 23 54 18 3 -128
13 17 22 16 7 9 -11 7
-40 -128 75 12 12 11 81 10
-7 2 8 -9 2 -3 -8 -21
-1 -2 -6 25 17 20 -1 -11
-2 12 14 12 16 -128 -128 -128
44 -128 112 77 -1 -1 0 106
-20 -128 2 5 4 0 1 -18
-128 -5 0 61 -128 61 -11 1
14 21 18 13 5 6 13 7
@ 846584820 60
23 2 -128 -128 -128 -53 11 -6
46 10 -4 1 8 0 0 29
35 -60 -67 -64 -37 47 -128 57
-42 21 49 -17 -47 -66 -18 -39
-34 -67 -33 -11 43 42 27 -8
44 85 90 57 7 0 8 13
-22 -15 78 -128 23 -15 9 -17
37 9 10 19 -6 -24 17 57
32 54 -128 7 -1 11 -128 26
-128 -128 -128 -128 -128 -128 -128 -128
49 82 -128 87 1 -23 -15 -12
50 42 31 8 15 -1 -3 8
35 20 -10 -7 19 27 35 82
55 55 58 33 -5 -128 -12 2
0 -11 32 13 -128 -2 -3 -33
41 22 -16 -26 -2 37 -128 37
22 6 -35 -34 -38 -8 38 41
17 7 -128 22 7 12 45 -128
99 14 -25 -37 -31 -28 63 94
29 3 12 32 1 1 22 27
-41 -79 -1 55 -1 -1 26 47
-80 -57 25 -85 -37 1 -128 -128
-45 -50 1 -15 -3 9 4 -8
22 66 100 100 69 28 30 8
-24 -34 -3 -42 -35 -23 14 -12
29 30 41 16 15 15 38 61
-12 -128 -53 -39 13 -33 -59 -53
16 29 29 8 14 23 5 2
-32 -32 -30 -46 -128 -15 1 -12
-45 37 41 -29 -76 -48 -32 -47
8 -30 -4 -10 -8 -3 3 5
-13 -2 -2 2 74 19 -4 -31
-45 -63 17 6 -16 -21 -14 -13
60 50 37 3 -3 -16 -1 47
-128 -32 8 -7 1 4 -61 -128
6 14 46 -128 -128 19 20 4
5 35 52 31 -12 -44 -39 -21
34 24 26 21 -53 -101 -49 21
-128 -128 -4 -4 -128 -128 -128 -128
6 5 12 3 12 15 -12 -35
-128 -31 34 56 30 67 71 15
-1 -23 -7 64 40 36 43 -21
8 -11 -45 -128 -128 8 -128 7
30 14 -25 -37 6 7 7 17
-128 97 103 6 1 -53 0 49
106 -128 107 61 86 86 -128 -128
58 -25 -128 -128 -30 2 54 92
94 42 -15 -45 -25 25 49 78
49 -70 -88 -64 -16 -35 -28 -38
50 40 25 4 4 24 26 16
-76 -7 6 14 19 4 -12 -49
55 63 29 -4 -24 -24 8 24
5 -23 -28 -3 26 37 16 33
33 -8 30 35 42 47 13 21
14 7 1 -16 34 8 -16 -14
-128 -23 5 0 7 3 -128 -128
0 70 111 -128 117 70 -3 -38
44 32 -26 -69 -26 -4 7 33
-45 -34 -52 -128 -85 1 1 -52
17 -25 -10 11 28 17 14 18
@ 848697696 20
-5 -7 -7 21 21 9 9 10
12 -46 -79 -37 -20 4 -3 -4
-38 -128 -65 -29 15 15 15 -23
9 -9 -17 -19 -10 32 38 31
44 48 38 8 9 -37 -20 28
-5 -128 -25 -2 16 31 14 1
-128 12 7 25 -4 -98 -104 65
-24 -9 21 30 16 -8 -28 -51
-10 23 31 29 5 -7 -4 -35
3 21 43 32 7 -45 -38 0
-128 102 108 -128 108 71 76 -87
-128 -128 -128 -128 -128 -128 -128 -128
33 -21 -25 -27 -43 -26 7 20
24 -12 -22 -20 -7 20 43 32
74 21 -128 -128 -128 -6 28 59
-4 27 10 -45 -92 -128 -85 -128
-5 -26 -37 -35 -12 -13 -28 -21
-128 -128 15 55 48 -4 48 67
-10 -7 33 46 43 13 11 -71
-4 3 11 3 3 -24 -13 3
@ 852728189 60
-1 -1 1 2 2 5 0 -1
0 0 1 0 0 0 0 3
-2 2 56 -128 4 -1 -2 -3
0 0 3 8 2 1 0 0
25 -2 -11 7 8 23 68 -128
-3 6 22 14 0 1 -2 -7
2 -35 -36 0 -128 94 100 19
-4 -4 -1 -2 27 33 17 0
8 -9 -11 0 15 2 0 6
40 -10 -27 -35 -10 0 26 49
-5 -11 -13 51 66 67 19 5
15 20 3 -8 -8 2 11 3
81 37 -4 -11 -6 1 10 45
16 27 31 33 51 44 27 20
44 -17 -35 -29 -14 3 14 41
45 45 43 -5 -29 -24 -1 24
-1 -7 -6 -6 0 4 12 11
8 4 -1 -2 -1 1 9 7
-5 -2 2 18 14 13 -29 -35
-5 1 5 5 21 11 1 -11
-6 -10 -10 -2 31 40 37 0
37 12 0 -12 -11 -8 1 -1
18 1 9 -2 18 -128 55 22
-74 -48 36 22 35 56 14 -62
-8 15 24 52 34 -10 -64 -51
-2 21 48 -14 -7 28 43 -10
1 9 17 13 10 13 4 -14
48 40 20 62 -5 -4 2 -128
27 75 20 -7 -13 -7 -1 1
25 -11 -39 -36 25 45 53 38
41 29 17 -6 -38 -128 -89 -26
6 -5 -6 -7 3 3 -1 5
-22 -128 -59 -30 -25 22 24 19
0 -4 -6 -10 -7 10 30 25
-15 -60 -66 -18 8 24 31 1
9 -2 -12 -17 -12 -8 4 7
-3 46 51 12 -1 -33 -48 -32
-39 13 47 55 36 44 16 -33
30 2 -13 -19 -6 -9 -9 8
-45 -55 -36 -1 30 32 34 -14
2 6 38 18 1 -1 0 0
6 14 23 6 -1 -2 1 4
1 2 7 4 3 -1 -1 -1
64 -128 28 -60 -35 15 6 27
4 -18 -46 -128 -26 16 18 11
-28 -5 2 3 1 -37 -36 -32
-128 -128 -38 -30 6 3 -11 -51
-5 -41 -128 -128 -128 -128 -14 -71
50 26 3 -11 4 39 54 38
3 -9 -5 -25 -16 0 8 5
15 -5 -45 -42 -11 41 51 39
26 11 -6 -11 -3 7 21 34
-48 -43 -35 -38 -36 -128 -128 -128
13 0 3 0 -10 -27 -4 10
-6 -25 3 30 33 11 32 3
5 -17 -47 -31 2 11 3 6
27 28 14 -18 -32 -39 -17 3
19 -9 -27 -39 -11 10 12 15
32 15 -16 13 7 8 13 33
0 0 -1 -6 -4 -3 -3 -5
@ 853759261 60
-3 -6 24 -1 5 2 0 -1
-18 0 26 34 -18 -15 -6 -12
-1 -12 -14 -34 -10 61 -128 9
5 3 5 3 -4 -6 34 4
7 26 36 -5 1 3 5 4
9 5 34 49 31 5 16 9
15 19 0 0 -51 -128 -72 0
-2 -6 -2 1 2 -12 -8 -16
12 -10 -9 -10 48 -128 -128 53
-32 -31 -26 2 64 54 57 -30
-16 -8 58 64 45 -20 -54 -23
-114 -128 -62 0 8 -128 -128 -128
54 64 32 37 0 -25 0 54
9 48 56 32 10 -21 -37 -21
26 34 23 -39 -16 -28 -43 -33
5 -1 4 1 4 5 7 6
-128 -128 64 -49 80 -128 -128 -128
-49 -10 -14 -17 -41 -128 -128 -128
-1 -1 3 -6 -7 20 38 -14
26 44 52 26 21 30 71 21
-4 -6 0 22 33 16 14 0
-21 24 20 -3 101 -128 -128 5
77 -128 106 73 77 -29 -3 -4
1 11 44 4 4 0 -8 -9
-20 -30 -19 15 16 37 -128 49
-128 -128 -71 31 24 21 11 -23
-4 -26 33 46 46 24 1 -50
-128 -84 -22 41 72 75 52 -62
69 27 -11 -11 9 18 69 -128
42 -7 -6 1 11 26 -1 20
84 -128 39 -8 56 60 56 41
-2 17 82 74 14 -26 -21 -15
110 -128 102 84 87 89 93 82
26 32 66 42 -3 31 38 44
50 37 21 0 -128 -128 -50 5
-60 -128 -49 -24 38 48 56 13
3 32 40 32 3 -20 -30 -25
-29 -36 34 -128 81 -128 -128 -57
8 8 5 -2 -2 -7 -4 3
8 5 5 -22 -128 -128 -128 -7
21 -1 -8 0 -2 0 2 4
27 -1 -17 -22 -2 49 54 39
-67 37 39 30 42 30 6 -32
10 -24 6 -27 -7 8 -1 -19
-128 -128 -128 5 7 11 -18 0
-2 1 7 6 2 -3 1 0
5 0 12 2 -8 -12 4 -4
30 -128 -48 -128 -128 96 83 58
76 -128 46 -5 -16 -16 30 64
-128 -128 116 -39 -128 -128 -44 -128
-22 -18 -5 21 -21 -44 -25 -16
33 24 5 -35 -44 -38 7 38
33 -32 -15 -19 -5 13 30 48
-46 8 51 66 32 -8 -35 -68
47 57 57 64 42 32 3 8
-15 -6 -3 -2 90 -128 -128 56
23 62 18 11 26 39 10 2
106 21 -5 -32 9 4 -13 57
33 37 25 -6 -26 -28 -24 3
2 10 6 -10 -128 -128 -128 -128
@ 853955174 60
-3 -6 -2 21 25 -3 -4 -7
3 4 1 -1 1 0 -3 -2
-7 -8 0 17 -128 24 12 -3
-5 -18 -16 -2 0 7 7 11
-2 3 -4 -10 -5 3 -4 -4
-10 -5 5 2 2 6 7 -3
-2 -1 6 -13 11 0 -1 -3
11 9 12 -1 -11 -13 -6 4
-3 -9 15 -128 -128 -128 -128 9
3 -1 -3 -3 -4 -2 6 3
-4 -48 -6 3 6 2 -4 -1
15 -3 -3 -2 1 14 -128 -128
-15 1 2 6 6 -18 -128 -34
0 -2 4 -1 -2 -2 0 0
-12 8 32 37 29 -11 -58 -61
-74 -12 14 22 17 6 -21 -77
7 -2 4 -4 -6 -12 -7 -6
-5 -2 25 -1 14 2 -3 -19
2 4 15 9 23 0 16 15
5 6 2 -13 -13 -24 -3 -5
-1 -13 -6 -2 -2 -8 2 -4
6 4 0 -1 1 -2 -1 0
0 -3 -13 -21 -29 -18 0 4
23 11 -1 -16 -19 -21 -7 10
-10 10 19 16 10 -19 -47 -58
11 7 7 -3 -1 2 6 9
0 -4 -4 -4 0 3 7 6
-9 1 2 5 5 5 -21 -33
-14 -4 3 9 12 0 -15 -33
-5 -27 -7 -2 1 5 0 -1
30 26 6 -12 -21 -19 -1 26
3 0 -1 -1 -1 -1 3 8
-38 -33 -10 4 8 11 9 -20
17 10 2 -8 -5 -4 5 15
2 -3 -6 -9 -1 4 6 4
11 0 -63 -128 -128 -23 -5 2
13 5 19 21 14 -2 16 18
-2 -2 25 11 1 -14 -7 -15
18 9 16 22 6 -2 8 16
17 23 19 14 13 4 -7 3
-3 1 -2 -22 -17 -10 1 -3
11 11 8 -8 -18 -13 -4 6
1 -9 -8 -5 2 3 1 -4
-2 9 16 16 7 -7 -16 -21
-128 35 -8 -22 -8 2 -128 -128
-1 3 0 -2 4 -1 3 -4
-128 -20 -22 -128 -128 -23 -128 -128
16 -6 -66 -80 -10 6 25 27
-7 11 20 11 6 -3 -5 -11
-4 -1 12 7 0 -5 -9 -7
-34 -7 21 10 18 10 -21 -43
-29 -12 1 -4 -15 -23 -12 -59
11 5 3 -7 -7 -1 11 12
8 -128 -128 -128 -128 -21 16 26
-6 3 5 4 0 -128 3 -128
-59 -13 18 19 -10 -128 -128 -128
9 6 -14 -43 -59 -4 2 8
-128 -128 -34 0 -1 -1 -3 -128
5 -4 4 -29 7 10 13 7
-107 -128 3 8 11 11 7 -63
@ 864909499 60
-128 -33 -15 19 55 75 -128 -128
-31 -25 -2 47 69 60 31 -23
4 3 2 -2 -1 -1 2 2
10 -3 -5 -3 11 19 -128 55
32 -128 48 3 -9 -12 -10 -11
-128 59 31 -12 -19 -15 0 1
7 2 2 2 1 4 6 8
58 61 18 -24 -47 -65 -27 6
18 -17 -34 6 15 25 13 15
0 -128 -128 -67 0 -128 -128 -128
25 -128 18 -7 -11 -6 3 2
-75 33 33 -68 -10 -128 -128 -16
40 35 51 -128 78 50 60 56
12 6 10 -7 -53 -128 -128 4
94 14 -128 38 65 -18 -67 49
-128 -128 -128 -8 -8 0 3 -128
-8 -6 -3 -1 6 0 -3 -7
-128 -128 -128 0 31 39 20 -64
41 0 -34 -43 -25 0 27 69
-128 -16 -38 -81 -71 -128 44 31
1 38 56 62 3 7 -30 -81
8 -1 1 0 -2 -4 0 0
101 -128 -128 -128 -14 -7 -17 116
4 -12 -72 -128 -100 -56 -13 -56
17 34 42 -76 -128 -128 -128 -11
31 18 -7 -30 -30 -128 -22 24
28 11 3 0 3 1 16 14
-40 -60 -31 8 45 -20 0 -17
1 -2 0 6 7 3 -1 0
44 41 -128 -128 0 -47 -49 -15
-24 63 67 -128 30 16 -25 -41
26 -128 -128 -128 -128 -4 10 25
-128 -128 -128 35 -128 -128 -128 -128
-128 -128 -128 -75 80 -128 -128 -128
6 10 27 -8 -5 3 -4 0
-3 20 27 -1 -7 26 39 2
21 -128 82 20 -23 -35 -33 -31
-1 -2 -128 1 17 -128 -128 -128
-128 106 117 -128 -128 -2 -2 28
12 30 34 41 -12 -35 -128 -19
8 8 10 4 -2 -6 -1 5
5 4 2 1 3 1 4 3
44 -128 40 -2 -7 -41 -26 1
-12 -10 -3 -3 15 -128 -128 -7
-128 0 5 -128 -128 5 8 -128
-29 -101 -28 -27 3 41 -128 40
47 44 -11 -21 19 40 40 10
-73 -128 -128 -128 -80 42 0 -57
45 -128 67 16 -6 -16 -12 -5
-40 -128 -35 -31 -128 -128 -128 -128
66 -128 -128 26 -12 -50 3 44
-128 -128 -128 101 -13 -14 -13 5
51 68 67 64 -82 -81 14 50
51 25 14 -24 3 -4 -1 -4
4 4 -2 -3 -2 4 3 2
-128 -128 -128 -52 -128 -128 -128 -128
-29 0 -47 42 42 42 -128 -49
15 10 9 -16 -14 0 -5 -2
7 -47 18 47 47 78 101 57
39 64 16 -4 -8 -7 -6 -3
@ 874539258 60
-12 -8 -1 4 5 1 -9 -14
17 6 -5 -20 -24 -13 13 25
20 3 -12 -128 -128 3 33 34
22 13 -12 -10 -7 4 9 15
2 6 -11 -128 -128 -77 -64 -46
27 19 11 -17 -25 -30 15 20
-22 52 55 -128 -128 14 -18 -36
13 3 -13 -23 -3 13 9 10
1 5 6 2 -14 -73 -53 -10
-18 -38 -42 -60 13 8 6 -4
4 10 30 62 45 -128 12 -22
-5 -6 -2 -2 0 0 1 0
-80 -19 63 54 -53 -128 -24 -75
46 48 55 34 2 -4 -1 32
30 28 10 -7 -8 -9 -8 -1
22 9 1 19 -6 -8 -2 -3
8 -1 1 2 2 3 0 11
6 -15 -40 -40 -15 5 15 10
-128 -128 1 -27 5 -128 -128 -128
-52 -27 2 13 21 4 4 -54
-13 -17 -2 12 20 10 -8 -16
-128 -128 3 25 31 15 -128 -128
25 -5 -40 107 60 13 12 9
-40 -33 -13 3 -128 -128 -128 -13
-128 -128 -10 -3 1 9 7 -11
2 5 5 0 -6 -10 -15 -10
2 74 -128 -128 -128 8 20 2
0 0 -24 -30 -15 0 18 -9
-7 -128 -128 -128 -5 13 20 8
-1 1 2 0 -2 -4 -4 -4
15 27 32 -4 -27 -128 -18 -5
0 0 5 31 26 11 0 0
-6 5 20 -128 -128 61 44 -4
-2 -15 -24 -44 -128 -55 -21 -57
-58 -62 9 3 27 21 -14 -49
6 5 3 10 17 17 20 9
-16 -9 2 8 11 5 0 -12
-2 -8 -7 -4 0 11 13 8
24 16 18 10 1 6 -128 6
22 18 5 -17 -128 -128 -9 11
10 -15 -18 -19 -46 -60 -20 10
4 -3 -17 -38 -28 32 49 15
16 13 3 -13 -17 -14 3 11
-128 9 10 35 16 13 -1 -128
-46 -46 -12 17 31 23 3 -22
15 3 -10 -10 -2 -16 -8 2
-76 -53 -17 -28 -9 -9 -9 -128
8 6 59 1 -128 -128 -128 10
-7 9 -128 -128 -128 -128 84 26
18 4 -10 -39 -21 -5 5 7
42 -128 71 38 38 56 54 19
-128 13 -33 -52 -29 8 -128 -128
9 1 3 3 5 -5 -24 -12
19 23 32 14 -29 -37 -9 -3
0 -2 -5 -12 24 41 14 2
-11 -30 6 11 6 1 -4 -9
-37 -23 3 29 31 11 -18 -34
0 -5 -9 -19 13 44 40 11
-23 -25 12 31 57 60 44 -16
15 5 -19 -40 -32 -11 8 12
@ 887053661 60
0 0 0 0 0 0 0 0
11 4 -2 24 31 21 2 9
36 20 10 -30 -8 -15 -4 26
-1 -1 -1 0 1 -7 -1 -1
30 33 13 3 -10 -22 -21 0
-3 36 74 10 -16 -68 -32 -7
-8 13 22 -32 -128 -34 2 -12
11 -128 -128 -128 -19 11 46 32
-128 -128 14 18 -3 9 6 -128
21 0 -26 -39 8 10 21 15
12 -45 -62 -45 -12 6 50 68
-21 -5 -31 -37 -11 17 -33 -23
33 -19 26 -9 5 23 76 63
-128 -128 53 -128 -128 -21 2 -128
26 18 13 3 -7 -31 -19 -2
24 21 20 -1 -28 -43 -34 -18
-8 -21 -14 -4 -2 3 45 55
13 2 -12 -24 -15 -19 -24 -21
1 39 43 39 0 -31 -30 -17
17 18 3 -9 -18 -22 21 18
-1 0 4 2 2 1 0 -1
31 1 17 17 5 -40 -81 -36
0 0 0 0 0 0 0 0
-2 -2 -1 1 1 12 12 -1
15 10 -1 -21 -29 -51 -23 -29
8 53 55 66 37 6 -20 -26
18 28 8 3 22 -128 -128 9
-9 -20 -17 -41 -128 -128 -68 -19
15 4 29 10 -14 -10 -24 10
26 6 -5 9 39 15 7 8
-28 -56 -66 2 33 34 11 -13
60 88 78 17 -6 1 -6 3
21 -13 20 25 10 5 43 59
24 1 -27 -40 -34 -45 -41 -17
10 2 17 10 17 -11 -10 1
-1 -5 -1 -1 1 0 0 -8
-8 -13 7 29 44 41 22 15
25 41 34 13 -13 -23 -23 -10
50 40 21 -2 -9 -18 -15 -13
15 -11 15 -4 6 17 9 -4
-23 -22 -4 -10 -28 -33 -18 -51
16 2 -10 -10 0 13 20 13
6 42 54 12 6 -7 8 3
80 49 -73 -128 80 -128 -128 -128
46 71 63 42 14 -23 -38 8
62 42 19 -5 -16 -18 1 23
54 74 46 14 -66 -67 -21 27
-2 -26 -20 -16 6 14 25 21
15 2 11 23 16 -5 -6 -1
69 53 14 -15 -21 -15 11 59
12 -128 34 14 -128 -128 -128 21
-7 -2 22 34 19 -25 -106 -30
-26 -39 -2 21 18 -20 -23 -65
30 29 15 -8 -9 -31 0 29
3 2 -3 -33 -112 -79 -2 3
27 -6 -12 -15 -19 36 -128 9
-24 -28 -13 -16 5 17 9 -21
2 -4 12 19 27 25 19 18
11 27 28 -6 -9 -9 1 -1
26 4 -6 1 16 16 3 4
@ 890262920 60
-1 -8 -8 -13 -8 3 59 44
1 -33 -24 -23 -19 -10 8 5
4 -5 -4 -2 2 -1 1 5
6 -6 -8 -30 -37 -28 -15 3
23 22 -15 -14 -14 -5 13 10
-9 -2 17 17 10 -2 -5 -8
42 39 41 24 32 24 2 3
0 -12 0 0 -42 0 36 -128
-15 -37 -8 12 86 60 20 9
4 33 61 -40 -128 -128 -128 -17
27 -3 -4 47 32 104 109 75
10 16 34 37 40 71 33 22
67 52 -17 -128 -128 -128 35 58
-14 29 31 89 -128 14 15 -62
32 13 -21 -43 -30 0 22 33
-128 -62 10 78 -7 -128 -128 -128
19 0 -18 -20 -6 0 7 15
-3 22 32 2 -2 -24 26 4
0 0 0 -128 -62 -31 -53 0
4 -7 7 52 24 9 8 6
48 -128 -128 -38 -21 71 76 -128
-128 -55 1 17 78 6 16 -128
-128 25 65 -37 117 96 -37 -128
-11 -9 28 22 -5 -7 -13 -16
40 26 -8 -31 -26 -23 -12 21
8 1 -14 -23 -5 50 36 23
-7 -128 -128 -24 11 2 18 -6
12 -128 -128 -128 -128 -128 -128 16
52 66 -17 -26 -110 -128 -128 -128
-21 -7 19 29 37 3 5 -22
31 10 5 -6 -8 17 30 5
41 39 33 4 3 61 -128 25
33 -128 61 -128 17 40 56 33
0 10 26 24 20 0 -84 -128
-12 3 6 -4 9 1 10 1
12 32 25 12 -9 26 28 -15
-5 -4 8 12 21 5 12 -1
5 15 29 33 33 -13 -26 -12
14 -16 -29 -5 43 -128 -128 24
-43 -1 96 27 -59 52 55 -28
9 8 8 -1 -1 8 17 41
10 32 54 58 58 42 35 3
47 53 111 -128 46 11 -13 -13
21 13 -128 -128 -128 -128 -128 -128
18 -18 -36 -17 11 48 -128 42
-128 -128 0 -46 -29 0 21 56
7 22 23 -13 -3 8 3 -6
-21 -9 -4 1 2 1 1 -21
8 0 -16 -25 -13 -17 5 12
-128 -128 34 80 -128 20 21 -49
6 31 -23 -128 39 44 57 -14
-2 -1 6 7 1 9 11 -4
6 -30 8 -12 20 10 20 -45
-5 11 14 1 17 -3 -5 -16
47 32 16 16 2 6 9 11
37 44 54 49 -128 -128 -128 -128
32 1 6 -3 2 75 -128 -128
102 97 13 -7 -128 -128 -74 42
59 32 27 -6 -4 37 -128 45
-12 -35 -5 10 -24 -24 -31 -44
@ 891063775 60
0 2 5 7 7 5 1 -1
0 12 6 7 7 -5 -36 -71
10 4 -2 -2 -3 -4 12 14
-2 -16 -13 -22 -5 6 7 4
-18 -21 -15 14 12 -2 -2 -15
30 17 9 -9 -12 -3 21 25
-17 -6 0 -5 2 8 14 0
14 5 -1 -10 -4 4 7 7
-2 -9 -7 -7 -3 -4 -2 2
0 38 44 38 34 0 0 0
-3 -6 22 -15 -31 -16 -1 3
-1 -12 5 -10 6 31 38 20
9 4 -1 -5 -3 -2 3 9
0 -7 -13 -16 -5 -11 4 3
3 1 -2 3 12 6 0 -3
39 37 39 1 10 29 7 -9
36 11 19 -34 -54 -128 -32 11
-128 60 0 54 76 52 0 52
-66 34 80 56 -19 -53 -128 -128
2 2 4 -4 -9 -11 -7 2
32 -51 -2 7 16 -4 3 39
-18 26 28 26 4 -7 -9 -24
-12 -19 -6 -8 -13 -15 -4 -16
3 29 31 15 -34 -30 -17 -4
1 5 16 16 20 -3 -11 -11
44 44 46 32 8 -19 -27 -10
14 19 17 -2 -6 -15 -22 -16
31 15 17 -7 -7 -3 7 21
-1 0 0 0 34 48 68 48
15 -9 -28 40 64 79 95 78
7 9 5 -7 -7 -29 -14 1
-4 -4 1 0 11 0 1 -2
17 3 12 21 11 3 4 -2
-27 -15 6 16 12 -4 -21 -28
27 40 35 -24 -128 -26 13 15
20 -3 -4 -17 -4 5 5 9
20 11 -25 -78 -35 10 31 22
1 -16 -19 -7 18 32 30 22
-12 -128 -78 -128 -128 -128 -48 0
-6 -28 -18 -9 7 11 27 11
49 -22 -31 -25 -1 -3 31 -128
-2 3 36 -128 10 -128 3 -128
-37 -26 4 10 -10 -82 -93 -85
2 0 9 8 6 3 -3 -4
-15 1 8 -12 1 2 5 -13
2 2 -1 1 -6 1 0 -4
-128 16 24 -128 -128 -128 7 -28
4 -4 -5 -2 2 5 7 7
-7 -7 -4 -24 -19 -14 0 -7
-30 -128 -30 2 46 33 39 -13
-43 -23 43 43 18 -6 -25 -50
8 -1 0 -8 -4 -128 -128 -128
1 -6 2 5 5 -1 2 -3
-2 -7 -22 -18 0 29 23 -7
4 0 4 1 9 4 3 0
16 -29 -46 -30 -14 5 34 28
-21 -28 0 10 42 34 36 -6
-16 -10 -3 -2 3 1 6 -11
10 8 3 -1 6 -4 6 4
27 7 7 -11 -19 -20 -8 12
@ 891104988 60
-6 -6 -2 -4 -4 1 -1 -6
0 5 6 5 -3 -8 -26 -36
-128 -128 -9 -11 -7 1 -5 -128
-5 -1 3 21 39 11 1 -44
71 57 39 -53 -128 -128 -10 57
0 -29 -11 -17 -38 -24 13 16
-36 3 19 30 37 18 -3 -70
1 1 3 0 0 0 3 2
-8 -128 -2 -128 -19 -2 4 0
-128 15 9 -5 -9 -12 -4 17
27 20 -1 -128 -97 -73 27 88
-3 -28 -6 22 73 -128 70 50
-36 18 8 -9 -41 4 11 -18
-60 -1 33 57 45 37 14 7
-128 -45 16 23 53 24 -44 -128
6 26 23 0 0 -21 -128 -33
-5 13 50 47 31 -6 -40 -23
-6 -9 -14 -2 2 29 17 2
0 1 -1 -1 0 3 5 -3
-128 -128 -128 37 58 4 -5 0
0 41 41 44 31 0 -21 -128
43 12 -30 -22 -27 -30 1 18
24 27 31 36 23 0 -30 1
-2 0 4 1 3 -1 -7 -6
-3 -4 0 5 14 5 4 -1
27 20 29 0 -23 -16 -22 0
2 -24 18 -34 -67 -24 35 29
5 -1 0 2 3 3 2 4
-2 -17 -16 -41 -22 -2 0 -9
-48 -49 -4 -60 -40 16 -26 -60
-54 -41 -31 -39 -40 4 -19 -72
4 2 4 3 2 -3 3 1
-9 -11 -8 24 42 -128 -128 19
-3 -3 0 4 4 3 2 -1
-4 -11 -11 61 56 24 2 -10
4 2 1 3 4 4 7 7
-16 -10 -4 -4 6 7 8 -4
6 3 -4 1 17 -7 -16 4
-68 -54 -3 0 -19 -26 -13 -54
-70 8 9 13 2 -13 -15 -104
-50 -46 -128 -45 -23 16 21 6
16 7 -7 -128 -128 -128 52 39
-128 -38 5 36 44 52 55 54
-42 -21 -39 25 33 59 62 -8
5 10 8 6 12 0 -3 -1
7 -31 -44 -44 -10 9 -2 -4
4 -22 -128 -52 2 30 35 -32
-12 -64 -128 -128 33 23 9 3
-45 -8 -13 -18 24 -9 -6 -27
-14 -128 12 14 8 -1 3 18
-25 -21 -17 5 42 78 22 -20
6 2 9 21 60 35 38 -1
-60 -55 6 42 66 46 0 -46
-128 -128 2 2 9 7 11 -128
0 -3 -2 -7 -7 -9 -5 -4
0 36 -128 68 34 0 -40 -43
19 -14 -29 -10 -128 -128 2 35
-43 0 25 36 33 27 2 -24
52 33 42 37 14 -40 -43 -24
-26 -12 -23 -51 -18 25 -12 -36
@ 893135989 40
15 48 27 -3 -90 -128 -28 70
0 -4 -6 -7 0 1 2 1
-18 -29 -128 -25 27 -44 -128 -7
-2 -2 0 3 2 5 0 30
27 -15 -16 -8 41 62 -128 27
-65 -45 -22 14 28 -3 -26 -76
71 51 -16 38 36 15 12 60
46 99 105 82 -12 -8 -3 4
2 -7 -7 6 24 50 53 -12
94 81 39 35 96 43 94 70
-128 -128 27 -128 -128 -70 -128 -102
-128 -4 1 -8 -10 -128 -2 -1
-58 -20 2 -9 -21 53 28 54
72 58 -7 -5 23 40 72 -128
-2 6 21 -4 -85 -128 -65 -72
-82 -64 24 10 3 -70 -40 -60
40 7 3 -4 -4 -4 13 30
-22 70 -128 78 36 -5 -27 -45
51 23 0 0 19 23 39 29
-128 -50 2 -27 -24 -17 -18 -57
-36 37 44 36 -24 -128 -128 -93
-1 -16 -5 -4 6 5 2 11
39 40 30 -14 -10 -15 24 7
-78 -128 -81 8 61 40 41 39
-8 -10 19 17 -128 -128 19 -6
0 -9 40 20 -128 60 48 33
-60 -63 -33 21 80 99 43 25
60 23 -58 -15 -49 -128 20 37
-128 3 -30 -128 -128 63 34 -128
-43 -68 4 -128 -128 14 -5 -27
42 32 53 50 54 -128 -128 49
-128 -128 2 81 -128 70 24 -128
-56 -128 -21 -65 -10 55 53 30
-128 56 -13 -128 -107 -17 48 -128
76 -128 -49 -49 -128 29 63 72
24 -128 9 9 30 64 63 -2
-8 -1 24 39 -128 30 0 -7
-39 -16 -17 -16 24 -57 -60 -52
20 -128 97 86 24 15 7 1
14 33 72 -2 -83 41 58 49
@ 893475484 60
-1 8 22 12 20 9 2 -22
-12 -12 -15 -14 -3 6 8 -17
25 -10 -33 -40 -19 -11 15 19
59 39 42 27 4 -128 -128 -128
-7 -9 6 5 7 19 27 9
3 14 22 -2 14 -3 -41 -33
-24 13 27 26 27 43 43 -20
-3 58 62 64 20 -9 -2 -8
0 -8 -17 -24 -14 -4 3 -1
-13 0 5 -4 0 -4 -56 -128
1 -128 -128 -14 -1 1 1 -1
50 47 -128 53 57 24 28 27
8 -1 -3 -16 -8 -6 -6 2
3 12 51 11 26 41 42 38
-2 -1 -1 -2 -2 5 6 3
42 -128 47 62 43 25 -4 -30
-1 -1 -1 -1 3 -20 -128 -27
25 -128 23 -128 -128 -128 17 -128
20 -22 -21 -8 -16 -128 -128 10
1 -24 -28 -19 2 14 18 10
1 0 2 -2 0 -2 2 1
16 9 24 15 43 49 -128 43
1 -2 7 24 0 -1 21 8
-5 -71 -70 -40 -10 39 49 46
1 2 29 39 25 1 -12 -12
1 0 -1 -14 -1 -2 1 0
23 27 -11 -15 21 -128 -128 1
-1 3 6 38 24 8 -1 -2
8 6 4 -1 0 -4 2 -1
3 -21 -43 -29 -3 0 7 6
-1 -3 -22 -16 6 -3 -9 -19
-12 -128 -128 -128 18 8 -12 -20
46 47 43 2 43 1 43 27
0 -19 -57 -66 -62 -28 0 7
-128 -128 -4 6 8 6 4 -128
1 -10 1 1 2 5 6 4
12 18 12 5 2 -49 -60 -24
5 -1 -3 -11 -9 -6 5 5
19 29 -10 -11 7 10 15 3
-4 -43 -14 -128 32 29 9 -3
-5 -15 0 18 29 40 40 25
3 0 5 19 99 70 16 -7
-11 -25 -5 -8 1 4 7 6
19 38 70 60 70 -128 -128 -128
-3 -30 -35 -29 -3 26 36 24
4 7 9 8 10 -128 -128 -40
-1 -128 -128 -128 -3 1 4 2
24 -1 2 6 16 -2 22 27
42 24 60 24 16 52 48 65
-11 -41 -31 -41 -27 39 -128 23
1 2 1 1 1 1 1 -1
0 0 2 43 33 0 -128 -38
8 6 4 6 10 7 -8 3
-5 -7 0 -6 -8 64 37 -2
19 7 -5 -19 -11 -1 4 9
-7 -21 -6 -15 -3 -1 4 0
3 -25 -7 2 3 50 39 31
8 5 0 -9 -10 -1 16 7
-11 -3 12 -1 5 -12 -14 9
9 8 -5 -8 -31 -128 -128 -128
@ 899107479 60
30 70 2 -2 -2 -2 5 14
-1 0 1 16 53 11 4 0
2 -2 -12 -18 0 59 51 8
-1 -6 -4 13 21 15 -1 -2
3 -3 -2 2 2 -3 -5 -8
0 7 11 8 8 -4 -7 -7
5 8 16 7 4 39 42 20
-17 -2 4 34 42 75 22 -7
38 39 18 -5 -3 -3 -2 7
-39 -1 5 -23 -128 -128 -31 -13
13 30 59 32 40 4 17 16
8 -4 50 24 48 32 22 0
21 14 -10 -91 -128 -47 -25 3
-6 -41 -128 -128 -86 -45 3 24
10 -128 41 26 2 -8 -9 -15
11 18 23 14 4 -1 -4 -6
14 7 16 13 8 1 -4 2
-51 -42 -1 38 -2 -29 -12 -35
45 60 29 -3 -11 -18 8 15
22 -15 -32 -26 11 6 10 11
-10 -27 -11 67 28 -27 -21 -32
-10 -14 -8 -54 -74 -24 21 -14
8 14 15 10 -128 12 13 14
3 0 -3 -2 15 21 8 2
-8 -5 11 48 53 37 24 2
30 26 28 66 70 -35 -128 -128
4 -3 -80 -78 23 -3 -2 3
13 32 40 -3 -1 5 15 1
11 14 -7 56 -6 -8 0 -1
-11 -21 47 67 44 -32 -17 -16
-8 -7 -2 -6 -6 1 -11 -14
-128 -128 30 48 -128 -7 11 37
24 -128 49 10 -31 -54 -76 -70
-15 -17 -3 48 56 26 -15 -29
-12 -11 -10 -3 61 58 62 1
14 32 27 22 0 -1 -3 -10
23 3 1 -104 -58 6 8 23
7 13 9 -3 -18 -26 -15 -4
-15 -23 -17 24 -128 22 -128 7
-65 -22 38 15 15 -6 -42 -74
59 -128 -128 9 -109 -128 0 57
3 8 34 -29 -128 -7 2 1
41 31 -59 -45 -24 6 -26 34
-128 -128 0 109 -128 0 -8 -128
6 -2 -128 -104 -105 -25 -2 5
-4 -18 -16 -4 -3 19 11 5
42 6 -23 -60 -61 -29 -14 -9
-1 -16 30 75 -15 -128 -128 -128
-6 1 5 47 48 -7 -45 -43
14 21 6 -41 -19 2 18 11
9 11 6 4 -12 -13 -4 -9
-128 3 1 -6 -8 -11 10 8
100 98 100 -6 -13 -2 -5 -6
-8 -25 -3 -28 2 -3 -1 -1
55 -10 -30 -36 0 35 56 48
21 20 24 -128 -128 4 4 3
2 -2 9 20 -12 -128 -8 -4
8 -6 -3 -2 -1 -68 -62 8
30 34 10 -3 -1 0 2 4
-21 3 7 2 -2 -6 -7 -24
@ 906285655 60
-2 -58 2 3 -24 -26 -2 0
-20 -34 -19 -15 10 48 -128 37
14 1 2 -1 2 0 12 21
42 31 5 -20 -2 8 23 27
30 1 -28 -7 -17 -38 17 33
-22 13 33 41 35 53 47 -24
24 55 52 2 0 0 52 11
-128 -65 -2 5 10 -14 -72 -128
41 -49 -60 -24 -21 -18 14 39
-2 -10 -6 -5 0 0 3 4
-45 -70 -63 28 47 23 10 -19
20 17 32 2 115 -128 -128 26
17 16 4 11 12 67 40 33
23 35 16 2 -14 -18 -22 -22
-10 0 34 33 10 -6 -41 -33
-128 -128 -17 22 28 29 30 4
31 -30 -4 -7 5 12 23 50
12 -20 -27 -17 -1 31 53 48
-2 -25 -3 7 2 -78 -128 -36
49 41 9 13 0 35 40 45
31 -22 43 -128 -128 32 6 -6
-46 -128 -1 6 7 12 13 2
53 65 24 -29 -21 -19 -1 10
2 2 -14 11 93 -128 5 -6
20 -9 -40 -60 -22 9 6 6
-128 -128 -128 -128 50 25 55 65
-11 -87 -128 -128 6 50 53 19
26 -128 -128 -128 0 -128 0 -9
6 -3 47 26 1 -26 -13 12
30 18 -10 -29 -26 0 27 16
49 1 0 -1 0 0 0 1
1 -8 2 -38 -79 -55 -13 -20
-13 -5 13 10 3 -3 -2 -8
-49 -28 3 26 44 50 64 8
-12 -27 -14 -27 -18 0 8 4
-128 -128 16 -128 -128 14 86 -128
4 2 2 2 0 -2 1 2
18 17 19 7 -21 -61 -56 -21
-41 -3 26 49 39 39 0 -43
17 10 15 -17 -13 -7 -1 7
5 23 -2 -16 -8 -16 -39 -39
-8 2 23 15 2 28 29 59
4 30 46 12 -16 -42 -40 -35
-128 -42 -34 17 44 51 66 -128
5 -14 7 -21 9 -128 -128 54
-58 -51 -31 -9 -29 -49 -5 -40
18 -6 -13 -18 3 13 23 16
20 7 28 39 -9 7 48 19
51 48 1 -128 -13 53 27 -128
18 12 29 29 42 42 33 15
71 -128 28 23 16 -18 -1 39
16 66 49 79 59 15 13 -44
23 41 -6 -56 -12 32 55 51
-15 13 -13 -32 -13 -46 -34 -28
1 20 0 0 0 0 -72 -95
21 57 87 51 10 11 13 3
-65 -128 -11 3 5 -15 -35 -65
63 50 21 -31 -11 -1 -16 3
-74 -37 -22 -18 7 28 3 -27
-5 13 31 20 14 -128 -58 -26
@ 907526482 60
42 7 -18 -23 -8 -11 12 29
14 1 -9 -11 -5 3 20 4
0 2 2 -3 9 -1 5 3
25 26 -2 -97 -33 -7 7 17
-5 32 52 64 -128 14 -5 -24
14 -1 -13 -15 -5 4 30 29
19 -3 -20 -26 -13 7 24 28
-19 -53 -12 46 15 -73 -6 15
44 0 -16 -12 15 27 33 47
15 5 7 15 10 20 18 8
0 -128 -8 -1 6 -6 -20 -128
15 4 -13 -28 -27 -12 8 -14
27 -24 -8 -22 -20 4 32 34
-12 -11 2 8 24 8 9 -9
26 32 23 39 27 -33 -12 4
36 31 19 -15 -28 -31 -12 20
-23 -20 36 54 57 65 -128 -90
-16 -26 -15 -18 -9 15 -20 -22
36 41 29 -2 -29 -42 -29 2
66 63 56 42 -22 -60 -108 -70
-5 7 7 3 7 30 32 -128
-59 -128 -128 -39 -29 -44 -128 -128
73 75 32 -29 -35 -43 8 41
-9 -44 -47 -51 -34 -27 1 -6
30 25 2 -13 -18 -11 7 21
-18 -5 10 20 26 11 -16 -27
-10 -5 9 48 -128 -128 -128 6
14 -6 -19 -26 -15 9 21 22
-37 -41 -33 1 49 50 47 -128
12 -6 -22 -30 -11 5 25 23
60 11 34 47 30 -1 -8 14
-30 -32 -7 13 34 20 22 -17
17 22 19 22 1 -14 -8 4
4 -24 -25 -10 9 26 36 21
42 44 21 -13 -37 -46 -19 12
-8 -23 -31 -20 22 40 33 -62
4 -11 -20 -12 -2 7 21 15
6 12 38 58 35 4 6 9
-26 -32 -10 7 36 46 37 1
20 -4 -16 -33 -15 15 31 84
14 59 16 23 37 51 54 7
31 5 -2 4 20 28 52 43
12 61 75 -128 0 0 -55 -20
32 27 -12 -98 -107 -58 42 66
-43 -33 1 18 55 48 22 -34
0 13 4 11 4 0 -31 -45
-37 -56 -35 11 68 -128 -128 -8
66 77 44 9 -48 -58 -31 17
27 20 51 39 29 2 -4 3
-6 -37 -42 -9 35 70 74 43
22 3 -4 -5 2 -5 24 27
105 83 37 29 15 11 -2 -11
23 27 32 33 73 68 43 0
-69 -51 -4 42 57 49 28 -47
2 48 0 3 0 -7 -4 -5
22 11 -3 -26 -22 -4 9 16
0 22 41 32 24 -22 -40 -30
17 -5 -20 -10 2 24 37 28
-32 -13 -10 26 18 6 -14 -41
-37 -25 1 41 54 40 -1 -25
@ 911192480 60
-5 -6 -11 -15 -128 -128 -128 7
-11 -128 -1 2 2 0 -2 -10
1 -128 -54 -15 2 6 8 5
7 5 18 6 13 6 17 71
-24 22 12 -39 20 56 46 23
-15 -5 -8 8 24 15 8 -25
-128 -128 -28 -76 -34 -128 13 -128
-1 -14 49 30 43 35 20 29
11 -9 0 0 -40 -88 0 9
-10 -3 25 28 24 14 8 -4
54 74 56 -128 72 9 -14 8
-5 6 29 -6 -59 -128 -39 -22
29 37 40 44 -128 -49 -10 12
5 4 -15 -4 -15 -8 0 8
-8 -21 -1 27 -8 -11 -7 -3
-24 -12 -2 -26 -16 -52 -29 -41
-4 37 32 20 27 -7 -15 -35
-19 18 37 50 23 15 38 -16
3 6 4 48 53 -2 -2 7
-4 -1 -2 -11 -4 -19 -22 -17
-12 -17 -22 -30 -3 -7 11 -12
21 8 9 -24 -26 -24 1 18
-128 86 89 27 40 35 44 -6
-10 -128 -19 -128 46 -128 28 10
-60 -11 53 0 68 83 -128 -31
54 34 11 -42 -40 4 76 76
-8 11 23 8 -18 -9 1 -18
-11 -30 15 -17 -40 -40 -8 3
-31 -1 13 13 8 -3 -39 -56
-128 -62 15 19 -20 -59 -16 -32
28 34 8 18 -4 -33 -22 -9
-128 -128 -10 -3 -128 -128 -128 -128
70 29 34 7 -9 -19 1 45
-18 24 39 28 -7 -16 -9 -48
2 -58 -31 -26 -8 0 23 14
-2 -6 -1 0 6 4 -2 -7
2 22 29 35 36 18 -11 -22
10 40 101 -128 21 -28 -28 -16
0 -25 19 10 -128 72 -128 22
-14 -9 -2 15 15 -34 -44 -42
-51 -29 9 15 17 5 -32 -128
-128 -128 -128 -19 10 -8 -36 -128
22 34 36 14 -1 -67 -128 -7
3 30 6 11 -3 -6 -20 0
-17 -29 48 28 -40 -90 32 -19
-11 -15 43 46 -128 -128 24 29
-14 8 41 56 57 48 52 12
-33 -128 -128 -128 -10 -14 -128 -49
-128 -41 -13 7 32 16 7 -128
-2 -1 27 18 -34 -39 -11 4
4 4 4 -128 -128 -128 -128 -128
-10 -17 -4 1 7 6 7 3
11 -12 -11 -6 5 10 16 3
15 21 29 100 17 -6 -6 -2
-27 -50 -65 0 15 12 12 0
27 -19 -19 -17 -4 -11 4 85
-1 38 38 18 23 -14 -31 -19
-128 -128 2 2 -24 63 3 -128
-103 -39 24 5 5 5 -19 -128
-21 -13 -21 18 -128 85 7 -39
@ 911980831 60
-12 -9 2 5 10 6 -128 -11
3 3 3 -1 -3 -3 6 1
0 0 0 -17 -4 -10 -6 -1
-8 -4 1 -8 2 9 8 -3
7 1 15 6 8 12 12 8
9 17 12 1 -7 -36 -29 -6
2 -2 1 2 3 1 1 2
-5 -7 -6 -9 -6 6 12 3
-1 -1 1 1 0 1 1 -1
13 5 3 -15 -14 1 20 20
-1 13 16 -2 -7 -19 -21 -26
15 15 14 25 25 25 8 8
0 -1 0 0 0 0 0 0
8 13 12 6 3 -5 -2 -4
0 0 0 0 0 0 0 0
-13 -2 16 23 16 0 -5 -19
1 -3 -5 -15 -10 -6 -3 -3
-5 -16 -8 1 11 10 8 4
-1 2 5 1 -10 -29 -17 -10
14 -15 -128 -44 -12 15 26 25
31 26 0 -46 -69 -66 0 14
6 12 18 7 -8 -18 -10 -4
-8 3 18 -10 -19 -26 -5 1
0 0 0 0 0 0 0 0
-128 -128 0 7 22 7 -11 -49
13 0 -41 -45 -22 -2 11 19
1 1 1 1 1 0 -1 0
-1 2 1 -4 -7 -6 -2 -6
-12 -24 -10 -3 8 14 13 1
3 11 17 18 9 1 -4 0
10 15 8 1 -9 -17 -12 -2
16 14 4 -10 -13 -4 8 11
-7 -8 -9 -5 6 13 7 -3
0 -11 4 10 9 10 16 12
0 2 17 6 -2 -1 13 -1
6 5 1 2 2 -1 -2 1
1 1 26 22 1 0 1 1
-50 -60 -26 -16 8 8 1 -14
6 6 10 9 5 11 14 14
-25 0 18 5 0 -6 -8 -35
18 -1 -20 -32 -11 9 21 21
-56 -128 61 44 46 38 -7 -37
10 5 2 2 -8 -11 -2 5
17 15 0 -28 -63 -11 0 30
44 42 44 -12 -34 -128 -39 1
-14 -12 -4 -12 -26 -38 37 -23
31 16 -19 -30 -51 -50 -24 16
1 0 1 2 0 1 9 10
8 22 0 0 0 0 0 23
48 84 46 47 24 25 29 37
-128 -128 31 -4 1 -128 -128 -128
0 1 3 7 0 8 9 5
4 -1 -6 -15 -8 3 9 6
31 28 26 0 -25 -61 -35 -9
16 22 6 -16 -21 -8 11 17
-11 -24 -20 -16 5 3 3 -23
0 -7 1 -2 -2 -20 -17 -10
6 -6 -4 -8 -6 0 9 9
7 -1 -7 -10 1 -6 -7 -4
4 3 4 20 -128 -128 -128 24
@ 916706451 58
3 -4 -6 -6 0 17 24 18
23 5 -14 -13 -2 3 8 5
0 -5 -8 -4 -1 3 8 6
8 -18 -19 -11 8 -128 -128 11
-1 14 59 21 43 9 3 4
-13 -1 15 22 31 -9 -18 -24
-22 -128 -128 3 26 25 24 2
40 15 1 -20 -15 -4 14 24
55 56 55 11 27 26 10 -22
2 25 48 12 0 25 12 9
-128 -128 -22 -18 -128 -19 10 -128
8 36 14 18 8 54 -128 33
-18 -9 -2 67 70 16 -9 -33
5 2 -50 -128 -20 16 17 10
28 2 6 16 1 5 33 -128
-128 -20 55 74 31 42 32 -33
-6 -24 -17 -18 -3 11 18 4
-31 -9 6 11 12 7 -5 -128
-16 -11 -2 3 8 2 -6 -18
-8 -8 1 12 16 6 -5 -10
15 18 50 31 0 40 24 14
-14 -3 10 21 19 0 -6 -15
9 -6 -8 -7 -1 5 13 -1
21 9 1 -21 -128 -10 15 6
0 -11 -17 -41 -10 0 10 6
-12 -128 56 -128 -77 -128 -39 -128
0 -13 -13 -9 1 8 11 -128
-30 1 16 14 13 -26 -128 -128
-5 -19 -13 -13 -5 18 -128 21
-9 -5 5 3 -2 -7 -7 -14
46 2 6 8 7 -128 -128 44
-8 -15 -34 -128 -128 -128 43 26
-6 -3 5 12 9 1 -4 -7
86 -128 83 1 -19 -22 42 0
44 20 -128 -128 -128 -17 37 -128
-8 -8 -11 -14 -5 -4 2 -3
5 -7 -1 26 44 46 49 3
-128 -128 -128 12 40 48 27 -1
5 -25 -28 -11 5 7 16 27
6 -1 -5 -5 8 35 36 12
-52 -128 -53 -128 21 80 97 16
-46 -128 -128 57 34 -7 18 21
-115 -128 -97 -128 -128 -128 0 -128
-2 1 6 7 4 -5 -7 -6
51 51 56 70 18 13 83 84
-22 6 17 15 19 2 -128 -128
0 0 2 2 1 -128 -128 -128
-128 -32 3 20 32 25 18 4
41 -128 -34 -128 -31 -6 15 21
7 -18 -37 -55 87 62 5 74
-7 5 15 18 13 -5 -9 -10
62 40 60 -5 -28 81 -128 -128
-43 -128 -29 3 9 15 5 -37
35 33 53 50 53 -128 35 -15
-54 -37 -12 -128 -128 31 30 43
-4 -1 6 5 2 -1 -5 -14
2 -11 -9 -4 2 8 9 6
-57 -59 0 -79 -109 -47 -100 -73
@ 918247050 60
0 -2 0 -4 -4 -6 -2 2
4 1 1 0 1 0 -1 -3
54 39 6 4 56 -11 4 41
-1 -3 -2 -3 -2 -2 4 3
-4 -9 -2 -3 2 8 6 -4
-9 -5 3 10 16 10 1 -7
8 3 9 11 14 13 15 10
9 3 -5 -14 -6 -5 -23 -5
21 9 -9 -13 -12 -25 -22 -12
0 -2 -4 -3 -2 -2 0 -2
-33 15 15 41 24 4 -6 -41
62 20 -16 1 7 6 38 -128
2 -27 -34 -33 -12 -7 2 5
-26 -128 -64 -128 15 66 35 21
21 -28 -20 -2 8 20 12 21
-3 52 78 57 21 -69 -128 -128
-13 -4 -42 -67 -40 -128 -128 -39
-128 -128 -9 -48 -128 -128 -64 -11
-57 16 16 -6 -14 -15 -42 -128
54 63 48 46 18 -75 -38 19
-18 -32 -20 -5 14 15 12 -3
-3 -2 2 4 11 3 -4 -6
-128 -128 -128 3 85 -128 -128 -128
-9 -18 -2 2 5 10 10 -3
55 61 63 28 4 -14 0 10
1 -1 -1 0 0 0 3 2
-1 -1 7 -3 -16 -6 -4 1
-10 24 54 34 6 -18 -35 -39
12 59 74 59 31 -8 -51 -46
-8 -3 -10 0 0 -48 -57 -47
34 -7 -19 -25 -19 -14 31 35
-6 -5 -2 1 6 7 2 -4
24 -128 53 -128 0 -128 -12 -128
-15 -26 3 12 6 -17 -22 -18
11 51 59 9 -53 -49 -15 -13
1 -5 -3 -2 -1 0 -3 -8
-8 -10 -8 -3 9 10 6 -2
-46 -128 -128 30 52 15 10 -39
-66 -53 9 77 53 -60 -115 -128
15 7 5 5 2 -4 -4 2
37 10 -29 -128 -41 3 26 40
14 7 9 -13 -16 -18 -1 7
17 34 39 29 7 28 38 28
-25 -59 -13 8 26 39 25 -17
-2 -3 -3 -3 4 7 3 -1
-19 -14 4 39 51 56 27 -19
-64 -19 -20 7 17 18 14 -1
-10 -13 -28 -26 -9 9 4 -27
2 34 45 10 13 7 -1 -10
0 -25 -85 -39 0 0 0 0
-20 -11 0 9 14 12 8 -3
-1 -5 -7 -24 -19 -22 -9 1
-1 9 10 4 0 -4 -1 -3
13 -32 -128 -128 -30 29 36 40
4 2 -5 -5 0 4 1 2
-22 -10 8 28 31 27 15 -11
-9 -8 -4 2 11 13 10 -1
-16 -13 -6 2 11 10 6 -12
28 -105 -108 28 -128 37 27 37
-17 -19 -20 -8 8 36 34 6
@ 924807150 14
-128 63 76 -128 -128 -128 -128 60
-56 1 -15 -80 -30 -17 -9 3
-128 -128 -30 -3 -10 3 -8 -128
-13 5 4 -2 -12 -128 -128 -28
21 20 0 -128 -128 -128 -128 9
-13 -3 -4 -128 -4 -5 -21 -24
-9 -21 -24 -21 -25 -1 2 -88
-128 -6 28 63 66 -128 -128 -128
0 -128 -128 -128 -128 -128 15 21
7 -128 11 -2 -12 -18 -8 2
-27 -128 -21 -3 -80 -128 4 3
-128 -128 -128 54 65 42 28 12
-9 -128 -128 -128 -128 -128 -7 -6
-128 -128 22 24 14 -1 -128 -128
@ 926744964 60
-59 21 21 -42 19 11 -54 -128
-41 12 -8 -128 -128 -82 -11 -128
5 1 -3 -128 -128 -128 -17 12
-100 -128 21 -62 -24 -12 -128 -74
-13 -34 -18 -65 -128 -38 -20 -45
-128 -26 102 54 -128 -128 -38 -33
13 -128 50 -128 96 15 5 -45
-128 -128 -128 39 58 76 63 53
21 14 11 5 11 11 5 13
-2 26 40 -3 32 36 -15 -61
8 36 99 94 99 62 -28 -11
-39 -9 19 -13 -128 -128 -128 -8
-128 -128 -128 51 43 61 65 -128
35 13 1 -23 18 6 29 -128
0 -18 -29 -22 -16 -128 58 57
8 -26 -20 -25 0 19 17 -3
22 23 38 4 -27 -128 -128 -26
-128 -128 62 3 -3 12 -128 -128
-42 -128 -128 6 21 22 -128 -52
57 56 80 20 52 -128 -128 -24
-40 -128 -128 35 36 -6 8 61
-128 -84 -38 57 -128 -66 -41 -5
-10 1 -6 -9 -2 -25 -3 -9
21 -26 -35 -45 6 31 32 -49
-128 -128 -59 -95 -128 47 -128 -128
17 8 5 10 16 10 5 3
78 -128 -128 73 -128 -23 -29 -17
-70 -3 -23 -128 -128 -47 15 -39
29 -128 20 39 -28 -46 -3 -7
4 0 1 0 -25 -25 -9 10
80 71 25 -38 -128 -128 -128 13
-128 37 43 47 -46 27 78 -14
0 -32 -15 6 -128 -42 15 -9
43 80 62 -10 -29 -22 51 6
-47 -128 -128 25 23 57 38 -128
-10 -8 6 23 21 24 35 22
5 3 1 12 15 9 21 6
55 30 -33 -57 -61 21 29 -128
4 -76 -16 -128 -128 12 12 -32
-25 -17 -44 10 15 -2 -128 -128
2 -6 -9 2 -128 19 20 -23
75 16 17 67 31 -128 -128 -111
-128 -128 29 26 48 43 42 -128
-30 -128 -128 -128 24 -31 -128 -45
1 -24 -27 21 -6 -128 -128 33
10 19 23 -128 -128 -20 -60 -128
-10 9 55 -128 112 75 -2 3
61 106 111 68 77 2 -25 57
-128 -128 -128 -128 -128 -128 30 -128
16 -128 24 -128 -128 -128 -128 -128
28 23 10 -49 -128 -66 -30 1
1 -37 -5 7 -128 -128 59 -13
-38 -23 14 32 21 38 26 -20
-27 13 -47 -128 -128 -17 -128 -128
-48 -9 -9 19 -128 -66 5 -38
22 -128 -128 -128 -31 20 17 -128
-128 -128 8 55 52 21 -1 -82
57 67 53 30 57 19 -128 -25
-128 -128 -128 33 14 -14 49 -128
32 -17 -128 -128 -17 -128 -128 -128
@ 932292343 60
-25 -22 25 36 30 0 -7 -23
-4 2 0 -2 1 -8 -10 -5
8 -4 -4 -3 -3 2 5 10
3 -7 -12 -14 -6 3 10 9
-3 -128 -22 -22 -128 -20 4 10
43 33 11 -24 -42 -36 -17 23
-8 -15 -3 -2 -8 6 9 -1
0 -13 -15 -1 31 -128 15 2
-18 -128 -42 -40 -28 -18 -9 -5
15 65 35 0 0 -1 -3 -4
-15 -13 -9 -7 -15 -64 -13 -15
32 5 -7 -64 -41 34 59 81
-68 -50 -28 -67 -12 14 14 -38
19 4 48 -128 -128 -128 68 52
-13 -13 -8 5 18 22 29 -2
27 19 -6 -27 -19 -5 8 20
1 14 25 38 47 32 5 -20
-10 -1 9 16 30 9 -9 -17
58 42 -2 -3 4 2 8 57
-7 4 5 8 10 0 -16 -22
-9 -32 -1 -6 -26 -49 -30 -7
0 25 26 20 0 -57 -60 -46
11 20 35 37 24 -18 -18 -11
8 -4 -6 -10 -5 6 12 2
-128 -128 -128 -14 -9 2 -11 -35
59 41 11 -13 -5 -4 0 5
55 53 -8 -44 -6 11 76 82
1 -9 -13 -10 6 4 0 -1
17 25 14 -12 -24 -34 -27 -2
5 71 73 37 -22 -26 -21 -15
-2 -16 -24 -18 0 12 10 -2
-18 -22 -15 8 4 0 13 2
12 -6 7 16 20 45 88 62
-1 0 4 24 25 16 9 7
23 2 -11 -23 -14 4 21 27
9 9 31 33 18 8 -128 -1
15 -13 -23 -27 -7 15 34 35
-11 -8 12 31 30 10 -11 -11
4 -5 22 48 50 1 5 7
-23 -20 2 28 27 17 7 -9
-128 51 81 51 74 91 33 64
47 38 21 0 -16 -1 20 40
-12 -28 -33 -35 22 13 37 21
11 11 12 9 5 -3 6 9
-21 -128 8 12 10 3 -4 -13
-6 -5 13 49 33 6 5 -6
21 -8 -1 4 6 25 48 43
-3 -37 -44 -19 0 16 33 21
28 20 -10 59 -128 -128 76 28
42 6 0 1 11 22 35 47
57 22 11 50 -128 44 5 24
-1 -24 -27 -17 -19 -14 -5 -3
3 -7 -2 -7 -3 7 42 29
8 1 -4 -13 -11 -1 12 13
-31 -46 -20 -2 -18 -73 -65 -44
23 -30 -16 -4 6 -33 -62 -22
47 28 -2 -12 -13 20 71 -128
-2 -7 -11 -4 1 1 6 11
39 3 -3 -8 -3 15 69 71
0 2 10 13 3 2 -22 -21
@ 932301409 60
-128 -128 -128 -7 0 11 21 0
-3 -7 -6 -2 7 18 22 4
-2 -2 4 16 12 5 6 0
-8 -6 4 22 26 17 -2 -8
-11 -8 -4 5 14 23 23 3
-3 -9 -2 -1 27 69 73 -7
27 3 0 -2 -108 -128 3 11
49 42 7 -15 -22 -21 7 47
0 -13 -14 -11 -5 4 18 19
-128 -47 -128 -10 -9 -20 -14 -7
9 24 32 17 10 8 -41 -50
-8 -18 -6 -14 -14 -23 -3 15
-9 -2 7 16 15 -11 -22 -27
-26 -25 19 28 -3 -36 -29 -22
-3 2 4 4 -8 -22 -17 -11
-8 -5 2 12 13 2 6 -2
21 23 34 33 16 -16 -5 12
14 19 14 -1 -3 -11 -5 -2
-4 4 15 14 10 -1 -4 -2
14 19 38 17 -13 -32 -17 9
-27 -31 3 -7 20 25 30 -128
-6 -12 4 -17 -19 -18 -8 -8
8 3 -8 -10 -16 0 28 26
-18 -25 0 1 49 44 45 -4
25 3 2 -11 -4 0 5 17
-3 -24 -29 -25 -9 3 16 30
3 -4 5 9 19 18 17 9
-18 -21 -11 -37 31 27 29 -8
21 12 0 0 6 -3 0 13
28 63 71 42 1 -28 -20 -10
39 15 2 -47 -38 -19 2 36
-8 -6 -1 -5 -5 -6 -3 -8
3 2 1 0 3 3 5 4
0 25 26 23 2 -8 -19 -128
1 -7 6 18 -3 -10 6 0
-23 -20 -10 -25 2 -5 13 -20
-2 3 9 12 19 -2 -6 -9
-6 2 2 14 0 -128 -16 -128
19 -10 5 16 20 -12 -24 -6
-10 -21 -9 14 14 20 21 12
3 -128 -29 1 1 43 58 -128
-33 -13 1 20 39 36 -5 -46
-25 19 20 9 21 -1 -41 -61
-5 -13 -1 37 46 75 76 52
-26 -28 -18 -2 34 61 65 -1
0 61 45 15 -7 -18 -19 -22
2 0 -2 -5 -5 2 4 5
2 14 5 3 1 -17 -32 -28
0 2 0 5 0 -27 -36 -21
0 -3 -16 -20 40 55 44 -17
11 26 38 0 -32 -128 -50 0
49 27 -20 -24 -18 0 36 57
-10 -21 -30 -49 -22 -3 -128 -26
9 2 -9 -6 -2 -2 4 12
-18 -15 -7 14 35 15 5 -7
-13 -50 -45 -28 -7 0 24 10
-3 -4 -2 1 2 2 1 -2
-10 -11 -3 12 22 20 20 -14
1 18 22 -10 -15 -18 -7 -3
4 2 -8 21 80 18 16 11
@ 934371977 60
29 26 15 13 3 -51 -17 3
3 2 4 3 -5 -23 -1 2
0 20 65 56 0 -128 -128 -128
-4 26 28 3 0 -1 2 -6
-2 9 21 7 -3 0 15 -1
1 -3 -9 -9 0 0 0 1
-39 -13 42 76 54 1 -31 -37
-16 -4 -4 15 32 7 -12 -29
5 -18 -28 -128 -128 -11 2 6
-2 -7 -6 -2 2 2 7 4
7 11 18 10 -4 -19 -16 -9
-128 -67 -71 6 39 28 -103 -128
6 0 -1 -4 -1 1 5 10
67 54 14 -4 -10 -49 -2 47
18 24 25 0 -128 -128 -128 10
26 17 4 -11 7 -2 17 26
39 72 35 -30 -26 -29 19 35
-19 24 31 49 38 27 11 -10
-22 -12 -11 9 8 -3 -21 -12
41 34 30 -1 -35 -75 -48 9
7 -128 -128 -128 -14 2 10 8
19 -2 -3 -7 1 35 68 51
-13 -20 6 -128 117 49 50 -15
9 -10 -46 -19 0 10 12 10
57 17 -34 -43 -31 31 75 -128
-7 -42 -55 -29 6 23 22 21
-1 -1 20 6 18 26 20 3
0 4 7 23 32 14 4 0
37 66 76 -8 -23 -128 58 37
-1 -7 -8 -5 -1 -4 0 1
-128 -64 -52 -6 5 21 22 2
52 60 49 9 13 -15 -13 -1
-36 -128 -8 6 12 5 10 -19
0 10 10 6 0 -11 -18 -26
-67 -5 -5 -5 8 -46 -44 -39
-2 -11 -11 -16 -3 4 5 1
5 -1 -10 -72 -58 -128 -128 4
-3 19 30 26 25 -128 -128 -49
10 9 0 -10 -15 -20 -17 -15
38 7 -16 6 21 36 60 52
43 31 16 4 1 21 29 22
2 4 7 -2 -8 -8 -8 -5
-128 -128 -128 -128 -128 -128 -128 -128
-128 -128 53 -48 -79 20 -128 -128
24 35 18 -27 -34 -27 -17 -24
76 66 13 -25 -27 -20 3 -128
-27 4 12 12 12 7 -6 -56
0 -9 5 12 -3 -80 -44 -19
-12 48 62 42 50 47 43 -10
65 59 8 5 4 -2 -2 14
8 0 9 12 9 -1 2 6
0 4 5 5 0 -36 -31 -16
-128 -128 67 -24 -17 5 24 -128
2 -2 -2 -3 -6 25 48 8
-11 -13 -9 -6 34 99 -128 60
13 -2 -46 -15 3 12 14 14
1 -2 -1 -4 -1 -3 -2 0
15 10 14 3 0 -2 -3 0
17 19 20 15 -128 -128 0 14
0 3 6 4 1 -3 -6 -7
@ 938282702 60
-20 17 23 22 9 -16 -22 -31
-2 -5 -3 1 5 4 2 0
-5 -9 -7 -1 -1 -8 -5 -5
25 63 75 62 5 -19 -36 -32
12 8 4 -8 -3 -7 -3 5
0 -2 1 2 -2 -3 2 0
-2 11 17 10 6 -1 -4 -2
15 14 22 2 2 -10 -8 4
2 2 2 -3 -3 -2 1 3
18 48 7 -1 -2 2 13 12
-12 -26 -15 2 -6 -22 -4 2
9 5 -2 -16 -17 -3 10 10
12 -25 -81 -61 -2 6 20 21
-17 -15 -7 0 12 -4 -15 -12
69 -128 -128 -57 -6 31 59 65
4 7 6 8 7 -5 -5 -2
26 -13 -22 -2 18 -26 1 -2
-2 0 6 9 15 7 2 -9
15 0 -3 -4 -1 0 12 16
12 24 19 9 6 -3 -9 -16
-10 -14 -19 -7 1 -31 -32 -24
8 9 8 2 9 8 11 1
-7 -22 -25 -19 -5 -1 18 5
2 13 7 -2 -6 -8 -8 -4
-4 4 5 -2 -2 -6 -6 -8
-5 -1 8 2 1 -2 -4 -7
26 25 26 16 68 68 25 -35
100 -128 43 78 -128 -128 -128 46
-128 -128 -128 70 -128 -128 -128 -128
2 -4 -23 -32 -12 2 12 4
0 12 -7 -32 -32 -10 -7 -28
7 6 1 -1 1 2 5 6
-5 12 35 21 19 25 18 -13
-128 -128 -128 -128 -128 -128 67 95
24 23 -4 -32 5 16 -6 4
6 9 6 -9 -22 -19 -11 -9
24 20 18 -17 -128 -86 -21 10
5 -1 -5 -6 -3 2 7 6
-66 -8 26 21 37 48 51 -52
31 67 93 97 48 -1 -13 -15
2 0 2 1 1 3 5 4
72 72 -34 -128 -128 12 -128 61
1 0 2 -1 -13 -8 -1 -1
-128 23 0 -11 -19 -18 -13 11
1 -18 -42 -41 -12 5 12 7
17 5 36 17 -22 -82 -42 -17
80 -49 -20 -7 -18 25 80 -128
-82 -33 25 -16 -41 -34 1 -128
-10 30 32 1 5 -20 -23 -28
-128 -128 44 10 3 30 39 -128
7 8 14 10 10 2 -30 -24
15 -28 46 -23 -34 -42 -128 -42
3 -1 8 6 -8 -15 -11 -6
13 3 16 14 8 -11 -128 -10
4 -1 -4 -11 -7 0 -1 0
-4 -8 -2 1 2 1 1 -1
8 7 11 8 2 2 6 4
6 -54 -38 -46 -14 -2 3 7
4 11 15 6 7 2 -1 -4
-30 -128 43 36 -12 -56 -84 -43
@ 938365089 60
6 3 -9 -11 -10 2 12 10
0 3 -2 -4 21 15 -13 -15
6 -6 -16 -19 0 5 8 9
0 0 4 3 2 3 2 1
4 6 -5 -24 -25 -16 1 1
-1 4 9 12 19 2 -128 -128
-6 -2 3 15 18 17 5 -15
7 -1 0 -3 -3 2 5 7
-14 -3 2 14 2 -15 -17 -18
3 0 -4 -10 -1 5 3 0
-14 -16 -1 3 9 10 0 -17
-7 -19 -8 5 19 19 16 -3
-23 -21 -19 19 57 51 16 2
20 24 20 6 -128 -128 -128 10
-128 -37 -9 9 19 13 12 -128
9 5 5 -4 -12 -11 -5 5
-3 0 3 2 -7 -12 -6 -7
-22 -18 0 10 12 10 4 -14
-2 -4 3 4 10 9 1 -8
-14 17 25 -11 -128 -128 -69 -128
21 10 32 78 -128 61 -128 27
13 7 8 -1 -9 -10 -1 5
-3 -13 -13 -128 -5 -2 4 3
-128 -128 -128 35 53 24 34 30
-28 -27 -13 -8 4 6 3 -12
3 3 -3 -17 -9 -6 1 1
10 -8 -1 3 2 -5 4 11
57 61 5 -37 -48 -27 -32 -13
-9 -16 -7 -2 2 2 3 -7
14 12 4 2 4 9 5 4
-20 -43 -41 -13 -1 3 5 3
0 -128 -128 -128 -58 -128 11 13
58 43 1 -2 -2 35 38 55
-29 -33 16 48 48 29 15 -128
6 -12 5 12 13 6 10 2
-13 -6 11 13 13 -1 -14 -23
0 -6 -4 -8 2 5 9 2
80 50 20 -15 -19 50 91 76
-128 3 23 21 24 1 -128 -128
39 44 30 -128 -18 26 37 22
0 -9 3 8 10 11 8 4
-5 -9 -6 -4 0 0 1 -4
6 3 1 -1 10 1 -4 -2
-12 -20 -13 -33 -41 -17 35 12
2 14 18 9 -3 -9 -13 -13
-18 -10 28 32 7 -1 26 16
16 -2 -17 12 28 37 43 16
-10 -7 9 13 17 7 2 -8
0 19 -128 20 66 -128 55 -48
19 3 -33 -27 -24 2 26 25
5 -36 -68 -17 -1 1 9 8
-48 -39 -27 24 38 46 30 -34
-5 -5 5 15 0 -9 -12 -7
-128 -128 10 27 25 2 -8 -40
-7 -4 2 -9 2 -2 -3 -9
-8 -8 -12 -9 0 4 4 -5
89 62 -5 4 14 19 57 84
12 12 6 -46 -128 -128 -128 0
-1 6 6 -10 -12 -7 -4 -3
-50 -36 -16 2 9 17 18 -128
@ 938371075 60
-2 3 9 8 6 -3 -128 -128
-3 -7 -14 -4 23 31 51 2
-2 -2 0 5 6 -1 -1 -2
-1 3 3 5 6 5 5 3
-128 -128 -128 -128 -128 -2 1 -128
-2 -20 -21 -128 -128 -7 3 26
26 -1 -19 -13 -14 8 -128 -128
-21 -128 -128 -6 -2 -20 -21 -128
-128 -128 13 4 -17 4 5 -13
50 45 40 7 -8 -7 10 -1
94 -128 33 -11 -11 -10 -5 33
18 -8 -128 -128 -18 -7 21 25
-73 -48 -44 -84 -89 8 74 7
12 0 -21 -31 -26 -7 12 13
25 4 -1 -128 -128 -128 -19 12
3 -13 1 4 8 -2 0 1
37 -32 -4 -11 -79 -128 -15 50
6 0 -3 -1 -5 -128 -128 -13
-52 19 93 23 -8 -52 -47 -68
-44 11 -5 -2 36 -128 -128 -128
61 -128 35 -15 -56 -128 -26 6
-92 -11 14 26 13 2 1 -60
16 0 -3 -1 1 40 -128 -128
-45 -108 -115 1 49 31 25 -2
-41 -23 -21 -51 -42 -15 -17 -59
-25 -128 8 -3 -4 6 4 4
35 46 15 2 -128 0 0 6
-128 -5 -20 -43 -128 -128 -14 -128
-128 -128 -128 -128 -128 5 10 5
14 13 -8 -128 -128 -128 -128 -128
10 -128 -15 -128 -128 24 26 10
-128 -128 -128 4 11 10 21 0
44 -19 -24 -128 -128 -3 29 33
7 12 20 11 13 35 9 -77
-128 -128 -6 0 0 1 4 0
31 4 8 68 84 -128 75 -10
23 13 9 -18 -14 -17 -12 -11
-128 -128 -3 5 6 1 -128 -128
-19 -21 -28 -29 -32 -27 -40 -128
-128 1 4 0 -1 0 6 -128
-128 33 32 0 0 -18 -128 -128
-128 -128 6 7 7 -3 -128 -128
-3 -2 41 -128 -11 -8 0 -1
42 -36 -74 -128 1 -35 -20 24
8 -6 2 6 -128 1 6 -6
1 5 5 -128 -128 1 6 -11
-128 -128 -128 -128 -128 13 14 2
0 -8 -6 -17 -11 0 20 9
-22 -30 -65 -95 -30 34 33 -22
-10 24 33 18 -17 -11 -54 -84
2 -5 -128 -128 -20 -11 -4 -10
-2 8 9 -128 5 -5 -2 -2
-128 -128 -128 -128 7 -4 -15 -128
73 0 -17 -32 -23 0 41 -128
5 2 1 -10 -128 -9 5 13
-11 -14 8 3 4 9 18 10
51 -128 83 5 -3 -22 -22 -10
-30 -6 4 1 0 -5 -2 -23
0 -1 -26 -128 -3 3 -128 -16
-3 -24 -19 -128 -33 -15 -13 -17
@ 938487143 41
8 -11 -34 -42 -12 12 12 9
-4 -1 1 1 -1 -27 -38 -27
3 -18 -29 -70 -9 -3 3 1
5 -50 -76 -27 -14 4 8 6
9 9 -20 41 -3 20 11 9
-20 -80 -67 -15 7 -7 -1 4
4 6 23 51 -128 47 35 -2
-1 35 80 86 38 -1 -1 -1
0 0 1 0 0 -4 -5 30
35 0 0 0 0 32 89 46
0 0 20 0 10 34 24 0
4 7 11 -3 11 4 4 -1
44 8 0 2 3 1 1 9
0 25 89 58 0 -2 0 0
7 11 14 -13 -128 -128 -86 -6
-4 28 8 0 8 29 8 0
-4 0 -10 -8 -5 -1 4 3
2 0 -4 24 18 -3 2 1
1 -3 -7 -4 3 2 24 3
7 2 -4 -19 -16 0 8 4
0 0 0 -2 1 -1 25 40
34 33 64 34 34 29 -3 -4
8 15 19 12 5 24 1 21
53 -128 32 2 1 -2 0 0
12 0 0 56 44 0 0 0
10 10 16 6 -7 -46 -41 -8
64 76 40 0 0 0 0 26
14 26 5 0 20 22 8 -5
5 -2 5 16 17 2 -2 23
15 48 66 42 3 4 6 4
-128 6 -29 -40 -29 -42 -31 -128
0 5 30 13 1 48 -128 -3
0 24 29 25 27 45 25 21
43 26 0 0 35 8 0 0
-20 -128 -16 7 7 -16 -13 -70
-34 -48 -34 30 -128 -128 -128 -40
81 1 3 0 0 33 63 77
2 60 90 -128 2 0 -2 0
47 0 0 0 0 1 33 40
22 -128 -128 -128 -14 0 -10 -12
2 -23 -25 -29 -36 -30 -1 2
@ 938678845 58
87 86 71 -26 -40 -16 25 60
62 53 -29 -8 -17 -21 10 60
0 -54 0 82 0 -41 -66 -31
-52 -49 -56 38 8 -44 -60 -86
-7 -29 -27 2 48 16 17 -16
56 14 8 24 6 -128 -15 42
-128 -14 43 -128 -128 -128 -28 -58
39 41 24 -128 -128 -128 53 26
-80 -128 -12 13 52 -128 48 0
-128 -48 3 -10 -8 -4 34 -128
29 23 15 -21 -30 -6 12 22
-73 -61 -13 12 -68 -62 -128 -128
22 -58 -128 -128 24 49 -128 53
32 44 40 65 59 64 44 22
-53 -128 33 12 -9 10 46 12
0 -128 -128 49 70 38 40 -83
-20 -30 -25 0 53 -128 -128 39
-128 -128 -74 -27 40 10 -128 -128
27 -41 11 -21 -24 -8 5 27
-20 -5 76 76 65 85 79 -26
-34 5 5 -25 -10 -128 -128 -2
36 7 -9 -30 -22 -27 -13 20
-128 56 -21 -128 50 33 7 79
17 5 6 -40 -72 -26 -8 6
13 3 -1 -18 5 31 32 66
12 -17 -79 -16 12 12 38 30
11 1 68 -128 -128 -128 85 61
17 17 -23 -63 -21 -78 -53 3
-128 -128 -128 -128 -128 -128 -128 -128
15 9 3 -77 -66 -54 -10 12
-128 -128 -128 0 -38 -128 0 11
16 -128 -24 -128 -128 -128 -128 55
-62 -3 -2 -16 -27 -23 -21 -128
-42 -28 55 23 -27 -44 -14 -13
-38 -74 -128 73 55 2 -54 -53
1 27 40 -4 -4 -34 -88 -73
-128 -29 -29 -104 75 38 -29 -128
65 37 39 -42 -41 -82 19 38
-6 29 22 19 39 -26 -44 -29
-49 -3 38 -3 -8 23 37 -9
-128 -128 -128 56 -128 -128 -128 -128
-66 -67 -31 -20 -1 13 14 -54
19 -54 -37 -28 -29 -25 43 19
32 21 84 -128 -128 -76 -44 4
55 -128 -128 -128 109 95 55 15
-23 -77 -40 37 -17 -65 33 40
-16 26 26 -128 -39 15 -64 -128
87 8 82 -128 70 51 54 82
-128 -128 -128 76 40 -128 69 -128
-128 3 54 -128 94 62 -128 -128
54 16 -30 -14 45 52 -128 56
66 -128 -30 -34 23 9 37 56
50 31 -1 -20 -128 -19 -1 10
33 26 10 -9 -9 -6 10 25
-128 -128 -64 -42 28 -128 -128 -128
22 -128 -128 -128 -128 -128 -128 27
66 96 99 -128 -128 13 7 -35
-128 34 56 44 -27 43 43 -128
@ 939560840 26
0 -70 -24 -4 1 1 2 3
-128 -128 -8 15 19 12 -2 -38
-21 -49 -47 -63 -54 -53 5 7
3 2 0 -10 -9 -5 0 1
0 -6 -13 -19 2 4 4 2
-128 -128 18 21 20 -8 0 -5
1 1 2 3 1 -1 5 -3
-39 -18 -11 0 4 -55 -106 -128
-7 -25 -9 -2 0 1 2 -3
-4 -7 -4 -1 1 2 2 -1
1 1 1 0 -1 -1 2 1
17 13 11 10 6 4 19 16
26 -16 -21 -128 -25 21 -14 -16
-6 -9 -20 -46 -41 28 22 -8
79 46 79 78 79 70 -41 -11
110 52 -128 -128 12 -128 -128 103
7 4 4 12 41 -128 -128 66
2 11 19 16 -2 -4 -5 -2
11 8 -9 -72 -52 -13 2 8
-23 -8 8 9 14 18 -16 -90
-13 72 86 69 14 -42 -63 -43
26 26 33 -19 -55 -94 -64 -17
-128 -128 -4 -16 -10 17 -128 -128
0 0 0 0 -1 0 7 0
-128 -10 5 8 19 36 45 -83
0 0 1 0 0 2 18 0
@ 939691209 60
-1 -1 3 29 97 99 13 0
21 -8 -7 -5 -4 -3 1 -2
-33 6 69 4 -22 -25 42 -90
-10 15 40 54 38 54 31 -10
-33 1 -33 -128 -128 -128 -13 1
5 2 58 54 42 1 56 -8
17 -128 -128 23 7 56 -128 19
-128 -128 -3 15 39 21 16 -128
42 3 7 64 19 12 19 0
4 -19 -108 -128 -22 17 22 16
-128 -128 -39 -1 15 16 13 -15
21 -21 -109 -128 -128 10 22 15
-45 -128 -128 19 53 -47 -128 -21
50 10 -10 -18 9 26 -128 -128
67 59 56 -1 -18 23 40 47
11 -128 42 0 0 -10 -14 -12
-128 -128 18 0 -128 -128 -10 -128
-4 -9 -4 -10 53 -128 -128 21
95 -128 -2 -2 54 61 4 64
-37 -3 -3 -128 -55 62 66 -128
38 7 3 -128 -128 -8 37 15
55 -56 -41 -1 12 33 52 52
30 6 2 -7 -19 -128 -128 5
39 -12 -3 -8 46 -128 -128 39
-128 24 25 -128 -128 -26 -128 -128
-16 -6 6 22 20 -2 12 -7
-128 -128 -128 -128 13 -128 -128 -128
47 -128 -128 -128 -128 75 1 -128
-1 3 3 -2 -4 83 88 -128
47 -30 -8 4 10 9 15 44
-4 -2 31 31 37 -2 -9 -6
1 27 -128 30 16 -7 -9 -9
29 44 52 53 77 4 -128 -128
-19 -19 -15 -4 -128 22 23 -17
51 -128 -128 -128 -128 -5 -128 -97
-9 1 9 -15 2 69 79 -2
-80 -76 -111 -128 -128 -128 -128 -128
14 30 -128 -128 -128 -52 -23 0
34 15 -22 -128 -128 35 -11 64
0 0 -47 -128 -71 46 28 7
88 47 -128 -35 -100 -128 -128 -128
59 18 17 11 4 5 34 43
-128 -128 -128 -128 -128 -26 66 0
54 1 -10 1 82 -128 -128 -128
-46 -37 -40 -57 -42 -60 -46 -60
46 61 63 3 2 27 51 58
4 -5 2 27 25 6 1 3
46 46 -3 -128 -128 -128 69 -128
70 52 55 -50 -50 -128 -128 -128
-128 -128 14 -10 -4 51 35 -128
-128 -128 53 12 16 11 -67 -128
-2 -28 -8 -4 7 0 1 2
-17 -128 -37 1 11 20 3 1
1 -11 -16 -128 3 7 5 0
-128 49 17 0 0 -128 -128 0
-128 -128 -3 8 8 -128 -128 -128
-128 19 -38 24 32 27 4 -128
23 3 -85 -128 -36 -18 -1 -7
-9 -20 -16 -12 -7 7 56 57
53 -128 -128 -128 -5 -128 -128 50
@ 940303808 60
24 3 9 24 18 -5 17 8
-60 -56 26 49 49 -29 -128 -128
-32 -32 -55 -50 -26 -39 -34 -63
-6 -6 9 7 -13 -11 -2 -2
3 -1 -1 -7 -5 -11 -5 -4
0 -1 -1 -5 -6 -4 0 0
-45 32 117 -128 88 58 48 -8
0 7 31 36 26 -2 -4 -18
-111 -47 -8 29 52 34 -10 -85
-7 10 32 22 0 -40 -96 -34
-36 7 41 -128 46 44 12 -43
29 27 33 34 14 4 16 19
-3 -8 -5 25 53 42 10 -1
-128 -128 -86 -31 -30 -2 -15 -46
8 7 -5 -27 -51 -59 -15 -1
-118 -128 6 23 37 25 -19 -50
-4 16 45 60 45 12 -48 -102
-128 -56 -12 4 4 -2 -4 -128
-128 -128 -16 4 14 14 -128 -54
-30 -32 -15 12 28 19 13 14
-128 -128 -3 9 10 -4 -5 -128
-9 14 24 24 10 -4 -11 -17
35 34 20 -7 -30 -48 -40 -2
0 -43 -44 -31 -21 0 30 68
-128 4 10 18 19 5 -128 -128
1 -34 -8 -4 0 0 -1 0
43 -128 111 18 16 1 -12 -7
-9 -32 -10 -2 -10 -34 -3 1
-18 6 13 9 6 -8 -128 -64
7 14 17 34 30 27 9 -45
11 37 48 78 37 14 -1 -27
-25 8 12 44 46 7 -21 -38
0 -28 -29 -9 10 -3 -14 -10
-19 -3 3 5 30 -7 -46 -128
-128 -24 19 17 18 5 -1 -128
25 6 0 -1 0 22 33 34
-15 -21 -6 -1 -8 -42 -44 -35
5 -25 -45 4 9 48 55 26
-128 -58 -19 13 70 67 46 -14
-3 7 35 -4 -7 30 -128 41
35 29 33 7 -17 -27 -21 12
30 10 -20 -38 -28 -36 12 19
-22 -6 18 55 78 35 -6 -15
-128 -128 -54 -15 100 18 50 -128
-20 1 7 34 41 9 -128 -16
-67 -76 -55 5 40 47 -3 -51
-23 -7 25 -128 25 1 -11 -23
-1 8 0 -7 3 28 4 -12
-4 0 1 1 15 -3 -19 -21
-22 -20 4 4 -2 -10 -5 -18
-13 50 83 -128 52 29 4 -18
-22 -128 6 1 4 7 10 1
-15 59 84 65 26 60 65 15
24 -16 -50 -28 32 74 -128 59
0 -14 -5 0 -4 -12 28 29
-44 2 33 87 -128 40 -17 -83
-14 -36 -30 -37 -18 -24 -29 -28
-15 -9 -11 -3 4 5 -7 -46
15 -5 -36 -128 -87 23 28 24
-128 -9 6 -128 76 45 2 -43
@ 940364499 60
-3 12 21 21 13 -10 -18 -15
-38 -18 3 39 54 50 28 -8
12 -8 2 6 4 6 35 44
-6 2 11 16 16 5 -10 -15
-28 -34 -15 13 30 54 53 17
45 74 35 -62 -26 69 70 41
-48 -10 28 45 39 -7 -8 -61
13 -17 -47 82 51 -128 -113 -75
37 -128 50 -84 -128 -77 -64 -67
-32 -38 -30 7 -128 -128 -128 3
-31 -62 -42 -29 -11 1 34 1
23 11 -8 -15 6 5 10 17
62 42 -4 50 47 54 21 58
-43 -70 -77 -8 12 45 25 10
-7 -15 -4 11 37 54 27 6
-53 56 60 69 73 -128 -128 -128
-11 -2 10 15 12 1 -9 -14
-15 -16 -14 33 57 59 37 2
-70 -4 120 46 0 51 39 48
-128 -49 -24 1 28 31 -4 -128
20 19 26 5 -15 -1 22 25
13 -3 -3 -18 -19 -5 -7 1
43 31 12 -12 -29 -32 -14 17
-4 -14 -8 1 41 23 6 7
-5 -22 -4 5 20 23 22 7
25 -14 -21 -13 14 -6 -1 0
20 60 59 5 -17 -32 -33 -15
95 76 45 -16 -12 19 47 68
5 17 26 12 -2 -16 -17 -8
-25 -33 -38 -21 34 13 24 0
-41 -51 -128 -39 5 -14 5 10
0 22 69 58 37 0 -39 -35
23 14 19 21 11 -7 -18 -4
52 31 1 -32 -33 -24 11 42
4 7 18 22 15 -2 -13 -14
7 23 60 46 2 -25 -28 -22
23 6 -5 -17 -18 20 37 33
-120 22 13 39 -128 -128 -128 11
0 -6 -15 -24 -18 -14 14 18
-128 -128 -128 -128 -128 -128 -128 -128
31 22 4 -13 -20 -13 4 24
48 42 12 -22 -38 -27 4 29
-35 -42 -13 14 42 22 11 -18
1 13 15 8 3 1 -1 -11
54 -34 -59 -55 -32 10 -3 23
-50 -128 -68 -45 -43 -48 0 -26
-20 2 32 46 40 12 -22 -31
23 -32 -50 -128 8 19 30 34
-45 -48 -8 7 26 39 37 -44
84 63 18 39 58 58 38 70
27 37 50 6 62 -128 -128 60
12 10 34 47 50 25 -14 -14
11 9 9 6 4 -2 3 6
-21 -11 10 18 11 -17 -31 -33
13 -21 -27 -24 13 65 -128 -128
-6 5 20 32 40 21 3 -20
22 17 14 -14 -22 -29 -9 17
2 -21 -7 40 6 -3 13 6
2 -14 18 -128 -128 -128 -128 63
32 30 7 -17 -43 -39 -11 18
@ 941209558 60
1 0 0 -1 -2 -2 0 0
6 15 8 -1 -1 -1 -1 -1
-1 2 2 2 1 -2 -7 -8
10 7 6 -9 -2 -7 6 6
42 5 -13 -28 -21 -4 9 22
8 7 4 -13 -18 -17 -2 4
-32 27 44 51 5 4 4 -1
-17 6 57 88 43 -128 23 -24
4 6 1 7 10 -1 0 4
18 -19 -14 -9 6 2 -3 -8
0 3 4 1 -1 -4 0 0
-40 -23 -30 -6 35 32 -81 -114
13 28 28 31 23 0 -38 -28
-128 -55 3 22 28 16 -2 -128
-128 -77 -11 57 7 -33 -41 -128
-9 4 -6 -22 -3 -18 -128 -72
1 2 3 1 -5 -12 -4 -3
-1 2 3 2 2 -8 -13 -6
-30 -41 -66 -41 -10 -3 31 30
-51 -128 42 4 0 -52 -55 -128
0 15 -128 -128 30 0 -34 -34
-26 -28 -12 -8 14 7 31 15
31 29 26 5 -14 -26 -11 -15
-3 27 39 -3 39 44 -4 -17
0 -1 -2 -1 0 1 1 0
5 1 -6 -13 -9 -6 4 5
1 -1 -5 -6 0 4 5 2
59 50 25 -62 -71 -47 40 50
-30 -9 3 21 1 -50 -82 -71
-2 -7 -3 -2 -1 -1 1 -1
13 -14 -22 -101 -37 2 14 16
90 -2 -7 -9 -6 23 -128 -128
1 2 2 0 -1 -2 -2 -2
-9 13 43 12 19 -16 -11 -3
-2 0 2 1 -1 -5 -2 -4
-128 -128 14 2 24 -128 80 5
21 -1 -1 26 -128 -128 -128 32
16 25 49 54 93 66 14 -15
-12 8 13 10 9 -12 -80 -80
-1 -9 -2 2 5 4 4 2
47 -1 -16 -11 -17 25 49 45
10 9 3 -15 -60 -45 -4 4
2 4 3 1 -1 -2 -1 0
13 45 51 19 -5 -38 -34 -13
7 5 -5 -18 -27 -7 1 4
34 9 1 0 -1 -7 -23 -1
-1 0 0 1 1 -1 -5 -7
4 -11 -12 -10 -41 -128 -25 25
16 15 16 0 -55 -128 -128 12
8 10 10 -26 -15 -15 -9 -26
-1 -1 2 -2 -3 0 2 2
0 2 4 -2 -9 -13 -7 -2
-1 -3 -1 -1 -2 -1 0 0
3 2 1 -15 -28 -18 1 3
5 2 -5 -10 -5 -2 2 4
-38 -34 19 28 -33 -27 -3 -27
15 9 1 -21 -128 -128 -3 11
9 0 -18 -24 -22 -1 -4 7
5 3 0 -12 -14 -10 -2 3
-2 0 0 -1 -1 0 0 -3
@ 941277612 28
2 1 -1 0 1 0 2 3
6 1 -1 -3 -4 -1 3 2
1 1 1 -17 -9 -1 1 2
37 9 -4 -128 -128 -4 14 26
-19 -128 -128 -18 1 6 4 -6
12 4 2 -2 -2 -2 -1 -2
0 0 0 0 -2 -30 -9 -1
-128 -19 14 11 14 8 -128 -128
0 -1 -2 0 5 18 -128 -2
0 5 6 3 0 0 4 0
-128 -128 -128 -128 -128 -128 6 5
-128 -128 -11 1 7 7 14 -31
2 1 -2 -25 -30 -31 0 1
-33 -27 -4 -1 8 1 1 -23
0 -1 -1 -18 -2 -1 -1 -1
-5 -14 -1 3 7 6 7 -2
-3 -4 -5 -4 11 8 7 1
5 7 1 -1 -2 -4 0 1
4 -4 -6 -128 -128 -9 11 9
-128 -20 5 4 7 6 -14 -128
3 5 2 1 2 2 0 -2
0 -2 -4 -4 0 0 -2 -1
0 2 8 35 1 -1 -1 -1
-26 -21 11 7 10 4 1 -13
-128 -128 -128 -128 -128 -128 -128 -128
3 2 1 -14 -36 -31 0 1
-7 18 26 19 -6 -128 -128 -128
1 1 -2 -3 -3 2 3 1
@ 941505099 60
-3 -2 1 3 7 5 -1 -4
1 1 3 1 0 0 2 1
-2 -1 2 1 0 0 0 -1
2 1 0 0 1 3 2 1
-1 1 6 6 1 0 0 -2
45 -10 -24 -21 -22 -24 63 75
26 3 -4 -24 1 -128 -128 32
10 11 7 -3 -3 -5 -2 6
-1 -6 -9 -16 -8 0 0 -1
9 4 -2 -1 -1 0 3 8
20 13 2 -14 -12 -9 4 20
0 7 10 0 -1 -1 0 -3
9 5 -1 -21 -36 -7 4 7
17 -6 -12 -128 -128 -128 -1 15
0 1 1 2 1 2 10 1
16 15 6 8 9 -128 -128 -25
1 -4 -2 3 2 0 3 3
-6 -2 -1 0 3 11 20 -4
10 5 1 -6 -7 0 7 9
20 36 42 1 -4 -3 -2 1
-128 -128 -4 5 13 10 0 -128
2 3 4 1 0 0 -1 -1
8 9 6 2 -9 -1 11 2
-5 -5 -4 -3 11 14 -3 -8
7 -128 6 0 -5 -7 -5 0
56 76 55 -53 -14 -7 -27 -4
-128 -128 -128 -128 8 10 14 9
7 0 2 3 -4 -5 -4 7
-1 -4 -1 -6 -2 6 17 12
-5 7 -51 -128 -6 3 -5 -8
7 -5 -5 -3 -4 2 9 8
58 -128 0 -17 -128 -128 -73 0
-7 -5 0 -1 -1 -5 -6 -6
4 1 1 0 -1 0 5 5
-1 2 9 -43 0 -2 -4 -5
6 50 82 57 -24 -37 -12 9
26 4 -25 -39 -51 -13 22 27
-1 -128 -34 -14 2 -3 -4 -3
-59 -83 -15 40 27 -18 -32 1
6 -26 -49 -128 -5 1 0 1
-15 -4 30 -128 -128 -26 -28 -10
8 3 17 -5 -49 -128 -63 -15
3 3 1 1 5 5 3 1
5 0 -4 -4 -1 9 6 2
-11 -33 -42 -61 -23 -34 -128 -128
3 1 2 2 0 -15 -10 -4
-17 -16 -1 17 43 87 -128 18
30 9 -28 -39 -17 -5 0 -15
-1 -5 -4 -20 -4 4 6 1
42 4 -52 3 28 3 61 64
0 0 2 2 1 0 1 1
-1 -1 1 -2 -5 -7 -2 -1
-16 -5 1 2 3 -3 -9 -29
9 9 5 1 -3 -5 -3 4
41 15 -1 28 0 -13 1 15
-6 -5 6 -128 -128 -10 -2 -7
39 30 47 27 9 11 42 28
20 15 31 -5 -5 9 14 75
-1 0 -2 -45 -8 4 0 -2
-10 74 -128 -128 32 -9 -12 -15
@ 942473835 60
0 -6 -6 -21 -5 -1 13 4
-18 -16 0 6 5 -1 -17 -18
44 -128 -38 -33 -128 -128 -128 24
-10 0 9 12 7 -7 -10 -23
21 18 16 29 30 72 28 69
5 -22 12 22 18 15 3 12
-7 23 52 30 -25 -36 -30 -16
-7 -7 1 -8 2 16 4 -21
106 30 -128 -128 -102 -49 -128 104
0 0 -10 -34 -7 -11 17 24
-6 -11 -15 -8 1 12 14 10
30 56 43 1 -17 -44 1 2
3 41 34 -35 -24 -35 -29 -26
-14 -74 -79 -4 4 9 9 6
50 -20 -20 -48 -45 -14 19 -128
7 0 0 3 4 -6 -2 5
-128 -4 25 4 -6 -11 8 -128
51 14 5 -35 -74 -45 28 48
78 51 20 -11 11 6 17 62
17 -9 -18 -13 8 -10 -23 35
-5 33 78 -128 70 33 22 -18
11 72 53 10 -4 15 18 0
59 -128 86 41 19 36 18 5
-23 -17 24 38 37 45 47 27
-21 30 31 22 -39 -65 -50 -52
37 12 -6 -46 -36 -21 -21 61
-9 -14 -15 -74 -128 -128 -52 -128
-35 -96 -38 -17 69 80 79 -3
59 51 51 -1 -24 -7 27 27
7 -9 -8 17 53 58 50 16
-2 13 3 -45 -65 -5 29 6
-39 -25 9 23 22 -6 0 -34
50 0 -53 -24 -43 0 40 56
68 27 -7 -71 -38 -9 23 59
2 -1 14 -8 -1 2 23 22
-4 -28 -18 -14 12 -21 17 23
-5 -7 -3 0 6 3 -1 -4
64 -128 -128 -128 -61 27 46 -128
62 51 -1 -59 -62 -74 -44 43
-2 -128 -128 59 22 0 -43 -21
13 -2 14 12 -1 -33 -9 17
32 -128 -99 -128 -54 -21 -16 16
-22 -1 23 0 -7 -18 -36 -31
101 96 -128 -5 33 -128 113 77
-5 -20 -48 -33 -17 26 37 20
5 7 10 -14 -10 -5 5 -5
-24 5 29 22 11 -23 -15 -31
-43 -8 10 14 51 58 -128 -128
-2 -8 2 -4 -8 -14 -15 -18
75 -128 -128 62 -29 0 25 49
15 0 -72 -128 -26 16 24 -14
35 104 110 -128 4 -32 -14 -4
-28 -50 -28 -1 6 -25 -22 -18
40 31 2 -65 -72 -45 -6 19
50 69 35 16 -16 -29 -16 27
70 -128 -128 -128 -128 -128 -128 43
19 18 25 8 -12 -82 -14 16
19 -12 -128 -128 -128 2 17 20
37 -13 -33 -23 6 11 12 34
-128 -128 -17 40 50 61 -128 18
@ 944436171 60
-1 -3 -1 2 3 1 0 -1
1 1 1 3 0 -2 -3 0
-2 -2 1 1 2 3 4 -1
3 -1 -3 -2 38 38 24 2
57 4 -2 -2 6 -2 0 3
2 3 0 -2 -1 -4 -2 1
-1 -2 0 2 2 -1 1 1
4 4 4 6 15 -2 6 -1
-12 -18 -15 -24 -22 -10 2 -16
18 19 47 44 0 -58 -56 -60
-17 -19 -7 -1 5 2 1 -7
-2 -3 -2 -1 0 3 7 3
1 1 7 9 0 -2 -1 0
61 -9 -27 -11 89 -27 70 46
-2 20 12 15 18 -7 4 -3
4 2 6 7 7 -3 -5 -10
-16 -8 -4 12 10 5 -1 -16
4 2 0 12 12 2 -3 -3
-12 -128 -128 9 9 49 61 81
7 15 8 0 3 6 2 4
-6 -17 -17 -13 -1 8 10 4
-55 -28 -5 66 80 62 26 -46
1 -1 2 -3 -1 -2 2 2
13 9 0 -128 -128 -128 -40 12
-24 -128 -17 0 6 11 9 -8
-22 -12 4 8 14 2 -5 -12
6 -1 -4 -1 3 1 3 -1
-7 0 10 20 16 7 -3 -10
-128 -128 2 -13 -62 -59 -5 74
4 4 6 2 -2 -5 -4 -2
-7 -2 4 6 3 -2 -6 -9
-3 4 3 6 4 1 -3 -6
-7 -26 -12 -1 6 9 8 -6
42 -128 -128 48 26 -5 -8 8
11 -4 -3 1 -2 -12 -5 -6
-1 -4 -1 1 3 4 6 2
-24 -6 -5 1 7 7 1 -8
2 9 -3 0 2 6 -1 -2
3 4 5 3 18 7 -2 -1
0 -4 -2 0 -1 0 5 -4
-3 17 44 46 25 -7 -9 -10
0 10 18 12 -28 -128 -128 -128
-4 1 6 7 2 -3 0 -4
-115 -128 -59 45 62 25 26 -46
-7 -5 1 2 2 4 10 -4
19 -16 2 55 57 31 1 12
3 8 10 0 -36 -128 -128 -128
4 15 16 18 13 -128 -128 -128
-128 -128 -7 14 27 20 4 -128
-3 1 2 0 -1 -6 -7 -4
10 2 -2 -2 4 6 6 16
8 -5 -52 -128 -62 1 17 17
6 24 4 -5 -11 -3 5 17
-13 -2 22 104 97 -3 -4 -21
1 -6 -7 -8 4 -12 -10 -1
-50 -18 92 32 11 -38 1 -41
2 2 6 5 2 -12 -2 2
-4 3 25 14 0 -8 -9 -11
-5 -52 -72 -18 -58 -70 -59 -55
5 0 -2 -14 -128 17 24 5
@ 946315636 60
4 1 1 1 4 7 7 6
-1 -6 -10 -24 2 -3 -4 -8
1 2 -3 -3 3 -5 -2 -8
11 20 0 -7 0 -2 1 -2
6 -1 -9 -1 14 74 19 -5
21 11 10 -4 -3 -9 -5 6
-23 -128 -22 3 0 -2 0 0
4 0 0 1 6 19 12 -1
-3 -6 9 76 49 -1 -4 -5
-55 -24 13 6 3 -4 -6 -24
-5 10 10 0 18 -8 -8 -14
0 -1 -6 -17 -1 0 3 -1
54 58 21 16 -10 -51 -128 -83
15 5 14 36 108 -128 -128 60
3 55 58 -128 115 1 2 21
-3 0 -4 -128 -128 -17 2 -11
-26 3 4 -6 -8 -7 0 -128
12 -20 -31 17 1 3 -5 -21
-8 -4 -24 -13 6 1 -8 -34
6 -6 1 22 12 1 11 2
33 8 4 -3 -6 -5 2 -6
1 2 0 -3 -1 -1 1 2
1 30 -13 37 38 17 -14 -8
8 -29 6 -34 1 7 7 -2
3 -59 -68 -77 7 0 4 1
50 15 2 -2 0 -1 -2 9
79 78 79 -14 -21 -24 -9 -10
9 9 0 -2 10 -1 -2 2
-128 55 81 -10 -6 -14 -8 62
5 -33 12 9 11 7 2 1
-128 -128 -128 -7 -3 -128 3 -22
0 5 -1 0 7 36 -128 -128
8 16 0 1 12 10 5 -13
37 -128 -128 -128 -128 42 41 26
28 60 5 -6 -7 -11 -6 -1
-2 7 10 4 2 0 -6 -7
0 -2 1 -3 -4 -5 10 3
-2 -5 2 5 8 8 10 -1
-10 -21 -5 3 6 9 41 5
0 6 -128 -128 47 45 7 11
9 9 9 29 28 -5 1 -3
0 -6 -13 -12 28 -21 -8 -1
-128 -128 -128 4 6 -61 -30 -20
-29 -2 -12 -16 -14 -4 8 -128
0 2 7 6 4 1 -2 -3
-4 -3 8 11 8 2 -2 -8
0 0 7 10 -30 0 -3 -11
-6 -3 2 -14 -29 -11 -2 -9
3 7 4 0 -1 0 3 2
2 3 0 1 -3 7 3 -4
25 -5 -1 15 60 24 30 22
23 10 6 15 34 48 23 22
-6 -51 -57 -8 4 38 26 41
-2 -4 -4 2 9 56 15 -5
-16 -9 -3 2 -4 -13 -10 11
4 1 0 -1 0 0 0 3
10 41 64 84 23 -5 11 16
-23 -128 0 -128 -128 -128 -128 51
-128 -128 110 -128 11 0 -55 -128
9 9 9 9 -14 -75 -46 6
@ 946532982 60
-15 -5 2 4 4 3 -5 -18
-13 2 7 4 3 0 -7 -18
1 3 0 -18 -20 -10 2 0
13 13 11 6 0 -19 0 8
-4 -7 -9 -11 0 21 25 6
2 12 10 0 0 -128 -128 -64
2 -4 -2 -6 -13 -13 2 4
-13 -128 -28 -5 16 22 23 6
-6 1 6 27 27 2 0 -4
-21 -19 -2 5 9 5 2 -11
12 7 7 -1 -2 -5 2 -2
22 0 -11 -54 -54 7 19 21
-10 -128 -49 -6 10 16 17 8
-36 -25 0 5 19 -12 -12 -46
-16 -19 -8 -12 -11 -12 -9 -11
10 10 7 -9 -22 -22 -13 -1
-2 4 13 4 -8 -13 -11 -9
0 -9 -8 -6 2 4 10 8
-4 -9 -10 -19 -16 -13 0 0
-2 -7 -6 -9 -1 4 11 1
0 -3 -8 -25 -4 1 1 3
15 6 -4 -59 -52 -25 4 13
-10 -15 -6 1 7 6 4 -3
-5 -23 -30 -19 14 25 18 25
0 -58 -78 -57 -14 2 8 5
-16 -1 23 29 25 -3 -8 -32
0 -4 -9 -9 0 9 13 8
10 11 14 11 2 -72 -128 0
17 4 -3 7 17 19 18 13
3 8 10 2 1 -3 -5 -2
0 -11 -16 -10 2 -8 -5 -1
-7 3 7 9 9 -2 -7 -11
-55 -128 -29 12 23 -128 12 -25
-3 -5 2 5 1 0 0 -5
13 13 12 3 -128 -128 3 10
-11 -2 7 10 10 3 -1 -11
29 25 26 -45 -54 -77 -21 25
-12 -13 -3 6 14 7 -1 -10
2 2 -1 -2 0 0 6 3
3 15 3 -2 -33 -71 -42 -3
8 9 -2 -13 -16 -9 0 4
-7 3 12 11 -1 -37 -42 -43
-16 -7 5 5 5 -9 -21 -22
8 8 5 -4 -4 3 7 6
-20 -12 9 6 9 -11 -19 -128
4 -1 -6 -4 1 -10 -9 -7
-1 -16 22 -25 4 14 19 4
-16 0 3 4 6 4 -6 -26
-23 -21 -5 5 14 14 5 -3
12 -1 -5 -11 -4 2 12 31
-8 -11 -10 -6 7 8 6 -4
-128 -54 -57 -7 7 15 16 -12
14 10 15 -2 -2 -60 -20 -3
-50 -128 -12 22 34 25 11 -10
1 -15 -15 -1 41 37 39 0
-19 -6 8 12 14 -1 -11 -23
21 28 10 -7 -16 -16 -14 -5
-11 -16 -14 -9 19 19 8 -8
9 -2 -12 -23 -19 -8 4 9
3 7 11 15 15 0 -55 -48
@ 947422891 38
-12 -1 11 14 10 4 3 -8
-8 -3 -1 2 3 -10 -16 -6
-4 5 14 9 10 -6 -16 -20
1 14 13 1 -12 -19 -22 -9
13 16 3 -11 -18 -11 -5 3
11 11 8 4 -4 -12 -5 3
3 3 -2 -22 -24 -21 -6 -4
-128 -128 -128 -128 -8 11 -26 -128
6 -2 -19 -1 18 -13 -6 -1
1 7 12 -6 -9 -10 -11 -8
6 11 8 0 -128 -128 -128 -128
8 18 14 -5 -12 -23 -14 -4
8 4 2 -5 -3 -8 -128 -41
29 5 -11 -17 -19 -20 16 33
-4 2 12 6 2 4 4 -3
-25 -13 22 21 14 3 -4 -128
-40 -38 -128 -128 9 6 14 18
-9 7 13 20 10 -1 -6 -12
0 -128 24 -128 0 -128 -128 -128
8 5 11 4 -5 -11 -1 -1
-128 -128 35 -8 1 -4 -1 37
0 5 2 0 -6 -4 -2 -5
-31 -10 36 0 -21 -12 -7 -37
0 1 -2 -28 0 -26 -7 -2
-19 -128 -10 -6 -16 -15 0 -1
-5 -10 -6 -6 2 3 1 -2
-14 -12 -3 0 8 13 6 -12
-22 -32 -128 -128 15 15 10 -15
11 1 1 -9 -13 -13 2 11
18 14 11 -5 -15 -15 0 11
5 -3 -11 -128 -128 -9 -1 4
-128 -128 -4 9 26 10 1 -128
-4 -6 -5 -128 11 3 -6 -11
14 24 9 0 -128 -128 -128 2
21 25 12 -21 -128 -25 3 12
16 20 21 3 -5 -21 -14 2
6 19 20 10 0 -128 -128 4
-5 11 2 -26 -128 -128 -128 -27
@ 948267589 53
-35 -66 -18 -9 7 6 4 -11
-6 -5 -2 0 5 6 10 2
5 2 -3 -4 0 0 6 4
-24 -8 10 28 12 -128 -128 -23
26 56 37 13 13 -3 -5 11
28 7 1 -11 -9 -7 2 12
51 -30 -34 -11 -12 18 33 48
-28 -35 -18 -7 -128 -128 -128 -7
-11 -24 -14 -128 74 28 26 11
-65 -47 -17 -9 14 24 20 5
13 6 -3 -4 -4 -6 -3 5
0 -2 -6 3 -6 9 14 4
52 25 9 -128 -128 -128 -128 36
43 27 1 -44 -26 -12 -1 21
-47 -128 0 -128 -128 -128 -13 -128
3 0 -5 -18 -9 -3 2 3
16 57 45 3 -33 -49 -21 -5
32 26 13 -20 -23 -7 -2 27
98 50 53 31 -4 -10 -1 -128
23 -128 -128 -128 3 5 5 -22
0 -44 -45 -8 29 29 -128 13
9 27 40 57 62 39 -40 -38
7 -16 7 -48 -112 -128 -128 -50
-8 -128 4 24 20 -5 -5 -24
8 3 -2 -19 -49 -59 -11 7
4 -7 12 37 49 62 66 36
1 1 0 10 -7 8 5 -9
-5 -6 -3 -2 4 6 2 -4
-21 0 5 15 39 -71 -26 -54
-18 -21 -9 3 90 100 23 -19
-27 -28 -128 -128 -128 -3 9 -12
-57 -72 -43 -41 -17 -27 -54 -53
6 5 5 -14 -16 -15 4 7
1 2 2 2 9 15 20 7
-31 -1 -7 -2 31 40 42 4
0 17 45 -128 -128 -128 0 -39
10 -38 -61 -128 -11 16 33 26
1 -1 -2 -5 5 8 10 5
11 6 -6 -38 -34 -19 5 8
-1 41 -1 -128 -17 -45 -128 -128
10 7 -58 -128 -58 1 22 19
61 31 -2 -32 -85 -65 -34 56
-3 -14 -7 -1 6 2 1 -1
-21 -29 -6 4 18 20 11 -9
39 30 67 66 7 56 69 56
-3 2 2 6 12 12 -1 -19
30 55 50 1 -14 -9 -11 -49
-19 -14 9 20 28 20 6 -24
20 4 -7 -19 -14 20 21 12
-128 -128 -128 -128 -128 -128 -128 -128
-6 -21 -25 -20 -4 -1 3 -2
-7 -17 26 -34 -74 -46 -13 -14
57 -7 -4 11 11 -9 -30 6
@ 949069116 60
0 1 1 1 0 -1 -2 -1
1 0 0 0 0 0 1 1
-1 -3 -2 -1 1 1 1 0
0 0 0 -1 0 -1 0 1
-10 24 0 -10 18 37 39 -20
-8 -3 3 -128 -128 -5 1 -5
1 1 1 0 0 2 8 7
9 8 12 11 18 8 6 7
37 30 50 54 -4 -6 -3 10
55 28 9 -4 -8 -12 1 63
-3 -3 -1 -2 8 9 7 -4
5 11 2 1 2 4 1 -2
-1 -128 -128 36 70 18 -55 -28
-30 -128 4 -21 7 8 -2 -2
24 15 4 2 4 4 -2 18
72 69 0 -128 -85 23 64 15
-35 58 39 53 43 42 40 7
13 16 9 2 1 -2 -2 0
14 -11 0 8 21 55 -128 62
-1 -10 -6 -9 -7 -7 -4 -5
0 -5 -1 0 2 1 1 0
-1 -13 -12 4 4 -128 77 39
1 0 -1 -1 0 0 1 1
0 31 -128 18 0 -35 -29 -26
-8 -14 -5 33 23 -128 -128 -19
50 48 14 -18 0 0 -9 9
2 0 -1 -2 8 1 2 2
3 32 55 -128 3 -16 -12 -14
-1 -1 -1 -1 -1 0 0 0
4 3 4 -1 -21 -102 -24 -1
4 -11 -11 -10 -4 18 27 23
-12 -7 7 42 -128 35 37 -7
3 -128 -128 71 71 67 57 17
15 17 12 -1 -2 -3 9 8
5 2 -35 -37 -4 -2 2 -1
2 2 3 6 -22 -23 -4 -1
-7 2 9 -128 7 -8 -9 -11
0 1 2 1 0 -4 -7 -7
11 -3 0 1 1 0 6 6
-17 -19 6 12 -128 -10 -11 -32
1 -3 -24 -21 -2 0 2 2
-3 -1 1 1 2 2 1 -1
33 -128 24 -40 58 19 45 6
-34 46 49 -128 -128 -128 -4 -14
1 3 3 3 0 1 -1 6
35 -11 -54 -9 12 16 0 34
2 11 15 9 -4 -23 -25 -14
-3 -1 0 0 1 0 -2 -8
10 6 10 -5 -9 -10 -7 -8
1 1 1 0 -1 -2 -2 -1
5 -128 -128 -128 8 -7 -11 -11
25 24 -28 -128 9 16 25 5
1 1 1 1 1 0 1 1
7 8 11 7 1 -128 -128 -24
-1 -1 0 0 0 -1 -3 -2
5 -128 -128 -128 19 18 14 6
0 10 12 28 0 0 0 0
-31 -40 -30 -16 8 20 8 -5
27 13 -3 9 23 14 6 -2
-7 2 6 4 4 -4 -8 -9
@ 950242829 60
23 63 20 -7 -7 -7 -4 -5
11 8 -17 -128 -128 -128 -128 -4
-2 10 -4 -7 39 91 96 0
10 1 -2 -19 -16 -2 8 13
37 2 43 40 1 17 38 60
-38 -21 -2 31 36 17 16 -21
-37 2 12 37 32 15 9 -54
-24 -40 -41 -37 -42 7 23 -1
-11 8 8 19 21 2 2 -18
31 19 -2 -5 -13 -39 -34 -8
-6 -73 -86 -74 -13 -13 -3 -21
0 -7 -10 16 24 6 3 0
19 34 55 26 1 -12 -29 0
5 1 -3 -13 -13 5 5 3
33 39 19 4 2 -31 -54 -128
34 -128 45 -3 11 18 1 6
58 35 -12 2 10 -12 2 56
40 56 68 21 22 1 8 -10
-14 -14 -10 14 35 36 13 -5
8 8 60 -128 80 57 -9 -6
46 51 46 43 46 -13 10 -13
-2 17 25 5 13 15 3 -15
-36 -62 -10 9 11 4 2 -29
-40 -25 -3 -32 -34 -128 -128 -31
17 2 4 30 45 58 14 1
5 -14 -18 -38 -21 2 17 21
-128 6 -12 3 3 6 6 -128
-23 -26 -20 -1 0 12 13 6
32 25 0 8 16 0 16 27
-17 -44 -42 14 15 3 3 2
3 4 5 4 3 -9 -13 -7
-4 -128 -128 -128 32 -3 -5 -11
8 28 -8 -27 -26 -15 3 -17
-10 -10 22 37 -128 15 16 -10
-1 6 15 8 -1 -26 -13 -11
-57 -9 5 5 6 5 -128 -35
-13 7 35 26 4 -16 -15 -21
14 0 20 15 9 0 1 7
13 22 33 0 -19 -47 -10 -1
26 45 34 -128 -128 -22 24 27
67 -37 -39 -128 -128 3 3 30
-22 -7 17 47 49 11 -11 -21
19 5 -23 -37 -28 -35 -22 12
7 1 2 -15 -50 -128 -55 -37
19 23 11 -65 -12 -13 -6 16
-42 -39 -5 -13 -14 -21 -16 -51
8 5 -16 -61 -7 17 39 8
0 2 19 24 19 0 -2 -7
1 42 45 30 -22 -49 -53 -43
-12 18 21 -128 -128 -2 -2 -11
4 -24 -68 -128 4 7 8 -6
23 27 3 0 6 -19 -22 6
-17 18 31 33 33 -26 -79 -72
20 -128 42 0 -58 -48 -23 0
57 -16 -23 -87 -32 30 54 -128
27 -2 -18 -19 27 -128 -128 -128
15 -12 -19 -60 -30 -56 -49 -10
-24 -28 -4 10 14 -11 -18 -26
-128 -128 28 -13 -16 -13 -1 6
-9 60 110 67 0 -14 -15 -16
@ 953922232 60
1 -128 1 -128 13 -128 12 -128
-1 -4 18 -4 0 -1 3 0
10 10 5 -2 -5 -3 -1 5
4 -1 21 -5 -10 -10 -3 1
21 36 43 32 -18 -54 -29 -2
10 21 22 10 11 -11 -23 -18
15 2 3 5 24 -3 12 15
2 10 29 35 18 -4 -27 -7
0 6 8 1 1 -14 -11 -7
-6 -21 -16 -8 8 10 13 7
-9 -12 -6 3 8 -1 -5 -11
15 -6 -25 -28 -11 2 6 14
-45 -41 -21 12 29 33 29 -128
-26 -36 6 4 -17 -53 -42 -42
-2 0 -2 72 101 72 33 -5
0 13 22 21 9 -9 -17 -18
-128 -128 -54 5 28 21 11 -20
0 0 1 1 2 1 0 1
6 5 3 -6 -9 -10 -6 0
1 -128 -74 -2 8 26 25 15
-36 0 28 33 21 -4 -18 -65
97 68 1 -11 -13 -10 -1 68
-7 -5 -2 3 11 13 6 -3
-15 -26 5 24 38 42 34 5
3 -128 -128 -128 1 -1 1 67
15 9 0 -17 -13 0 18 23
-11 -11 13 17 23 14 -8 -14
14 7 -3 -12 4 10 9 -2
27 12 3 -13 -11 -8 6 21
3 14 14 12 16 -1 -5 0
16 26 24 -1 -17 -31 -23 -4
-5 3 16 19 16 15 14 -14
11 6 -3 -10 -14 -20 -6 7
-128 -128 36 93 -128 12 13 -128
-17 -15 1 12 13 2 -1 -7
22 15 0 25 34 25 -1 15
-40 -29 -31 22 39 49 42 3
2 -9 12 -4 -3 -2 -2 -1
87 62 4 -9 -15 -12 -3 62
-4 -1 -7 -5 4 11 -128 -4
-2 -11 -20 -10 1 36 38 32
12 21 17 29 33 22 31 6
37 27 7 -22 -15 -1 44 43
7 16 20 8 -7 -29 -27 -6
8 26 -2 -8 -5 -3 -1 -5
-2 -128 -128 -128 -5 28 -128 24
-25 -31 -16 -3 15 21 14 -13
0 0 0 0 0 0 0 0
0 -2 0 3 6 14 16 14
-31 -39 -23 6 25 22 15 -8
61 38 22 -8 -22 -21 14 46
0 0 0 0 -128 0 0 0
25 25 14 -1 -16 -13 -5 8
25 15 -9 -49 -39 -13 -2 15
23 14 -1 -29 -78 -55 -3 13
-2 -25 -49 -49 -16 33 33 32
14 17 1 -9 -33 -31 -20 0
-19 -29 -23 20 28 34 33 5
-5 -13 -7 6 12 17 11 0
-12 -9 -2 10 19 19 13 -5
@ 953937597 60
43 12 -9 -31 -39 -35 -34 21
9 30 110 -128 50 -6 -10 2
-9 -8 24 59 65 36 33 -15
-128 -128 -128 -41 -40 11 11 -128
38 21 -29 -29 -4 -22 -46 -128
-28 -9 0 -128 -80 0 59 0
-16 2 37 60 30 9 2 -14
-43 -41 8 75 -128 -128 63 20
-95 -80 -48 -7 68 92 98 -128
-18 -21 -20 -7 27 39 26 11
-28 -2 43 48 9 26 0 -35
-14 -13 -9 4 1 -12 -7 1
-26 15 21 21 23 18 -128 -99
51 -128 -128 -128 -128 -128 17 -128
-5 -128 -41 -4 21 19 25 19
-28 15 -28 102 104 -128 70 21
-5 16 54 74 47 0 0 0
-128 67 -23 -128 -128 -128 -128 -128
17 0 -58 41 63 16 -38 14
-66 -72 -28 -7 24 -29 -90 -128
-128 -128 -59 35 14 -5 2 33
28 -28 -9 -37 -33 -8 35 47
-11 -44 -38 -128 -43 -28 27 21
-128 -128 -128 1 -2 -5 -9 -128
18 38 24 83 40 37 39 32
-1 -17 29 18 19 39 32 6
47 -128 30 -128 -18 -59 -49 -77
-23 -46 13 72 -128 94 100 18
-6 17 49 35 6 -49 0 -12
13 11 7 -2 -18 -7 11 10
5 16 7 -29 -17 -9 -5 -14
52 19 58 102 -128 -128 -128 27
23 50 70 46 47 12 -34 -30
58 -128 0 -13 -14 -19 34 63
26 -29 -40 -40 -26 -65 -22 22
-3 16 71 -128 102 17 18 -6
5 113 120 82 14 31 3 -9
-72 -14 4 -6 -33 -94 -128 -128
-9 25 53 42 31 13 -37 -62
106 47 17 -3 26 58 104 -128
-64 -128 -92 -128 -128 -35 20 -26
6 -18 20 17 28 37 5 -44
-74 -37 -7 -5 15 -128 -128 -128
26 34 112 -128 107 25 -5 28
-13 6 24 53 34 0 35 -2
-128 84 24 -41 -39 -128 -128 -128
-78 26 28 51 39 35 37 -57
21 47 28 21 5 -4 32 -5
-11 10 37 82 -128 26 -7 -24
-128 -128 30 -5 -128 -33 3 -128
-75 -128 -128 -65 -79 -85 -41 -41
35 -128 10 -128 -53 -128 -64 -128
-20 -25 2 12 34 62 64 1
-10 -24 15 48 49 -61 -40 -35
-43 -41 -14 -128 73 46 42 8
64 56 -6 -52 -59 -42 5 25
71 20 -37 -128 35 -14 -15 45
10 -9 51 35 33 94 100 7
-21 -13 43 37 59 33 49 31
-59 -52 -42 -23 5 33 36 -128
@ 954012548 40
-7 -41 -62 -62 15 59 60 11
12 14 19 10 -4 -11 -15 -14
14 10 7 -6 -3 -6 7 9
-2 -8 4 41 101 20 3 4
-128 29 -8 -128 -128 -4 -128 -128
60 84 88 11 -13 -23 -17 -15
28 -10 -36 -128 41 -128 -128 -128
-1 32 33 28 11 -23 -53 -81
-5 10 35 48 42 -6 -25 -28
62 60 43 -4 -11 -23 -23 -4
57 55 -1 -11 -1 -3 1 13
-20 -64 -32 -1 14 18 20 16
0 10 11 9 -5 -34 -48 -35
-128 -128 29 -128 -128 -128 -128 -128
-15 -128 -4 0 0 0 0 1
21 28 23 9 1 -8 -14 -14
59 16 1 -7 -4 9 14 20
-8 1 4 4 2 -26 -53 -43
-1 -24 -22 -16 5 1 3 2
-18 16 43 32 3 -24 -128 -74
-18 -31 -25 31 72 64 27 -1
8 -128 26 20 13 1 1 6
-11 -8 2 10 2 -20 -27 -22
50 -128 -18 22 -128 -128 -128 16
14 -11 -34 -69 -62 -25 15 18
-128 -128 -128 -16 -128 -128 81 104
-12 1 0 0 -1 -1 -2 -33
-128 -128 -128 3 -128 -128 62 65
11 12 1 -3 8 -2 -2 -7
10 -128 -31 -18 56 18 -128 11
-12 -2 34 104 -128 34 27 -14
4 10 18 16 -8 -32 -65 -18
-9 -9 -128 97 103 -128 -128 -128
10 29 21 -15 -36 -44 -25 -17
-2 -1 -7 -16 1 1 1 -2
5 7 -128 -128 -42 -58 -128 -128
1 -1 1 1 -2 -16 -7 1
22 37 21 -12 -31 -32 -12 2
43 6 -16 -33 -29 -30 -11 36
-1 -17 -11 -6 -1 -1 0 0
@ 961296664 60
-2 -7 -2 -3 1 -12 -45 -16
-82 -68 28 11 21 66 51 19
-12 -28 -34 -48 -47 -38 -9 -3
16 26 27 8 -5 0 34 23
14 12 8 2 -10 0 7 10
4 1 -24 -22 2 0 -1 2
73 55 18 -18 -48 -29 10 73
47 50 18 -11 -11 -14 -6 11
19 12 -4 12 12 0 23 28
19 7 -32 -18 -9 10 9 -50
-20 0 11 1 7 -29 -48 -42
7 -128 -24 -128 -1 47 57 -128
-128 -51 -2 2 -4 -26 -12 -128
-128 73 4 14 25 52 80 -128
-13 -17 17 15 -3 -13 -8 -11
-22 9 -10 0 64 69 73 -15
9 -36 -30 -2 33 67 69 20
31 38 6 -11 -52 -47 -21 3
23 -1 -128 -128 0 15 46 47
-10 -21 -4 -25 -19 -15 14 5
19 -19 -41 -66 -46 0 39 62
3 54 57 59 25 -24 -44 -48
11 4 49 12 -5 -4 -1 2
6 -71 -90 -51 -11 -4 2 7
25 20 14 -6 -22 -46 -23 9
5 13 25 46 54 41 4 7
-128 -128 -128 -128 -128 -128 -128 -128
78 52 82 87 -41 -20 13 82
-35 -19 -13 -6 64 89 94 -9
8 -47 -55 -43 -25 -5 15 35
-128 -128 86 86 87 -128 -128 -128
-2 7 13 19 21 36 47 36
-15 0 -20 4 44 11 5 -35
61 55 32 0 -3 -40 -15 45
13 -19 -128 21 0 0 21 18
28 83 88 20 3 -2 -7 -5
47 -128 41 -128 0 -52 0 37
58 -42 -128 -128 -128 -49 20 55
12 21 8 -9 -15 -13 -50 -51
-26 -45 -36 -22 28 35 26 -10
47 57 3 -23 0 -1 22 -7
-72 -42 4 -17 -11 8 -128 -63
-72 -128 -72 -50 -16 7 58 42
-3 51 26 -17 -10 -6 -7 -48
100 18 -19 -3 26 67 -128 -128
45 1 -7 -9 -12 70 70 64
81 21 -5 -6 -5 -13 51 85
59 52 20 -76 -25 5 -5 26
-5 -20 -14 2 3 -3 2 -3
92 12 -128 -62 12 51 70 -128
2 -128 -29 -16 -8 18 49 17
-41 -40 -31 -20 8 27 51 20
28 -3 -23 -16 8 35 36 30
-41 -6 14 50 45 16 -26 -40
3 -6 40 -128 52 -128 3 -128
66 17 4 -6 -5 -1 2 59
6 3 2 0 7 2 2 5
4 5 3 -8 -15 -27 -17 -7
81 79 12 -27 -30 -23 -11 68
-8 7 19 4 -29 -128 -66 -43
@ 964741877 60
10 22 12 3 1 0 1 5
1 0 2 -5 -3 -5 -1 7
10 11 8 0 -6 -8 -4 2
-128 -128 96 -11 -9 -14 -12 56
-128 -128 -11 7 10 -3 -128 -128
-6 -11 -5 6 23 24 18 0
2 0 5 5 8 -2 0 1
14 41 -128 60 -21 -44 -37 0
1 0 2 4 4 4 3 1
11 -21 -50 -128 -76 -80 -41 -23
-20 20 58 66 67 27 -48 -78
21 -1 -10 -12 -7 -15 0 30
-128 -128 23 -7 -44 -37 -47 -91
6 1 15 25 37 59 -128 18
-128 -128 -128 -128 -128 45 0 -128
-1 0 0 -5 5 3 0 -3
79 0 -16 -10 0 -128 -128 -128
-15 -27 18 -128 -128 -128 9 1
30 17 14 21 33 -128 -128 -24
-64 52 55 104 7 -27 -28 -44
6 -1 -4 -3 4 7 6 4
7 -14 16 13 59 0 -60 -16
25 62 48 29 -4 -6 15 50
54 19 -9 -59 -87 -128 -58 14
0 -3 -5 -15 -12 -5 -2 -1
-9 -2 2 0 -6 -5 1 -10
9 -128 -128 -42 -73 -60 0 8
6 6 3 2 1 -5 -4 -3
75 74 63 -23 -42 -38 -6 -4
-1 18 49 13 5 0 0 -1
0 2 3 1 1 -1 1 -3
-128 -128 -53 -92 -128 -128 -34 -61
-6 -2 1 -11 -16 -15 -3 -4
1 1 1 0 3 6 5 1
-10 -8 0 7 15 13 5 -4
7 6 -9 -20 -13 -5 4 6
2 2 6 7 8 2 -2 -4
12 0 -5 -4 1 5 14 14
6 -9 -11 -4 -3 -6 2 13
-128 10 11 -6 7 9 -128 -128
0 -35 -32 -27 -17 61 -128 72
57 103 109 6 -31 -40 -22 4
9 1 3 1 4 1 -1 -2
10 7 5 1 2 3 7 11
-128 -128 -54 20 13 6 7 5
14 11 9 8 6 5 7 3
0 9 40 51 12 -9 -5 -4
-18 -39 13 -8 -32 -48 -40 -24
2 -3 -1 3 14 11 5 1
31 20 10 -10 -14 -17 -1 21
-43 -128 -41 -59 -76 0 44 40
13 39 29 -4 -22 -63 -70 -47
51 45 3 -44 -54 -72 -57 0
-128 -128 -64 -53 0 32 27 -128
0 0 0 -46 -49 -35 22 41
-37 -63 -16 49 50 -128 -128 41
10 8 -2 -65 -80 -23 30 15
-9 -4 18 19 7 -7 -23 -20
20 5 0 -8 -13 -10 7 22
-48 -77 -82 -25 6 -45 -63 -73
@ 966489234 60
-20 -8 -5 45 57 64 44 -12
24 19 4 1 -2 16 54 61
0 -16 16 12 15 -34 10 0
67 -6 -10 10 -128 59 62 -128
73 48 -31 -37 -22 8 90 -128
40 21 18 -10 11 10 31 25
34 46 20 -24 -43 -31 -15 0
26 5 12 42 53 -128 -128 13
42 3 3 0 0 29 42 -128
52 15 12 -2 -12 -14 12 61
0 -11 -13 6 28 25 26 16
7 49 52 49 35 -20 -12 -20
-24 -49 -47 -6 34 47 42 -4
-31 8 13 13 12 -26 -40 -128
107 -128 53 21 -2 -30 -6 54
-40 -58 -37 23 34 58 43 -2
-128 -13 -14 -43 -49 -14 4 -128
-128 -62 -28 -1 5 -9 13 -128
-10 33 115 -128 18 -14 -31 -36
36 22 -5 -4 -1 3 -1 -1
-128 -41 -22 6 53 89 94 -52
56 49 30 -18 -54 -128 0 38
-128 37 43 -4 9 23 -3 -128
9 5 -12 -40 -43 -25 -63 -10
-36 -8 -1 11 34 24 -16 -43
-5 -16 2 37 21 3 -6 -3
49 38 26 -11 -29 -15 2 22
17 -25 30 81 50 67 73 69
21 22 3 0 -4 13 29 39
-128 -128 34 -8 -31 -32 2 -128
-45 -9 34 68 50 55 41 15
-41 7 7 7 29 28 8 -103
-15 62 56 9 29 47 41 -14
-9 16 17 41 -128 -128 3 21
-70 -35 -12 3 43 51 30 -128
56 58 49 3 -30 -51 -20 15
-77 -128 -10 -128 54 -128 66 -128
111 -128 91 40 43 9 -42 -29
19 44 15 0 -11 -128 -20 0
64 66 21 -10 -29 -36 3 37
-7 -15 -2 -32 -25 -24 6 12
-27 -49 -25 8 20 21 39 -128
56 72 73 16 -50 -72 -37 -13
29 -30 -57 -65 -50 -39 31 34
17 39 41 9 -13 -16 -6 -2
11 18 24 24 33 14 17 57
-9 8 31 28 32 8 0 -16
60 30 24 90 -2 2 5 -1
16 55 35 24 8 5 0 1
0 -44 -49 -29 -12 46 64 -128
35 17 0 -1 24 22 27 23
-4 10 20 30 36 22 16 -2
-5 -37 -39 4 17 -4 -5 14
29 35 56 41 33 -2 7 11
-4 -14 -1 -5 9 15 18 -1
90 73 26 -24 -50 -56 -27 62
20 7 0 -25 -27 -128 -13 23
7 -128 -128 -77 48 -128 60 24
63 -128 91 63 -128 49 34 8
8 8 9 52 71 44 30 -2
@ 966498161 60
4 0 0 0 1 -10 -4 1
2 0 -1 -2 -1 -2 -1 -1
-3 -6 -3 -13 -48 -128 -128 1
3 0 -1 0 -2 -2 3 -15
-20 -17 -5 9 14 3 -5 -15
0 -7 -13 -23 -2 -128 -128 -2
6 -8 -1 1 5 26 28 22
3 1 14 73 21 6 8 0
9 4 0 -9 -4 -1 18 19
-26 -128 -10 -1 7 7 10 -11
8 -10 15 15 -57 13 15 16
-9 -11 -1 4 13 3 -2 -2
1 -2 2 -44 4 -49 -9 -7
3 2 8 12 20 14 13 4
31 27 23 -1 -128 -128 -1 10
1 -16 -128 -15 10 27 20 1
-18 -20 -7 3 28 20 20 -7
6 12 58 16 3 4 6 9
2 2 15 16 1 -4 -5 -5
26 -128 -128 -128 -128 12 7 0
-2 -3 1 9 3 -5 0 3
4 1 -13 -26 -31 -14 6 13
-12 -14 -18 1 13 -17 -25 -24
-2 8 9 13 3 -2 -2 -6
-9 -11 14 29 43 6 16 -10
-6 0 4 4 10 1 7 -7
0 4 13 2 1 -4 -1 -5
-9 -9 -6 3 15 10 5 -9
8 11 7 -7 -17 -21 -2 -14
-5 -6 -1 -12 -7 6 17 6
1 7 7 5 1 -9 -6 -12
-15 4 -128 -128 -128 9 2 -15
8 -128 111 71 1 2 8 0
-25 -15 2 -5 -6 -8 -9 -17
1 -1 -14 -128 -128 1 0 0
7 -1 -14 -15 0 -6 -2 -4
2 -5 -4 -10 -1 -4 -6 -2
6 0 -128 -128 0 -128 -128 0
-128 -2 11 12 9 0 -6 -128
2 20 24 10 8 1 -20 -20
2 8 18 24 12 -13 -17 -8
-12 -15 -21 -20 -1 0 -2 -13
-12 -10 1 11 16 7 1 -9
-4 -10 -10 -4 8 0 9 -1
1 -128 -128 -128 -4 -2 -1 -1
-6 -3 -1 4 7 -2 -3 -12
-1 -3 -3 -6 8 7 -1 -1
-8 19 27 3 -18 -21 -26 -31
-5 -128 -128 -128 -8 3 12 8
14 3 7 17 7 -1 7 8
-1 4 14 -4 -18 -39 -39 -26
-24 -128 -128 -10 16 26 49 26
-18 -25 -8 -16 -5 1 11 -1
-11 -58 -40 -128 -80 -26 5 12
15 20 33 27 3 4 4 14
-51 -28 2 4 6 4 -2 -128
-30 2 7 17 10 -1 -17 -35
5 3 4 -1 -1 2 3 3
-19 -13 3 -128 13 -6 -9 -17
-2 -10 -2 -11 -5 -1 6 3
@ 1044497584 60
44 36 4 5 0 -4 8 0
60 57 23 -24 -29 -128 -128 -51
15 7 1 -15 77 64 68 -6
-13 -76 -65 -84 -11 -7 13 9
-3 49 82 77 -128 20 -9 -41
-128 -128 -128 -128 -128 -128 -18 -128
26 3 -13 -10 -14 -15 -128 49
-128 -36 19 -4 10 7 -12 -67
0 0 -46 -47 -62 -65 -72 -12
105 -128 48 30 39 -10 -7 37
4 6 2 -28 -5 19 51 63
-128 111 57 -1 -3 -4 0 13
58 26 -20 2 -128 -128 -128 -25
-4 -1 -2 14 -128 -128 -128 18
45 33 24 38 -22 -24 111 58
-47 -26 31 34 33 -25 -128 -128
-112 -128 -128 0 -128 -128 -128 -128
-8 33 25 -12 -36 -71 -128 -128
28 -27 -128 21 -42 -42 0 19
12 -1 -16 -128 -98 -70 -31 -7
8 0 -18 -34 3 -18 -128 -24
-48 -7 43 113 -128 22 -2 -75
-7 31 -128 30 -3 0 -1 12
37 44 21 -48 -69 -54 -36 -25
12 0 -128 -128 -128 0 13 11
28 13 -5 -9 -22 -16 10 27
-128 -128 -128 -53 -62 -48 -128 23
42 -3 -2 10 17 34 52 54
11 -128 -128 -128 -128 -128 -128 51
-128 -128 -128 -128 -2 20 62 59
-21 -128 -128 -128 -128 -128 1 -17
-24 2 20 2 29 7 -34 -38
57 -128 -53 -49 20 -128 -128 25
24 -128 1 -128 -109 -71 -7 11
54 -16 -8 -15 0 10 49 -128
-63 -128 -128 -128 15 3 3 -49
47 7 -10 -22 -1 29 -128 -128
6 10 14 40 35 -5 -48 -56
9 8 -128 13 2 12 -128 8
-8 -128 9 11 2 -128 1 -9
-1 -7 19 -128 -128 -3 -3 30
-128 -128 -3 -12 -8 -36 16 -128
-4 -9 20 67 62 -59 3 -22
32 51 32 -42 -17 -128 -30 -38
7 -5 24 -2 3 2 -5 -9
-128 -128 -128 -128 -128 -128 -128 -128
66 -128 -128 -128 46 89 95 -128
17 78 81 94 107 98 24 11
-21 7 9 61 10 -38 18 5
-46 38 38 -35 -66 -128 -128 -128
-63 -128 -128 6 17 11 10 9
-7 -9 -54 -46 -8 -23 5 -6
65 65 65 -12 6 -31 -58 -42
28 68 76 78 46 0 -128 -128
41 -3 4 -15 -8 -49 -128 -128
-128 -128 -128 -49 2 27 90 68
-1 3 11 28 7 22 -1 0
0 0 0 -13 -39 -128 -128 -80
-128 -49 4 -12 -80 -128 7 -86
-128 37 20 25 18 34 -128 -128
@ 1097757161 60
-3 -21 -128 -38 -27 -2 -2 -1
0 1 0 4 4 -18 -128 -22
-1 2 0 -1 -22 -97 -128 -33
-128 -128 7 -17 5 6 6 -26
92 77 23 -24 -17 20 -19 41
-3 -4 -3 6 15 20 18 5
30 19 20 0 -25 -23 -6 16
20 5 14 10 4 -46 -69 0
-5 0 0 -1 9 31 11 -35
17 8 5 0 6 15 -11 -15
-1 -6 -6 -3 -1 4 8 2
-4 -10 -7 4 12 6 -1 -6
10 10 8 -4 -5 0 11 11
-128 -45 -47 3 53 42 -128 -128
9 10 -3 -20 -13 -6 4 7
-9 16 28 20 18 -7 -128 -128
0 3 10 24 15 4 3 3
8 -5 -18 -42 -37 5 15 7
-19 -21 -17 28 28 -128 19 -2
8 8 1 -3 3 8 5 2
3 10 20 -3 -5 -6 2 -1
-9 65 91 52 9 -8 -59 -48
-11 38 52 11 -22 -128 -128 -87
0 -7 0 0 0 3 8 -2
-128 -128 -128 2 -5 1 5 7
6 26 6 -16 -16 -2 3 -2
-19 -40 -23 2 37 28 30 -7
19 19 -43 -80 -128 -43 0 21
-6 35 53 40 6 -24 -48 -27
-16 -42 -35 -12 10 22 27 9
67 52 41 14 29 -11 22 67
-18 -11 -12 -128 13 8 8 -14
3 20 16 17 5 5 0 -4
5 31 14 5 4 -3 -2 -8
-128 8 -16 -13 -128 -128 -128 -128
-128 0 27 7 0 -44 -128 -79
31 -128 19 7 -5 -6 -2 10
-15 50 77 76 69 -18 -21 -22
-7 -11 6 -128 -128 -128 6 -15
10 7 13 13 17 29 25 13
-11 -128 -53 -41 -7 13 13 -128
42 27 2 1 7 5 39 54
-54 -67 13 4 22 46 25 -31
10 -128 35 -3 -8 -9 1 0
91 75 33 -3 16 72 -128 -128
100 -128 26 -5 -9 -11 -2 72
48 77 31 49 43 -4 -2 1
0 -16 -14 0 8 9 9 6
-128 -128 -128 -41 2 -4 -7 -7
19 -8 -12 -13 19 -128 -128 -128
-128 -85 -128 13 54 77 78 25
89 -128 -27 -91 -128 1 45 32
4 1 7 14 19 19 16 6
-128 23 12 1 8 16 24 -128
-3 22 8 -7 -1 1 -9 -17
0 4 44 68 -128 29 21 1
-8 13 18 24 19 10 -2 -9
53 -128 -128 -128 -63 -128 -128 -71
4 27 40 -17 49 27 6 -1
25 22 20 -20 -24 -13 24 20
@ 1098449580 60
-10 -1 24 35 28 5 1 -6
52 -128 84 50 22 3 4 -2
20 62 16 -128 8 13 -8 -50
18 -128 -128 18 18 -6 -8 -10
-2 -6 -2 2 -8 -30 -20 -3
43 -7 -7 -17 10 21 12 7
19 -10 -7 -6 19 19 -128 -128
10 17 9 -128 -128 -128 -128 -39
58 -128 -128 29 -10 11 23 13
2 -5 -18 -9 -4 3 3 -2
34 50 5 8 8 0 -9 -3
-7 1 8 9 7 6 -4 -18
-13 -10 14 11 18 20 45 79
40 -5 7 11 11 -3 -3 33
3 -3 39 1 -1 -3 -1 -2
22 3 6 32 10 11 21 22
0 2 32 30 18 1 0 0
18 22 10 -25 -1 8 12 14
6 3 2 4 23 13 0 0
24 21 -1 -1 7 0 7 24
14 28 39 2 -14 -20 18 19
28 -18 7 -13 -18 -4 13 12
24 9 -5 -33 -3 10 59 51
-16 -14 0 -1 -3 -5 9 0
2 -1 38 37 36 0 2 4
64 64 44 19 30 33 17 23
-7 5 11 1 -3 -3 -19 -21
0 -6 -1 17 26 27 29 0
-5 -1 -5 -10 -5 1 0 -6
-12 -128 -28 -59 -128 -89 10 0
3 5 0 -14 -2 6 6 1
41 -22 -13 -13 -15 -11 13 51
-8 -13 47 -128 17 6 6 -1
6 10 33 37 5 2 5 2
35 21 22 0 -2 -1 -3 -3
17 16 4 -10 -16 -24 -14 3
-12 -6 -13 -23 -22 4 14 -8
14 5 -11 -8 -6 11 -128 -128
-128 -128 0 -20 -27 -20 -8 43
22 0 0 0 1 5 31 33
-44 -24 -6 0 -60 -128 -32 -128
-7 -11 -9 -2 6 9 8 1
86 50 55 23 0 41 44 41
1 25 -5 -3 15 -10 -2 4
3 -2 -3 -2 0 -2 -25 -51
0 9 16 24 13 6 -128 -41
46 14 25 23 24 4 49 74
-1 0 6 -1 17 4 38 13
0 -37 -36 -38 0 0 0 -1
-3 -5 1 28 -128 25 8 -4
8 -12 7 47 49 49 42 -4
-2 -9 -5 1 0 -21 -2 -2
-6 -30 -10 -47 -36 0 2 -1
-1 3 -8 -17 0 -1 2 2
15 15 11 12 25 -22 6 13
32 33 13 -1 -34 -52 -24 -7
2 -3 1 3 -3 -7 -13 -6
81 79 67 15 38 13 9 5
7 -22 15 -7 -3 -6 -2 1
30 72 81 -5 2 25 110 93
@ 1100284914 60
4 -3 -3 -1 4 7 4 5
5 -6 -7 -8 -4 -1 12 7
-3 2 3 -34 -20 -7 -3 -5
1 -7 -6 -4 7 14 15 9
0 12 13 13 -128 -128 -128 -128
-22 -5 28 27 3 -31 -128 -56
43 18 7 59 7 -32 -32 -8
2 2 -4 -8 1 13 23 35
0 7 9 9 10 -1 -3 -5
-128 64 40 -5 -7 0 52 68
-13 -10 -4 -3 -10 -22 -25 -20
-8 1 20 19 13 6 12 2
5 62 81 51 36 17 -8 -39
-44 -63 -39 24 45 55 32 -4
24 32 14 -21 -37 -57 -36 -13
4 0 7 6 1 1 1 -1
11 17 6 3 -3 -8 -7 -3
28 -128 15 8 6 2 -15 -7
2 -6 -3 5 7 8 4 5
4 0 -1 5 11 10 3 1
-26 0 32 23 11 -27 -38 -39
88 75 8 -128 44 70 -49 -56
-60 -36 -8 24 27 25 18 -21
16 13 -9 -5 2 16 19 12
-128 -128 0 -48 -57 -33 -6 -128
10 23 1 -5 -3 0 3 5
-128 -128 -128 -128 -128 -6 -7 1
10 6 -5 -15 -19 -14 -3 0
-3 -4 9 53 61 43 9 -21
-6 -6 0 -2 6 54 47 7
40 46 5 -8 0 29 -128 -128
-5 3 15 7 -12 -48 -57 -40
39 22 -16 25 17 -22 -24 -10
-9 -27 -75 -77 -24 -58 -38 -26
50 40 -21 4 -10 -32 -26 -12
25 -128 36 52 25 1 -128 -78
1 1 2 0 1 3 11 4
58 -128 69 3 21 18 36 28
-30 -42 -27 -11 -4 -60 -128 -50
-128 -128 8 -1 1 -10 33 -128
-22 -14 -2 -1 8 9 18 13
28 54 57 -7 -27 -51 -52 -16
-32 6 6 9 -34 -47 -37 -32
15 -19 -19 -9 23 41 54 36
39 28 26 9 -35 -51 6 23
23 22 11 -11 -37 -54 -31 25
69 58 8 -12 -6 30 62 60
8 9 8 4 -1 -53 -40 -27
-8 -49 -48 -1 17 22 32 15
38 94 -128 25 0 -11 -11 0
17 30 -128 73 -39 4 8 10
-39 -128 -128 -128 -128 -128 -128 -128
-42 -128 34 13 8 -31 -33 -29
-2 6 41 10 2 3 3 -2
-35 -128 10 22 46 38 20 -11
15 -52 -44 -3 9 -3 13 34
5 5 1 12 19 6 6 -3
30 15 -9 -19 -17 0 5 16
25 5 -15 -22 -24 -128 -63 -20
-2 -6 -2 5 -128 64 15 -5
@ 1103627406 37
-128 -128 -128 6 17 43 0 -128
21 5 1 11 19 -4 -31 8
-29 -35 3 -33 38 39 3 -24
-9 -15 -17 -16 39 -128 56 -4
-116 17 -128 67 8 -23 -128 -113
68 -128 42 -2 57 46 49 8
-67 -40 13 -5 11 19 69 2
-33 -7 47 89 -128 -128 -128 -13
87 57 21 6 -48 4 17 63
-18 -23 -16 -5 -128 40 16 -12
-128 -22 -9 -2 4 75 43 -32
-12 -29 -51 -128 -128 -44 23 10
115 -128 -128 -67 -1 -5 14 -128
17 8 12 43 34 0 -5 -5
-128 -128 7 -7 2 -14 -18 -128
6 -38 -74 -128 16 -1 -12 -23
-128 -128 -72 -61 -128 -128 -128 -128
-72 -128 -87 -128 -102 -128 -19 -9
-128 5 5 -46 -99 -48 7 14
-21 0 1 -59 -50 -33 -26 -58
12 37 21 41 -128 25 -13 -14
67 -128 81 -1 21 -10 -27 -27
-11 1 -25 23 39 -1 2 -16
-128 -128 57 -15 12 39 41 -128
80 -128 -128 -3 9 8 46 -128
-15 -16 -6 66 71 69 80 -128
41 -128 -77 -128 -84 -128 -76 35
-128 -128 -5 31 -128 -128 59 11
14 16 4 5 18 23 17 8
45 -8 -7 4 59 83 13 2
-44 -38 -17 2 -128 -128 39 -45
-39 -13 16 120 120 -128 -128 -128
23 61 59 61 48 28 -12 -9
83 -128 57 -8 25 32 34 1
-60 0 -128 29 -3 -128 -128 -128
-128 -128 -128 -128 -4 -1 8 -1
-4 0 36 48 32 25 27 -5
@ 1109199754 31
-10 -16 -10 -3 1 16 24 22
26 -5 -20 -51 -41 -29 -3 20
13 6 19 8 -25 -16 22 25
-42 -16 -10 0 42 32 -6 -45
-128 -128 1 0 -128 -7 -1 -128
-128 -7 1 -6 -128 2 3 -128
-128 -128 35 34 -128 3 4 -128
-23 -2 26 26 33 17 -1 -31
-44 -78 -30 9 19 21 14 1
-33 -3 11 17 11 2 -2 -30
8 5 8 -8 -7 -4 9 7
-128 -70 14 -6 2 11 -55 -128
7 -128 -128 -128 -22 -40 -6 8
7 -128 19 36 -57 25 37 5
12 26 27 -19 -48 -38 -4 16
0 1 5 8 -128 -128 -128 -91
35 17 -11 -63 -128 -128 -25 8
-128 -128 -128 -128 -128 99 -128 -128
-128 -128 -128 -1 9 -4 -1 -128
-1 -4 11 2 10 -128 -128 36
-128 -128 2 78 50 -4 -26 -128
21 -21 -1 -28 -49 -128 -4 28
-2 22 -128 -128 7 10 7 -128
-46 -11 -58 -128 -54 2 -88 -128
-128 -76 -41 51 -128 67 71 -128
27 19 -4 -86 -128 -65 5 13
93 39 -15 -128 -128 -128 -128 -128
26 -128 23 8 -10 14 7 2
-77 -128 -5 23 37 13 -10 -30
14 10 16 -128 -128 69 89 81
-23 -24 -12 10 20 19 51 -19
@ 1110580409 45
1 11 18 10 3 -1 0 1
2 -28 -128 -128 -128 -128 -128 -128
-10 5 80 67 -11 -21 -10 -17
3 -2 13 29 5 6 3 2
6 -42 -128 21 13 12 8 2
7 6 2 -14 -62 -128 43 17
10 3 2 -2 -2 -13 -21 9
8 36 35 -4 -6 -8 -8 -8
-1 -7 -5 -6 -3 -4 0 0
73 72 -23 -75 -43 -74 -34 -4
10 10 7 -22 -62 -128 -51 2
-4 -5 -4 -4 -1 -1 -5 -4
2 -27 -128 -128 -5 3 5 1
10 13 9 2 -9 -12 5 8
1 4 7 5 3 -2 -2 -1
-3 -1 5 1 -1 -6 -3 -3
-9 -7 11 4 2 1 -2 -7
-2 -2 3 -1 2 5 8 1
5 8 9 16 18 -6 -8 -5
13 9 2 -33 -36 -45 -24 0
6 1 -16 -16 -56 -28 -1 4
21 71 69 -128 -128 27 37 16
6 -6 -5 -8 -38 -128 -128 -128
2 -6 -18 -27 1 1 8 3
3 -128 -128 -128 -128 5 9 9
-16 -23 -5 -5 3 6 0 -12
-17 -128 -18 5 6 -128 79 7
-128 -50 -2 18 24 4 -128 -128
1 -72 -97 -128 -3 2 2 2
-128 -128 -128 -128 -128 -24 36 -2
7 -16 -28 -22 -15 6 -128 -128
-25 76 2 -6 -2 -5 8 -128
11 8 7 8 5 0 3 16
27 -128 -128 23 -3 -16 -12 -14
-1 0 21 23 1 0 -1 -1
98 -24 7 -128 79 66 19 -128
4 3 61 3 4 -20 -18 4
1 5 7 1 1 -2 -6 -6
-4 -2 1 1 -1 -3 16 3
69 12 4 1 -6 -14 39 70
55 -128 1 -128 1 1 -128 -128
7 -14 -4 -7 0 1 0 1
-3 -3 0 4 -1 -7 -8 -7
0 3 8 0 4 2 -4 -7
12 20 19 -4 -12 -12 -8 0
@ 1110925124 45
-2 -27 -29 -24 2 5 12 3
7 -4 -7 -1 4 2 2 2
-4 6 10 9 7 -1 -4 -13
1 16 33 13 7 -6 -8 -8
-3 1 15 19 16 2 1 1
-128 21 32 -128 -128 -58 1 30
-15 -128 -128 -128 -44 -36 -4 -12
-128 -128 -8 0 8 34 39 -128
-23 -13 6 11 20 19 9 -23
47 -128 13 -18 -12 -15 -5 20
-7 -5 7 22 24 14 -4 -9
-128 -128 -10 14 17 8 8 3
20 0 -128 -19 0 10 21 25
34 33 -6 -20 -20 -28 -23 -5
0 -13 -7 -40 -128 -128 -5 3
6 0 -6 -21 -128 -5 13 -1
6 -1 -2 -3 5 13 1 -11
12 2 -6 -14 -7 3 12 15
-22 -24 16 -12 -23 -48 -128 -128
13 51 30 9 -32 9 68 58
0 -10 -7 -1 -3 13 21 26
-10 -2 1 29 29 17 2 -11
-4 -3 4 12 16 8 -1 -5
47 -46 -77 -128 0 49 70 64
-25 -16 -13 -29 -128 12 -1 -22
-33 -15 8 21 32 10 -18 -33
17 21 18 -4 -12 -7 2 10
1 -13 -24 -128 16 33 26 7
-7 28 -128 -128 60 -128 -128 -128
28 26 38 4 -26 -46 -27 11
56 46 34 -46 -128 -128 -10 39
-8 -128 -128 -128 -37 -43 -25 -12
-128 -128 3 9 8 5 -128 -128
-11 -128 4 15 -18 -29 -18 -4
0 1 3 1 3 20 -21 -128
19 -9 -29 -13 -7 -8 -2 9
31 19 -6 -26 -20 -24 4 17
0 -128 -128 -128 1 -3 -3 -3
-3 -2 1 20 95 -128 -128 27
3 13 9 13 27 29 -128 -128
-7 -16 -20 -20 11 20 23 13
-128 -128 -128 31 -128 -128 30 8
5 5 -6 -17 -41 -21 3 31
-9 -21 -128 -128 -128 3 1 -9
41 -15 -128 -5 4 25 20 39
@ 1117328252 31
1 -12 -29 -47 0 -1 6 1
-7 -8 -2 0 -1 1 9 -10
-49 -44 -18 13 15 7 -10 -26
13 11 10 2 7 0 10 -5
3 -19 -29 29 2 -12 -128 -128
-10 26 49 33 19 -76 -128 -75
37 35 14 15 5 -9 -14 16
-3 10 15 12 -4 -19 -19 -16
-37 82 -80 82 8 -1 30 -38
5 -128 -128 -15 -2 -24 -15 1
26 37 32 0 -128 -128 -128 -128
-74 -128 -128 -84 -23 -4 -1 -4
9 -5 -128 -128 -128 -128 10 12
-12 -128 1 6 -8 -22 2 14
-128 36 18 12 10 -4 -9 9
8 -31 -128 -128 -40 0 1 -2
-75 -39 -5 -3 -5 -13 -75 -128
-128 9 -16 -6 -7 -128 -128 -128
1 3 -8 -29 -49 -45 -24 -2
-12 -22 -2 -5 -1 -3 -5 -10
-9 2 -1 -6 -25 -128 -128 -128
-128 -128 -19 -2 -22 -14 -47 -128
55 26 -128 -128 -41 -20 7 17
-14 -4 8 8 12 1 8 12
5 3 -4 -51 -128 -128 -128 -2
-1 -30 -44 -35 -4 -26 -128 -36
1 -19 -128 -128 -25 11 3 -4
12 0 -93 -82 -82 -73 -57 3
-6 -7 6 8 8 44 53 21
-2 26 8 0 -27 -128 -128 -16
-128 -17 -10 -14 -36 -128 -128 -128
@ 1117571741 60
-128 -128 0 -9 -5 0 -128 -128
4 -1 -2 -1 3 5 6 6
-1 -4 -4 1 9 4 3 2
-84 -23 69 3 10 7 -128 -128
3 5 9 18 27 11 -6 -3
7 -21 -30 5 -128 80 -128 -128
1 7 12 12 9 -128 -128 -128
12 11 7 -2 -128 -128 -128 6
23 32 84 -128 -128 8 -1 32
4 -9 -3 -2 4 36 -128 -128
16 -5 -15 -18 -11 -9 36 -128
-4 -128 -37 -25 29 -84 -128 -97
-5 13 -128 -128 -128 -128 -128 -11
14 6 -3 -128 -128 -5 2 10
-4 -128 -128 -128 -128 70 7 -12
55 12 -3 -8 -24 -128 -128 -128
6 -128 -128 -128 -128 5 -8 -18
15 47 63 49 23 -8 -2 2
0 -49 0 -90 0 0 72 -128
-6 -128 -13 63 11 6 6 1
4 -10 -10 -4 3 7 20 29
-5 7 16 11 4 -4 -128 -128
-128 62 62 25 15 0 -128 -128
8 -128 -128 -128 70 -128 -128 7
-128 75 34 67 49 -41 -37 -128
22 3 3 -5 -8 -6 16 67
72 -128 -128 -52 -33 -128 -128 42
33 -128 -128 0 -18 -15 -15 0
45 38 39 5 -17 -103 -8 -5
26 6 -1 -5 -4 -2 29 52
71 64 22 1 -128 43 46 3
-128 78 -49 -128 40 5 -8 -62
-128 -9 -10 7 -128 61 8 55
-128 -128 -128 21 16 5 -1 -6
57 -128 25 0 0 -4 1 7
-128 -128 -128 -128 10 19 -128 -128
-106 -2 -16 -128 -128 -18 -104 -128
35 7 11 -128 60 45 43 -128
-24 -128 -128 -128 47 -128 -128 -71
-128 -7 -3 19 68 67 -128 -128
15 60 -128 -128 -128 0 6 10
41 56 58 -128 1 -6 -9 0
4 -4 1 7 12 14 14 14
-128 34 -9 -11 0 -128 -128 -128
-4 -66 2 3 4 3 2 -3
28 1 9 -128 -2 5 21 -128
35 39 14 13 11 56 74 50
29 17 -14 -82 -42 46 44 19
-15 14 -128 -128 -128 -128 -128 9
-6 0 13 7 7 2 -3 -7
19 13 10 -5 -7 5 14 17
8 4 -3 -10 -128 -5 3 8
67 -128 -128 62 66 81 -128 63
1 0 0 14 13 2 1 1
-12 -128 -4 -128 -128 -128 0 -7
-4 -3 -3 -128 -128 16 5 -5
27 20 25 0 -4 -10 -7 0
40 0 -128 -128 -128 7 17 20
-7 1 12 29 -128 -128 -128 -18
3 33 49 86 56 -19 -8 -2
@ 1120603208 60
3 4 6 -1 -3 -4 0 2
1 0 -2 -3 -4 -1 7 4
4 -32 -37 13 21 30 39 30
1 -3 -1 4 5 4 2 1
-36 -42 -22 -30 -19 -26 -32 -40
-128 -128 -128 -128 -128 0 23 14
-1 -1 -7 -6 -5 0 1 -128
21 21 30 -3 -2 -9 31 40
12 3 0 -11 -17 -10 10 32
2 1 5 6 8 0 -4 -4
19 31 31 7 -8 -128 -6 14
-6 -2 7 12 26 38 41 13
-9 -36 -1 -7 0 2 7 0
27 17 36 10 -7 -128 -128 -4
6 4 6 6 1 -2 1 3
-15 -128 -34 -36 -20 -15 17 -7
-7 -14 -12 -7 -13 -1 4 8
12 -6 -10 -8 7 6 27 28
4 -3 -3 -2 -1 20 -128 -128
-128 -98 -67 4 12 35 10 -128
-25 -128 -12 -5 23 63 37 27
5 2 4 12 6 -2 -5 2
22 3 -17 -16 -14 16 33 35
5 38 50 4 -14 -17 -8 -2
0 1 0 1 -1 -4 -3 -4
-22 -62 -37 -33 -3 8 1 -8
-2 18 23 25 20 2 -7 -12
2 3 1 -3 -3 -3 9 1
-4 -7 -10 -7 13 16 20 2
0 -128 -128 -128 0 4 6 5
-9 12 17 -1 -16 -17 -26 -27
-50 -128 18 4 -10 -17 10 2
5 0 0 -4 -19 -25 -17 -21
14 -6 -5 -13 -13 13 27 37
-1 4 3 0 4 0 0 -4
34 23 -9 -8 33 34 47 36
-128 -128 12 -128 -128 33 -128 -128
-3 -2 -5 -7 0 -2 -5 -8
3 -5 -23 -128 3 7 7 -1
-128 -128 2 7 3 -2 -6 -16
-13 -128 27 23 18 -128 -47 -128
-18 -2 -16 -30 -29 -21 -18 -128
-18 13 -7 -12 -9 -15 -20 -29
14 -10 -14 -12 17 41 39 27
16 2 30 -128 3 0 7 9
-21 -18 -12 -3 -3 -20 2 1
9 1 5 4 2 0 -3 -3
16 12 9 2 -14 -28 -4 10
18 28 12 6 -2 -68 -76 -4
-9 3 4 4 5 -20 -28 -28
-5 -3 -28 -38 -7 0 -9 -3
17 12 8 0 -3 -8 -2 7
-128 -128 -128 -1 18 -6 -128 -128
-128 98 104 -128 -128 -128 -128 -128
-8 13 25 17 9 -14 -15 -25
14 -1 -21 -24 -53 -128 -42 0
11 13 1 -128 -128 -128 -128 0
8 -128 -128 -128 -128 -10 38 61
28 19 5 -128 -128 -128 3 14
-3 8 -3 -41 -128 -128 -128 23
@ 1120633577 60
-11 32 45 -128 45 -14 -16 -18
-5 45 -128 -128 26 -17 -13 -14
0 -2 -3 -2 -1 1 2 0
1 1 1 -1 -3 -7 -3 0
23 22 -3 -10 -8 -4 1 6
2 0 -2 -6 -6 -2 7 7
32 52 40 -11 -17 -11 0 23
15 1 -11 -21 -25 -16 11 17
-18 -15 -19 40 32 10 -12 -4
-73 -31 8 33 34 -53 -128 -128
15 -128 -128 -128 -13 6 -128 14
-128 -128 8 -44 -78 -80 -60 -128
-29 -41 -7 0 49 82 82 17
-14 -31 -16 12 -128 -128 -128 2
4 6 -128 27 56 68 45 -128
-128 26 59 56 20 -54 -74 -128
11 -21 -11 -51 -11 6 34 48
14 -10 -22 -6 111 -128 -128 25
11 4 2 -3 -3 -1 1 3
-53 -93 -74 -54 51 45 12 -50
23 34 52 76 57 16 -21 -128
-1 13 62 7 -58 -64 24 17
2 14 12 27 78 6 -128 -128
57 48 43 50 16 -46 -29 5
12 -11 -13 -16 -6 13 30 12
58 24 -20 22 35 -50 -7 43
39 18 2 -9 -7 -5 5 17
36 11 -19 -16 0 -2 8 30
10 -128 -44 -26 8 -13 -3 15
36 -128 80 35 23 47 50 26
-10 43 -128 76 21 98 104 6
17 49 92 -128 49 58 66 15
0 -6 -15 -9 0 18 28 26
-24 40 58 -30 -64 -36 57 15
0 -16 -128 -128 -128 0 5 17
35 38 0 -8 -1 16 21 15
-50 -40 -28 44 49 48 43 -61
10 -4 -11 -19 -13 14 24 20
-11 11 10 9 -128 -128 -128 -46
-44 20 71 -128 116 11 2 2
78 -128 79 4 4 2 -3 12
1 -3 -1 -3 0 7 13 6
1 -6 -5 -3 1 3 3 3
-128 -84 -89 -7 46 50 53 -128
5 5 4 -1 -2 -3 -2 1
-128 -128 -45 11 0 -40 -47 -128
48 1 -23 -18 2 51 52 54
14 2 -8 -14 -1 2 9 10
1 2 2 -1 -7 -5 1 1
-49 -128 -128 -128 -128 -128 -53 -3
10 3 -3 -12 -2 5 4 4
9 2 -2 -6 -1 2 47 36
-128 -128 5 41 -128 11 -128 52
0 -3 -1 -1 0 0 5 2
6 -5 -9 -13 -4 5 20 23
8 6 5 1 -3 -4 -1 6
16 18 0 -128 -62 0 13 14
-55 0 37 -128 -128 -83 36 -128
-2 -6 -5 -1 1 4 12 7
4 5 22 11 3 -1 1 1
@ 1122739848 60
0 0 0 -2 0 -17 -11 0
-1 3 4 3 4 -4 -8 -2
7 5 7 5 -7 -26 -2 -4
0 0 0 0 0 -1 0 0
0 0 0 0 0 0 0 0
-11 -16 -7 2 5 4 5 0
3 -6 -10 -13 -2 -1 32 13
-30 19 37 39 35 20 6 -37
0 0 -2 -4 -1 -5 -24 -35
0 0 0 0 0 0 0 0
-128 -128 1 -9 18 0 -128 -128
-18 -3 0 0 0 0 -2 -26
0 0 -8 -10 0 0 0 0
-43 -22 1 4 5 4 -11 -55
-128 -69 -74 -61 -24 -37 0 -128
-2 2 -3 -20 -8 -3 1 -4
-18 7 21 3 28 26 -3 -25
0 0 0 0 0 0 0 0
15 31 4 -21 -12 -8 0 10
15 12 -1 -3 -1 1 10 9
32 -4 -10 -15 -20 -28 5 22
0 0 0 0 0 0 0 0
-37 -7 8 5 8 5 -5 -128
-2 -15 0 0 0 0 0 -2
10 -11 -14 11 23 -10 -31 -19
0 0 0 0 0 -2 -5 0
-10 16 22 16 12 -18 -128 -128
0 0 0 0 0 0 0 0
18 6 13 6 -10 -76 -2 7
11 14 18 14 5 -2 -2 4
0 0 0 0 0 0 0 0
0 0 0 0 0 0 0 0
0 0 0 0 0 0 0 0
0 0 0 0 0 0 0 0
0 0 0 0 0 -6 -2 -2
0 0 0 0 0 0 0 0
0 0 0 0 0 0 0 0
-1 0 0 0 -1 -13 0 0
0 0 0 0 0 0 0 0
0 0 0 -29 -17 -4 0 0
0 0 0 0 0 0 0 0
-128 -128 -128 -128 -128 -37 -29 -37
-8 -12 -12 -25 1 1 1 -3
-1 -23 -128 -128 1 1 1 1
0 0 0 0 0 0 0 0
4 2 -9 -13 -3 -1 3 4
-3 -4 4 -9 16 0 4 -3
0 0 0 0 -2 -6 0 0
0 0 0 0 0 0 0 0
-46 -128 0 5 11 9 8 -13
93 41 -15 -15 0 13 29 84
-128 -128 -128 -18 6 11 17 -27
0 0 0 0 0 0 0 0
0 0 0 0 0 0 0 -28
0 0 0 0 0 0 0 0
-25 -128 -128 -128 37 0 -1 1
0 0 0 0 0 0 0 0
45 41 45 -35 -58 -128 -106 21
0 -128 -128 -128 -9 2 3 2
-128 -128 32 -15 -2 -19 6 73
@ 1129560972 32
5 0 0 -1 -1 -13 2 5
9 14 9 -5 -16 8 9 9
-1 -5 11 1 19 -15 -3 1
18 -14 16 -6 -14 -7 -1 -14
24 12 3 -6 -28 -43 -41 -44
8 -18 -26 -78 -16 -7 -4 -10
31 -15 0 41 0 -128 -128 39
3 1 -2 16 21 16 9 -25
-33 -37 6 7 47 61 47 -25
33 37 20 0 -13 25 44 34
32 -128 -128 0 -39 -43 -29 30
-12 -8 5 13 -128 -128 -3 -1
-5 -1 -4 -3 1 6 6 -9
-128 -15 1 31 27 -12 -15 -128
0 9 16 26 9 0 -1 -2
56 53 -19 9 -8 -25 -27 20
26 63 -6 14 106 104 12 -128
4 2 -2 -16 -87 1 1 -32
-51 -128 14 -3 6 -40 2 -1
-66 -63 9 -83 -72 -47 -30 -46
0 0 17 34 0 0 -128 -128
-91 -86 -128 -47 62 1 1 -128
-128 19 31 9 -11 24 29 -128
22 104 110 77 61 18 11 5
-7 1 7 10 18 9 3 -21
8 40 41 31 -14 -28 -50 9
32 66 90 33 -18 -14 -5 -22
-27 -128 13 13 35 25 3 -8
-115 -128 -43 0 -8 -24 -17 -128
-128 -128 -128 -128 -128 -128 -128 -7
40 28 -68 -60 -19 0 22 23
5 0 2 0 6 -28 -8 -22
@ 1129983108 60
-3 -2 0 -1 -2 -1 -1 -7
5 6 3 -22 -32 -20 0 2
-1 -1 0 2 4 4 2 0
22 16 0 -33 -111 -128 -17 13
18 -24 -57 -128 -54 6 33 25
-128 -81 -86 -9 2 40 42 -6
36 34 8 0 -28 -34 -41 4
16 31 44 10 -3 -20 -28 -29
-51 -43 -29 -4 19 8 3 -32
20 20 46 27 -39 -128 -45 10
-51 -43 -22 -15 6 19 0 -5
-4 -43 -36 -54 -44 -9 4 0
-25 -12 -10 -6 12 -14 -38 -37
14 16 16 12 7 -9 -19 0
4 18 0 -81 -73 -53 -48 -42
31 39 7 -58 -83 -72 -30 -3
4 1 -20 -24 5 6 6 4
17 -2 -8 -40 -24 -7 6 20
0 -2 -3 0 0 -2 -3 -4
-48 -41 -21 -11 7 4 -8 -28
49 -18 -31 -57 -44 -22 17 59
51 51 19 -42 -63 -64 -33 9
-37 -23 -2 10 11 7 2 -27
5 0 -6 -18 -16 -15 -2 2
1 6 6 1 0 -2 -1 -2
-39 -30 -5 24 46 48 10 -39
50 27 -13 -33 -43 -31 2 35
0 -24 -128 -46 0 51 51 12
19 19 2 -14 -15 -10 6 8
-128 -128 -48 -60 -11 15 1 -128
1 31 65 47 36 -1 -13 -24
-42 -11 -128 58 48 24 -23 -64
-32 -22 15 44 31 -31 -33 -33
-2 -1 -1 -1 -5 -43 -29 -20
-9 -6 -1 1 2 1 0 -11
-62 -128 14 31 38 24 -2 -55
-49 -5 -6 55 33 -15 -50 -81
0 1 2 0 2 1 0 -1
1 0 3 2 2 1 1 2
50 -1 -33 -12 5 9 21 18
-50 -37 -13 10 31 33 17 -22
-38 -1 7 5 8 -7 -47 -89
-28 -56 -128 -128 33 48 37 0
0 1 3 5 -1 -3 -1 -1
2 1 1 -3 -12 -26 1 2
29 13 9 -4 -29 -63 -50 -4
-27 -28 19 61 66 51 27 -15
-61 -51 10 35 37 13 -8 -42
42 -44 -53 -51 -16 43 -128 42
4 -3 5 30 37 36 26 -19
-60 -20 5 44 51 34 -25 -60
15 7 -4 -51 -75 -49 -3 11
-1 27 49 21 -3 -3 -1 -4
-1 -2 -1 -2 0 -4 -2 0
3 -1 -18 -45 -45 -25 -2 2
42 38 -15 -18 -29 -128 -91 -17
24 2 -18 -128 -47 -31 19 22
-74 -22 6 15 21 10 -26 -63
-91 -32 -22 41 60 32 -6 -44
-22 -57 -16 -128 -128 48 48 -128
@ 1131320691 60
0 0 0 0 0 0 0 0
4 23 25 -1 -1 -1 1 1
18 29 107 19 -5 -1 -2 -2
5 3 4 3 -11 -128 -128 -13
31 13 -11 -57 -57 -13 39 27
1 0 0 -1 -6 -5 0 1
-128 -128 -128 -128 -128 -128 -128 -128
0 -21 -29 -10 81 -128 53 22
-20 -3 69 104 88 3 -18 -31
53 60 48 -9 -18 -61 -15 30
-15 5 34 18 26 21 -49 -61
86 -128 35 -7 -128 -128 -128 4
-128 -128 -128 5 20 42 23 15
-21 -128 -4 26 40 29 17 -8
-5 -8 0 0 0 0 0 -5
3 -4 9 19 10 -10 -13 -6
-21 -15 1 1 1 1 1 -8
-128 -128 -128 -128 21 0 -128 -128
25 26 13 -15 -34 -128 -10 -2
-128 -128 0 -128 -53 -65 -128 35
-13 -8 40 49 58 27 32 -17
0 0 0 1 1 -7 -1 -1
25 -4 5 40 47 25 9 -2
-65 -128 9 -128 -128 -128 -128 10
-22 -17 4 34 92 35 -42 -36
-128 -128 104 49 -15 -35 -36 -128
-6 27 28 70 20 1 -3 -11
-128 6 6 23 -128 -128 -128 -128
-4 -14 -1 0 0 0 0 -3
1 0 7 -12 -12 -21 -2 0
-14 -5 31 30 23 -13 -46 -48
37 17 -4 -128 -128 -4 18 39
4 -23 -128 -34 1 4 6 4
-21 -33 -23 -12 9 22 23 2
1 -20 -33 -58 -34 53 60 1
35 -29 -4 -30 13 12 19 -128
26 -128 -128 37 0 -1 -1 -3
-31 17 60 79 45 -23 -32 -40
-18 24 27 26 2 -128 -128 -128
-3 -7 -6 21 25 -128 25 13
-128 54 0 -20 -11 -3 41 -128
63 67 0 -6 5 1 -8 1
-128 -27 24 -7 6 -27 -128 -128
1 1 1 0 0 -2 -3 -1
20 -39 -30 -62 -88 -77 -43 -15
-7 -40 -8 3 -7 -3 -14 -7
0 0 0 1 3 0 0 -3
48 14 -6 -13 -5 2 24 59
31 28 39 -9 -40 -28 0 32
5 -5 -128 -128 15 -6 6 5
5 7 7 1 0 -1 -1 2
54 5 24 -10 -5 20 35 64
26 76 81 29 32 39 42 40
-128 -128 35 -128 -128 27 20 32
20 -5 -16 14 20 13 10 15
0 -128 0 -61 -128 -128 -45 -128
-3 -23 -39 -33 7 48 40 -3
-23 -56 -47 -1 54 39 20 -12
18 -3 -19 -96 -49 9 32 43
4 2 5 2 1 0 1 2
@ 1132993552 60
50 15 11 -1 -10 -1 20 27
25 1 -2 -3 2 27 25 12
-117 -128 9 3 17 23 9 -25
-128 73 59 59 -31 -20 -2 -128
11 22 33 34 10 1 2 -4
0 -80 0 0 0 -28 0 -128
1 14 40 43 2 -20 -20 -25
34 28 -9 -31 -10 8 49 87
16 23 42 33 22 0 -52 -33
-35 -8 19 3 18 -23 -68 -67
54 38 37 -13 -36 -39 3 46
2 2 9 32 1 -10 21 16
19 17 -9 -6 -11 -128 -59 4
10 4 10 15 19 2 -10 -10
11 32 35 7 -3 -7 -10 -10
41 44 40 20 4 16 24 37
40 -128 -128 -3 -5 9 15 21
-53 -15 -12 32 31 22 15 -43
8 10 8 -3 -2 -9 -9 0
23 21 25 20 -1 -23 -17 -2
-26 27 30 48 20 -128 -128 -34
22 19 4 15 -4 -128 -128 -1
80 74 -13 -3 -2 30 79 -128
0 5 1 -59 -128 -128 -40 -6
-28 -12 35 42 10 -24 -38 -27
-52 0 16 19 22 8 -51 -85
0 21 30 39 19 -41 -55 -31
45 43 35 -34 -45 -25 2 35
-4 -7 10 3 1 -18 -9 -12
-111 -128 -56 -36 -46 -128 -128 -128
21 42 43 14 -17 -29 21 17
-27 -5 43 30 18 11 -2 -18
92 0 -16 -9 -9 -9 71 64
2 4 44 -4 2 -6 -2 0
16 -5 9 9 -9 -12 -9 0
65 52 7 -40 -31 -28 3 64
3 8 15 6 -7 -15 -10 -1
15 15 2 35 32 12 -9 -10
-51 -26 28 49 60 40 5 -70
-4 -9 2 8 0 -26 -34 -32
40 59 55 4 -1 -31 -26 -22
-57 -128 -84 -79 -39 4 -16 -128
11 13 46 24 -12 -14 4 3
-9 -128 -26 -3 11 -128 36 -128
16 41 70 -128 70 -128 -128 0
-9 -5 5 10 10 3 0 -6
8 16 16 3 -10 -21 -10 1
6 38 26 -6 -57 -24 62 23
-6 -1 4 3 3 -5 -9 -15
-19 -12 9 13 27 27 18 -12
25 34 44 34 3 38 -128 39
80 0 -8 -17 -21 -8 -128 -128
-6 3 -72 -128 -128 -128 -128 -128
50 29 49 11 50 2 8 3
-9 19 43 43 21 13 11 -7
-22 -6 38 71 15 6 -2 -12
19 10 16 3 -3 7 54 23
-17 -23 -3 -1 8 7 13 5
49 31 -19 28 52 -57 32 57
13 1 -2 -5 -3 1 12 17
@ 1135248716 60
16 -4 2 -4 -5 1 16 21
-4 -128 -128 -36 -21 29 15 3
-47 -81 -77 -14 -1 -15 0 -2
-7 5 4 -16 16 -128 -128 0
-48 -56 -34 8 26 15 1 -25
29 34 -3 -62 -15 -6 4 9
-128 -128 -128 -128 -128 -128 80 -128
14 3 -22 -22 7 14 18 15
3 48 54 32 -2 -9 -17 -19
-20 -2 20 27 24 16 -13 -23
2 -11 -14 -23 -27 -24 19 28
0 18 25 26 27 51 22 3
3 -33 30 -128 -128 46 73 71
-5 -11 -9 -5 0 2 15 4
-32 -11 2 8 9 -32 -66 -42
-19 -128 -28 -21 -5 27 25 14
-18 20 78 89 -128 -128 40 -39
46 -4 -29 -17 12 29 34 39
24 27 -17 -128 -68 -28 6 4
2 -6 -9 -7 2 6 17 59
-21 -7 -8 14 24 17 15 -128
-27 -48 -128 -10 34 4 26 1
-128 -31 -33 10 26 41 44 10
-24 -128 -25 -6 11 -128 -128 91
9 41 50 -128 -128 -128 -8 -71
-128 -128 -128 -128 -128 -128 14 73
8 -16 -15 -13 11 24 25 18
10 11 55 46 -128 0 -16 0
69 -128 35 16 -118 -52 -16 16
-5 0 6 13 13 5 0 -5
-12 16 27 41 23 20 21 -1
-128 -128 -12 6 25 -9 -128 -128
-128 -128 29 43 -128 -128 -128 66
12 2 3 60 39 26 12 10
114 33 1 -31 -11 -8 33 108
-56 -128 -128 -8 -12 -14 15 0
-4 -11 -13 -10 -6 -1 5 4
4 6 2 -11 -14 -8 -8 -14
18 0 -128 -128 -80 -28 9 42
15 -1 15 66 74 23 20 14
5 -8 -3 -18 -5 -4 2 7
-78 -42 15 -128 -128 -36 -107 -128
-8 -28 -5 5 9 7 6 2
5 5 7 -3 1 0 5 0
-91 -54 1 8 10 3 -3 -42
-128 -128 -128 -2 14 -63 -6 20
-128 -128 -128 33 53 -49 2 -128
39 46 52 2 -36 -23 -7 14
-27 54 85 82 57 33 4 -29
-38 -48 -8 -15 -3 5 8 17
59 74 46 34 49 51 34 81
-128 -38 7 7 31 24 0 -128
0 -7 1 1 3 8 9 1
-24 -41 -33 -14 -12 -35 -58 -128
43 -128 -128 -128 -128 -25 -27 1
80 -128 112 80 -11 0 -128 -14
-18 -4 4 8 8 2 -4 -22
23 6 -3 3 29 11 10 20
-4 -128 -38 -128 -12 31 32 -2
-128 -128 13 -21 -18 -27 18 -128
@ 1136882447 60
-4 -7 -4 1 43 58 34 1
31 -8 -21 -19 3 -14 39 59
12 2 -3 -3 -1 4 16 11
-1 -22 -16 7 17 -44 -47 -39
-6 -1 16 6 2 -2 0 -4
7 6 2 -6 1 2 8 12
-128 -128 -35 -42 36 61 -128 -128
67 23 -73 -128 28 35 20 32
6 36 44 25 10 -19 -39 -51
67 -128 5 76 81 -128 81 50
31 -4 9 56 59 -128 1 28
54 80 88 -128 65 -13 49 54
32 27 20 -7 -128 -128 -74 9
-6 -1 24 -45 -58 -37 -14 -10
5 1 3 14 8 6 6 2
31 46 51 12 5 -67 -128 4
11 10 8 -1 -13 -26 -4 10
41 -128 -16 50 -12 -25 8 2
82 58 4 -3 8 18 88 -128
-27 -33 23 63 9 1 -2 -8
43 50 23 -32 -58 1 22 26
24 21 42 28 36 18 14 22
29 -61 -38 54 57 -20 57 70
-5 -29 -45 -29 29 75 79 -38
-128 15 9 0 -16 44 47 -128
-4 -2 2 6 17 38 5 -22
46 37 33 -51 -98 -99 -12 3
0 1 -2 -9 -7 -16 -1 -2
30 -27 -37 -23 -2 -12 22 27
29 -7 -32 -128 -128 -7 -4 2
0 33 24 0 0 -128 58 -55
28 31 -27 -128 -73 -28 -12 -23
45 40 37 47 40 -12 -7 -13
-11 28 79 -128 64 45 27 -22
42 26 3 49 -128 25 26 73
-85 -61 -34 52 45 -32 -107 -128
0 -104 -56 17 -64 -128 42 55
-7 0 18 -43 -67 78 49 -23
-9 -14 15 74 67 30 -1 -20
63 54 57 41 -2 -67 37 60
-21 -10 14 2 -128 -128 2 5
48 -19 -74 -91 -47 3 51 47
0 -63 -6 -128 15 -10 -2 54
15 17 21 -128 -128 -77 15 17
14 53 62 43 46 74 62 22
63 -14 1 77 -128 58 47 66
47 64 57 45 36 0 -37 -28
-59 -61 -53 16 69 69 55 -59
-128 0 -128 -128 -128 -128 -128 -128
61 -3 -128 -57 49 67 66 65
10 10 -21 0 60 32 31 36
-21 -38 -12 25 54 21 -128 -48
-44 -37 -25 -5 29 19 -16 -33
54 31 0 -128 -128 -31 -128 7
4 6 -5 -18 -6 -5 0 2
-45 -6 3 19 21 -8 -38 -43
-29 -62 -61 -18 36 -22 -1 -19
4 2 36 23 1 -69 -52 -30
12 5 -12 -37 -6 -9 -29 -3
22 6 2 -11 -15 -6 2 4
@ 1143725558 44
19 29 28 54 64 -75 -2 5
5 1 -2 24 18 17 21 27
61 -128 31 14 7 0 59 -52
1 -128 101 57 -77 -128 -128 -54
42 -128 -16 -3 -3 -20 -18 7
-128 -128 -28 -9 -16 -128 -128 -128
51 20 4 -13 -23 -16 -2 19
79 7 -128 46 0 -47 49 36
-128 20 8 -64 -41 -33 -51 -83
17 16 12 9 -128 -128 -128 0
59 66 69 -128 -128 -128 21 54
2 33 11 -57 -128 -33 1 2
-84 -85 -128 0 0 61 33 -8
-13 -57 28 -128 -128 -128 -128 -128
-128 -128 -29 -128 -128 -31 -17 -28
-128 -128 -15 -67 -11 22 42 80
-4 -1 2 2 94 -2 -6 -3
-4 -15 -28 2 26 70 52 29
-7 72 72 3 57 -128 -128 -65
13 -128 11 9 53 -7 0 -3
-128 -128 -3 -1 -12 -11 16 -128
94 89 -1 -58 -128 -128 -128 -128
21 1 -1 74 45 -128 21 29
65 62 64 44 -6 0 4 35
-3 0 1 0 -2 -1 6 -20
5 6 5 -2 4 -15 -9 -11
-1 -128 -128 -128 18 -2 19 24
10 3 3 -22 0 -5 28 40
19 -66 -15 5 51 69 -128 35
13 15 34 -57 -61 26 -17 18
52 24 5 -10 -84 -128 -128 -6
-128 4 -25 -34 -22 4 -128 81
-128 -128 -128 19 -6 -21 -11 -2
-30 -128 -128 -128 37 107 19 -5
-33 -9 0 -8 -26 -16 -4 -3
10 0 0 -4 -6 -4 5 75
42 -128 -36 -7 -18 -23 -8 31
13 7 1 -128 -128 -16 1 1
-128 -128 14 10 11 15 -4 -128
-23 -20 -39 -128 -25 1 41 54
120 -128 -56 -21 -41 -53 17 35
-128 -128 -128 -128 -128 -128 -128 -128
11 -8 -4 -28 -30 7 12 12
-128 -128 -12 -1 -2 -21 5 -1
@ 1153017980 60
0 -128 0 0 0 -128 -128 -60
74 -128 39 -64 -128 -90 -128 0
0 46 -128 0 -21 0 0 -128
-128 -128 -128 -46 -128 -128 -128 -128
-34 -59 -128 -128 -51 -68 -21 -12
-26 21 27 63 82 -128 47 2
-128 -128 -128 -128 -128 -68 13 -128
-85 -33 4 48 57 61 83 5
-128 8 57 12 -128 -128 -128 -91
73 16 -6 -11 -7 1 -1 58
-10 -39 -128 -128 -128 -128 6 -31
-5 8 44 -16 -13 -1 -38 -39
-128 65 -61 -128 -80 -52 46 87
39 9 -44 -72 -63 -52 -2 -3
-1 53 55 53 2 49 52 -1
41 18 35 68 64 57 -37 48
4 -22 0 0 0 -13 0 16
-29 -77 18 10 -14 -59 -115 -90
4 -3 -13 -46 -128 -13 2 4
11 -33 5 -50 -88 -128 -18 -42
-67 -47 9 16 40 29 -4 -51
18 -42 18 -38 -39 -78 -82 -128
-128 -41 -43 -128 -128 -128 -64 -33
-128 -128 -34 -14 -128 -6 -128 -128
0 0 -14 -23 -22 -13 -34 0
39 12 19 33 -51 -40 -18 35
41 57 -65 -128 -128 -128 -128 -128
-100 -128 -128 48 84 83 43 -16
-41 -52 5 -5 5 -10 -6 -20
42 -128 -87 -128 -29 -21 76 -128
97 53 120 68 87 -21 43 28
92 86 76 41 -128 58 14 -50
2 -128 -54 -128 -128 -128 -128 77
-57 -35 -6 102 103 61 -128 -83
-59 -53 -11 -128 -81 -37 22 -41
7 -64 -128 -40 7 -128 62 82
-68 -46 4 33 -128 11 18 -42
75 71 -128 -39 -32 -16 -128 -128
-61 -128 18 -19 -109 -128 -34 -25
2 45 -128 -128 -128 -128 -128 -128
21 75 59 -7 -128 -128 -111 -33
-128 -128 -68 -2 41 20 9 -67
94 64 53 26 28 -3 -29 3
10 -24 -2 -25 22 48 22 -15
-128 -128 -128 9 -128 -128 -34 -32
-128 -128 0 -128 -128 -128 -128 -128
-10 -30 -46 -17 -20 -128 -128 -62
56 53 13 27 66 -128 56 -128
-54 -128 -128 -128 26 -128 -128 -56
-29 -5 -5 -27 -4 10 -42 -69
-128 -128 -128 38 1 1 104 -128
-53 -5 38 72 -128 -9 30 -46
-35 50 80 87 29 -62 -45 -34
-36 -128 -128 -128 -128 -75 14 16
-128 -113 -5 -13 -28 23 -128 -128
51 -26 -22 6 -128 31 69 -128
-109 -128 30 -128 -128 -128 -51 -75
-47 -128 -128 -44 -26 -7 27 4
7 27 60 36 -48 -128 -100 -22
-70 -56 -63 -82 -9 -55 -58 -63
@ 1160281414 60
-1 -2 -3 2 -6 -15 2 2
36 52 47 0 -39 -63 -61 1
28 50 65 26 1 -31 -34 -11
7 16 23 18 -12 -17 -95 -20
25 -21 -12 68 25 87 -128 -128
-128 -46 5 19 6 -23 -128 -128
-128 9 -13 -17 -6 -9 48 -128
50 25 -79 -91 -35 -13 -69 -12
-39 19 -14 -68 -128 -36 -68 -128
-19 42 65 64 46 -49 -96 -49
3 -44 -10 -31 6 -128 -128 -128
-110 -3 64 26 49 41 27 -12
-1 15 74 67 50 4 10 -16
6 -2 22 19 -128 59 63 -65
-76 -12 38 16 45 -3 -42 -128
-69 -35 27 35 76 6 1 -23
69 57 -22 -83 -26 -18 -128 -20
8 -128 -27 -37 -76 -70 -80 -128
73 96 101 45 92 -128 -128 85
-11 9 -44 -47 -23 10 -14 -59
-128 -110 -128 -38 5 6 -6 -23
-2 -128 -128 -23 53 -128 -128 38
48 -128 71 -128 -128 -128 -128 75
-128 -128 -5 -52 -21 45 -41 -25
-72 -10 4 11 3 3 -10 -128
42 59 49 2 -2 2 9 22
-128 -128 -128 -128 -128 78 -128 75
23 5 15 23 -7 -57 -51 -10
34 33 22 -4 -30 -41 -10 12
35 82 15 -2 -8 -4 7 31
-1 -3 0 3 23 7 17 1
-128 -128 -128 60 54 49 -128 -128
85 55 3 31 43 48 -128 -128
-8 14 -128 -128 -128 11 -8 -8
-6 -19 -128 -74 -44 -98 -128 -128
-10 5 14 31 17 -4 -38 -90
73 57 29 21 -128 -128 -128 58
-6 -4 0 3 18 4 0 -3
-40 -128 -128 -128 -50 108 -128 -50
40 -128 78 -51 -60 -128 -20 0
71 79 -128 -128 -128 -128 -128 -18
-41 -68 -128 -128 -15 -17 -17 -18
-128 -128 -128 -128 -4 -69 -74 -128
53 29 -5 -128 -5 -35 -66 -5
-128 43 -15 -40 -46 -54 9 41
3 -2 4 7 8 6 7 5
-7 19 50 -128 52 21 -29 -32
-2 -1 20 59 21 -30 -3 -3
56 55 45 34 -2 -12 -15 -11
5 -128 -128 19 -29 -19 17 22
-43 -68 -3 20 16 66 -128 28
6 -1 1 -24 -5 0 -3 31
-128 -128 -45 38 114 28 -128 -128
3 10 43 34 -2 -40 -77 -12
45 -7 7 -128 -128 -128 -2 21
90 35 -41 -95 -128 38 61 -128
4 -10 -75 -9 20 7 8 7
44 59 66 38 -11 -50 -76 -27
-28 -31 -22 -7 78 61 -8 -14
20 32 32 -128 116 20 -13 9
@ 1168854492 60
54 -128 -128 24 14 0 -10 -27
5 -1 15 9 2 3 6 8
20 -1 26 22 79 68 72 34
-4 -5 0 -3 11 49 -2 -5
12 -2 11 18 24 0 -30 0
-22 -20 -15 23 3 -1 1 -20
-43 64 68 -128 -128 91 89 8
-6 11 43 20 10 -12 -7 -14
-51 -128 -48 9 7 44 38 -48
45 41 31 -12 -47 -83 -57 -13
21 -39 0 6 5 -3 11 18
-57 -24 -28 -25 -7 18 28 -59
-11 13 67 109 112 12 -9 -17
59 39 22 14 2 0 1 11
25 0 -24 -43 -8 -4 0 16
17 38 30 -31 16 -45 -47 -42
24 -1 5 -5 -14 -22 15 31
9 -128 8 20 35 -3 -2 -3
-128 -128 -128 -128 26 42 36 -128
2 -6 46 5 -91 -34 5 2
46 52 53 43 0 -37 -26 12
28 25 -8 -13 -10 0 -6 5
7 -4 7 0 -7 -15 -19 -13
80 40 8 -24 -50 -32 15 76
31 -12 -21 -12 4 37 55 45
55 0 -55 -20 -3 0 44 56
60 21 -3 -32 -58 -34 -12 32
-128 -128 -128 -128 -3 -4 -128 -2
-58 -63 -8 -17 -3 14 34 37
-6 -1 -39 -73 -72 -33 -9 -24
1 1 2 1 0 -3 0 -5
-9 -128 -12 32 12 4 11 0
-128 5 -5 -16 -21 -26 -6 5
-47 -128 -128 -128 -128 6 -128 -128
-1 34 54 70 64 31 -7 -8
18 7 6 -6 -13 -24 -21 -9
-18 -23 19 73 105 56 16 -23
1 13 3 13 21 17 2 -1
-97 -83 -47 17 56 4 0 0
6 -28 -29 -20 -10 8 -128 -128
2 17 19 -1 -128 -128 -128 -56
-12 -23 -38 21 -1 43 46 30
17 5 2 25 12 22 23 28
-15 -5 9 22 27 25 -6 -17
12 22 15 0 -1 -18 -16 -18
-5 -4 3 -7 -4 -8 -8 7
44 36 5 -19 -18 -34 -2 26
-5 20 1 -7 -3 -9 -6 -3
14 13 16 -1 17 8 31 19
33 -25 -42 2 40 49 43 53
6 -9 -24 -23 -6 -18 -4 2
21 9 -9 -33 -35 -53 2 8
9 -128 -128 56 27 28 23 -53
14 -22 -17 -2 25 14 39 37
15 38 0 -43 -51 -77 13 40
81 63 65 -50 -23 -9 18 6
-92 -48 -9 -34 15 75 45 15
7 43 72 30 13 -21 -10 2
-4 -46 -36 62 -4 -10 9 16
36 34 56 58 -128 1 -2 1
@ 1175522292 60
2 2 3 -3 -128 -34 -5 1
47 6 0 -2 -1 -2 -2 4
-1 -1 -1 -2 -4 -20 3 -2
-3 -6 -4 -7 -7 17 70 15
87 -128 60 -7 3 -15 -9 84
-17 -26 6 15 14 17 12 -22
17 -6 -1 -5 -10 -14 10 -128
-12 -128 -4 0 1 1 1 -5
-97 68 45 -12 -94 -67 -128 -77
37 -2 11 26 28 -1 1 28
27 6 -21 -128 -128 -19 -5 6
53 -2 -3 -4 -40 -128 8 61
12 2 0 -2 -1 1 10 14
-1 -2 -5 -17 -2 2 2 -1
0 -1 0 -1 -1 0 0 0
-128 -81 -19 -51 -25 34 -128 -128
-9 -15 -6 -7 -2 -4 -1 -15
0 -10 -9 0 44 68 -128 2
-9 -19 -13 -18 -10 1 49 0
3 6 9 10 -8 -52 -128 -22
16 -62 -89 -55 -46 -9 44 57
-4 -6 -4 1 6 -2 13 1
-6 14 14 -128 -128 18 14 -7
18 8 9 -128 -128 -128 -25 19
8 0 -76 -128 -128 -128 -128 -96
82 43 42 -10 -12 -12 0 69
-128 -128 0 7 12 11 5 -128
2 2 2 -4 -8 -33 -17 -3
-108 -103 -66 -36 3 7 9 4
116 109 16 26 1 16 3 -128
0 6 -8 6 -8 -30 -15 -4
-15 -15 -13 -15 -6 8 19 3
-22 -34 2 -26 -18 -23 -22 -6
-16 -5 -5 25 14 20 24 -6
10 7 22 2 4 13 6 0
-128 -128 -128 9 10 76 35 -128
4 22 42 2 -29 -36 -11 -22
104 36 31 -22 -78 57 -128 -128
-109 -128 -128 67 83 -128 -128 -13
-1 -12 -29 -34 -128 15 16 -1
-18 -24 0 3 3 3 3 -19
-15 -14 -6 17 -1 -20 11 -8
0 0 1 1 3 4 5 1
44 12 -21 -128 -70 -78 -27 20
-7 -8 15 -128 -128 -13 -10 -13
8 -20 -32 -128 -128 7 14 11
-10 -128 0 0 -1 0 0 -2
-44 -27 8 -31 -32 -20 -3 -30
3 25 22 13 26 28 4 -1
-38 -61 -28 0 30 19 -5 -17
19 34 54 55 54 23 -128 -128
-1 15 46 64 66 2 2 -13
19 -6 -4 -2 20 -128 -128 26
-4 0 34 46 14 4 -2 -7
7 3 0 -1 0 0 0 3
-128 -20 8 12 14 1 -128 -128
11 3 3 1 -1 -1 0 6
-2 0 3 2 12 60 9 -7
-128 -128 -13 11 11 19 -50 -128
29 -29 -20 -24 -4 -95 -45 27
@ 1178309762 60
-12 -4 2 0 1 1 -1 -19
-128 -128 -128 -128 9 9 14 7
-13 0 2 2 5 -1 -11 -29
-3 -10 -9 -7 0 7 17 3
-12 12 25 14 0 -18 -32 -128
1 7 6 0 -1 -2 -3 -4
-7 -4 3 43 37 -128 -128 -128
3 9 18 4 -6 -10 -9 -5
-128 -12 0 0 0 -128 -128 -128
34 14 3 -10 -8 -4 0 11
-3 -2 -1 -1 1 4 8 -1
8 7 1 -7 -21 -7 3 3
10 9 15 8 10 -8 -11 -1
-7 7 35 95 76 44 -4 -15
0 3 1 3 5 4 2 1
-2 6 10 6 -1 -24 -29 -27
-19 -128 -17 -128 -128 -128 -128 15
4 -4 0 7 8 3 1 4
1 1 3 -2 12 18 28 3
-27 -7 17 10 8 -10 -128 -128
3 19 22 13 17 7 -5 -7
13 -128 44 6 -38 -3 10 -25
-10 3 36 -128 -128 -128 -21 -9
-39 6 10 9 9 5 -12 -37
-3 -4 9 8 1 -4 -5 -5
-3 1 3 3 2 -1 -6 -12
10 -128 -128 -128 -128 5 12 10
35 3 67 22 5 -128 -128 28
-28 -7 8 25 47 17 -36 -77
-12 -30 -21 0 -128 -128 -128 0
39 -128 -128 38 -11 -41 -36 -26
7 48 -128 -128 -22 -17 6 5
-5 -22 23 46 47 28 0 -2
-128 -128 -1 -56 -55 -62 -1 -128
0 -2 1 2 2 1 -2 -1
2 -128 -128 -128 -24 10 15 11
48 27 7 -41 -20 0 27 48
4 15 17 9 0 -19 -98 -16
-10 5 15 18 15 3 -128 -128
-128 -128 6 7 1 -15 -25 -42
0 0 1 -2 3 4 3 1
3 13 16 10 -2 -30 -128 -27
35 63 -128 -128 29 0 3 2
-5 -128 -2 1 2 3 1 1
-15 -13 34 52 -128 -10 -66 -36
14 20 23 -12 -53 -34 -3 -3
-9 -2 2 3 3 1 -9 -24
9 4 1 0 1 11 8 6
-11 -14 -5 3 0 3 12 -5
-4 4 14 15 8 0 -7 -9
-33 -25 -3 54 96 90 94 -8
-10 -7 -4 0 6 4 -1 -12
2 7 9 10 12 -14 -20 -14
11 18 24 9 -9 -128 -128 -7
16 -52 21 -52 -60 62 93 69
-3 -10 -3 3 3 0 -1 -2
9 58 74 2 -6 -6 -2 1
39 32 32 4 0 -6 -9 25
0 9 13 11 5 -7 -65 -20
-39 34 50 51 28 -21 -53 -79
@ 1180886260 25
-42 9 9 5 7 -17 -128 -128
-128 -128 -32 -7 7 15 16 -128
8 -6 -49 -128 -128 -128 -128 -3
2 -17 -49 -128 -11 4 5 7
-18 1 44 -128 53 -15 -128 -128
-128 -128 -128 2 10 -7 -4 -128
-128 -128 -128 72 59 1 -10 -128
-128 -128 -128 51 49 9 2 -128
13 -11 -4 83 -3 1 2 3
-128 -128 -12 -22 -7 -5 -128 -128
-128 -128 1 1 12 -14 -17 -128
2 -128 -128 -128 -128 -128 2 3
14 11 16 4 -128 -128 -128 -1
13 -4 -19 -49 -128 20 21 14
-128 -128 -128 -128 -128 -128 -128 -128
-28 -15 -1 -13 -14 -20 -5 -37
69 -128 -128 -128 -128 -128 -37 -128
-128 -128 0 61 -128 -128 -128 -128
-30 -9 6 6 -10 -59 -128 -128
-128 -128 65 12 -2 0 -4 12
-5 4 4 -2 6 -2 -13 -27
-128 -30 -128 -128 -128 -128 -128 -128
8 9 8 -12 -128 -128 -128 -37
3 53 -128 -128 -128 -51 -2 6
-5 -6 -4 -4 -8 -20 -18 -6
@ 1182096632 28
2 3 2 -1 -3 -4 -3 -1
0 -2 -4 -4 -1 1 3 3
0 0 1 0 0 -1 -1 -1
-2 2 5 4 1 -3 -6 -5
4 -13 -30 -16 -17 8 17 14
15 17 9 -14 -48 -57 -31 3
6 4 0 -8 -12 -3 0 6
-15 -12 -2 8 14 10 1 -10
2 -8 -14 -12 -4 8 12 10
-9 0 4 6 5 0 -9 -12
17 12 1 -12 -18 -16 -2 10
-11 13 22 17 3 -37 -59 -50
5 6 4 0 -10 -12 -8 0
-7 5 14 13 5 -7 -15 -16
17 15 5 -16 -38 -41 -7 7
4 12 12 5 -5 -13 -14 -7
11 13 8 -3 -12 -15 -10 1
1 -11 -17 -13 -2 9 15 11
-27 17 18 25 11 -13 -43 -64
0 4 6 3 0 -11 -12 -9
-9 3 14 16 8 -5 -15 -22
14 8 -2 -12 -15 -10 1 10
11 -1 -11 -16 -11 -1 9 13
23 -11 -48 -59 -36 5 18 22
-17 -2 11 16 12 0 -11 -18
-14 -14 -7 4 12 13 5 -6
1 10 14 8 -2 -12 -15 -10
1 3 4 2 -1 -4 -5 -3
@ 1192026832 60
32 27 41 13 3 -128 -18 11
19 0 -4 -8 -5 7 48 19
-8 -128 16 -7 5 8 11 3
2 1 1 1 1 2 -1 1
11 63 53 22 3 -10 -15 -11
110 -128 -128 30 19 12 7 104
-65 -4 -128 -128 -64 -128 -50 -47
-57 -56 -47 -34 -6 -33 -12 7
-2 9 69 52 93 -4 -8 -9
5 6 8 3 32 -2 13 2
28 34 32 -3 -26 -21 3 2
49 3 0 -6 22 0 22 26
5 4 -1 -5 -2 -1 1 0
-2 -15 -16 1 -28 -33 -24 -28
-128 13 43 56 39 58 26 21
-128 -128 5 -128 1 16 -128 -128
-10 -9 -3 -5 20 46 51 31
-80 -128 -1 -18 -128 -45 -47 -56
-128 12 9 -128 -128 82 87 -128
12 -1 -3 -3 3 8 11 -3
-7 -12 -11 -4 77 79 68 1
38 27 51 30 -45 -52 6 1
54 46 -4 -3 31 5 28 49
-3 -10 -7 18 47 64 29 26
-128 -128 8 -35 58 -15 16 -128
14 73 50 22 0 -20 -24 1
-128 -61 -6 35 22 -1 -128 -128
65 49 15 -10 11 10 59 71
45 2 0 -8 3 73 84 43
18 3 2 1 1 -2 3 55
-31 -33 -21 24 -128 76 34 -4
8 4 12 21 12 -35 -21 3
6 28 42 40 28 0 -2 28
-26 -27 39 31 25 18 3 -9
46 27 44 26 -25 -24 41 56
44 54 107 -128 -128 83 5 -6
-89 -30 -32 42 51 51 -1 -42
39 -1 10 -31 12 37 119 69
3 7 4 2 2 3 3 3
-128 -50 -43 26 42 37 -128 -128
-40 -58 -12 -37 -30 -25 -10 -21
13 1 2 2 -3 -6 2 11
-15 -28 -23 22 51 -28 -18 -12
-10 -16 -10 -26 -19 -41 -26 -13
-8 3 70 -128 -128 73 3 -13
-38 3 6 48 48 27 -2 -35
46 64 66 7 -8 -128 -39 18
53 22 24 -128 -128 -128 -128 -35
0 0 -128 -128 -4 -69 -128 1
0 2 12 9 10 1 0 -1
34 -128 -128 -128 -128 71 31 15
-5 -36 -21 7 7 19 16 -3
6 2 -13 -20 -12 19 30 21
-128 14 7 5 -128 2 5 10
-4 9 57 -38 -28 -5 -9 -10
6 -13 5 -13 -7 26 30 21
-73 -128 -128 -128 -87 -128 -83 -34
8 3 0 5 -2 -5 -2 1
0 0 0 1 -1 -1 2 0
36 -5 11 15 8 -1 2 11
@ 1193151774 41
2 -3 2 1 0 0 3 1
-4 -7 0 5 -10 -29 10 -3
-2 -5 -5 6 -16 -46 5 1
1 -3 -2 8 1 1 5 2
8 -3 -4 -8 -9 -4 -3 -6
-1 -6 -5 -2 1 0 0 0
1 -2 3 13 10 1 -1 -1
-114 -128 6 0 4 6 -16 -128
1 -5 -4 -5 -2 -3 0 -1
0 -2 1 -6 -26 -31 -1 2
-11 -13 -10 -33 -31 -30 -8 -13
-39 -98 -98 -2 13 6 9 6
-11 -20 -33 -21 -5 -11 -14 -18
-6 -12 -5 -10 -9 -12 -3 -8
6 -5 -4 4 -1 -8 -6 -1
2 5 3 0 0 2 3 2
20 2 -4 -5 -21 -128 -128 -80
19 12 2 -2 -2 -2 4 9
-1 2 8 -11 -10 -8 5 -6
4 9 6 -4 -19 -7 -2 1
-4 -2 -2 -2 0 2 -3 -5
10 15 5 -3 0 -2 -14 -37
-50 7 16 11 8 4 -29 -72
-3 1 8 4 1 -1 -4 -5
-1 -29 -47 -52 5 2 11 -2
10 9 2 -26 -24 -31 -7 1
16 5 5 -58 -128 -128 -9 4
6 6 5 -2 -3 -5 -4 1
-1 -4 7 2 3 -3 -4 -2
-6 -1 0 4 2 6 4 0
-3 -5 -2 -3 1 5 2 -3
19 -17 -128 -10 31 74 -128 69
-3 -10 -1 5 2 1 6 0
-128 -7 -2 1 10 -4 0 -37
3 2 -21 -15 6 0 -8 -1
-1 -1 1 0 7 5 1 0
0 9 57 45 17 -56 -47 -12
-1 7 11 5 1 -1 0 -2
-4 0 3 7 12 9 4 -7
-1 -2 1 3 1 1 4 1
6 7 3 1 -1 0 1 2
@ 1201011796 44
14 -59 -27 -30 3 6 8 8
3 -35 -4 11 11 5 9 6
-20 -16 31 -19 7 19 -18 -128
10 9 -2 -11 -3 -4 -1 4
-3 7 25 14 -2 -48 -74 -128
50 49 41 -11 -71 -96 -66 -8
22 -20 21 12 21 18 11 11
37 23 30 5 0 0 17 44
-47 -128 -128 -32 19 18 4 -24
9 29 -128 0 -33 -36 -20 0
32 17 0 -29 -128 -31 1 12
6 4 13 11 -8 -23 -21 -13
10 -4 6 -11 -14 -16 -3 -7
-14 -3 13 35 30 17 4 -29
-13 -19 4 1 -2 -5 -39 -47
-2 -128 49 -128 1 6 1 1
-1 6 1 -2 -8 -2 2 2
-12 -6 4 -2 0 -4 -10 -13
16 -2 1 3 -128 -128 -128 16
4 4 1 3 -1 -2 25 28
-128 -128 46 61 57 47 -128 -128
-30 -12 7 88 90 74 5 -7
-8 -2 3 36 33 -128 -14 8
-1 -2 -2 0 2 -3 -18 -10
-50 -128 13 25 38 2 5 -128
-13 -6 -3 -4 1 -2 4 -6
23 4 18 -11 -128 -128 -128 -26
-79 -70 -15 -10 55 69 53 -20
-26 -10 27 56 39 24 25 16
-128 -128 -128 -70 -84 -63 -128 -83
-2 0 5 2 -3 1 -3 -4
8 33 64 54 24 -19 -17 -22
0 4 3 1 2 -16 -8 -8
-38 -3 17 6 -5 -41 -19 -69
-6 74 -128 -128 102 -6 6 -8
-16 -37 -24 31 22 77 52 -32
60 36 0 -128 -114 -60 -14 17
59 58 61 -128 60 -11 -128 -28
6 9 9 -19 -20 5 7 7
5 6 6 -128 -22 -20 12 8
31 30 12 -15 -75 -55 -20 6
-43 -25 -12 9 29 -19 -15 -26
4 -1 0 0 2 -8 -23 -29
-18 13 62 39 48 -128 -128 -128
@ 1202569906 56
19 -4 -2 4 20 21 -21 1
17 16 -10 -128 -128 -128 -128 -128
-128 -128 34 32 -128 -128 35 -128
-5 10 13 11 -128 -128 16 -35
11 6 8 1 1 -6 -1 29
-44 -4 -1 -33 -36 -11 -16 -37
-5 -17 -18 -128 -128 25 4 -12
47 36 22 -9 8 -6 13 31
-5 -5 3 3 0 -2 1 -4
-6 52 85 36 -2 -21 -20 -11
28 -7 -2 6 23 14 15 27
-20 -128 -128 -128 -128 -1 17 -4
-5 -4 4 1 7 20 25 16
13 4 5 56 19 7 12 -34
3 -12 13 62 71 4 5 9
-128 -26 5 24 33 12 -128 -128
0 1 -22 -128 -25 13 9 1
34 9 0 5 8 0 4 13
-5 -3 1 3 28 3 1 0
-128 -128 -4 2 1 -1 2 -128
-7 -9 22 -128 -128 -128 119 19
-32 -12 -12 4 -128 11 11 -17
-2 0 10 24 32 22 10 0
-98 -56 -58 -128 -21 8 -128 -54
10 12 17 15 14 -11 1 -3
-2 -70 -6 7 29 48 51 48
-13 -15 -13 0 -128 -128 -128 57
-32 -35 -20 -11 2 -2 -4 -15
0 -128 -128 -128 -128 -57 14 22
25 7 12 10 30 72 -21 8
46 48 8 -7 -17 -17 -17 -19
10 11 -1 2 35 15 -1 10
-6 -1 13 -128 3 0 0 -128
-10 5 10 -128 -128 0 -7 -27
-13 -14 -5 10 3 9 2 -9
-128 -128 7 -47 -128 -128 24 -128
-1 -8 1 5 4 0 -5 -5
-5 14 26 3 -11 -128 -128 -128
90 -36 -20 6 29 18 45 84
46 23 15 -71 -128 -36 12 32
-26 -28 -30 -34 12 8 -31 -29
6 4 23 19 26 21 26 16
10 21 14 3 -4 -7 -5 -4
0 -3 3 5 6 5 -2 -5
-5 -1 5 4 25 31 29 7
-13 -17 -11 -10 2 15 13 -1
3 -128 10 6 6 12 0 50
-9 -5 18 29 -128 -128 -128 -128
-128 -128 18 -23 -128 -36 1 80
0 15 41 -128 -128 -128 -128 47
3 -128 -128 -128 -128 21 -2 -5
2 -6 14 19 -128 -128 -5 -21
-14 -128 -12 9 14 37 39 3
-2 1 5 5 3 -1 -3 -4
12 17 15 -9 -16 -128 -128 -11
23 0 -128 -128 -128 58 51 26
@ 1202867682 60
15 21 22 8 1 -3 -3 -2
0 -2 0 2 2 -1 2 3
-5 -7 -4 -6 -4 -4 -3 -8
-1 -2 0 -2 0 0 0 1
-1 -3 -4 -3 3 -2 -128 -4
-32 -9 -1 5 12 22 8 -34
-9 -37 -30 -13 18 20 19 15
1 1 4 3 0 0 2 1
43 50 46 37 26 15 3 5
-73 -57 6 43 4 -11 25 -25
-12 -4 20 31 27 28 28 -3
0 -1 2 5 11 1 -4 -2
-3 2 13 13 15 31 24 -4
-25 -6 13 24 30 12 -14 -36
-128 -55 -3 6 32 8 -101 -128
16 56 60 0 -4 -5 -7 8
-6 7 18 18 1 -7 -4 -5
3 0 -128 0 4 0 -128 0
-7 -7 -22 -35 -33 -41 9 -4
-20 -2 5 15 18 66 29 -5
-68 0 27 27 4 -12 -5 -43
7 5 2 4 5 0 0 5
3 -128 -128 -128 0 5 3 1
-21 1 16 -28 -54 -38 -20 -21
0 1 -3 -128 -128 -8 -2 0
-2 58 28 -14 -16 -15 -8 0
-20 12 12 6 -2 -8 -31 -47
-14 -17 -11 11 68 69 18 -5
11 10 18 5 6 -4 -9 -7
-3 -8 -128 -38 10 -1 2 -6
4 -2 -48 -128 -128 17 60 13
5 11 10 5 7 0 0 -5
-2 -39 -49 -128 8 -16 -6 -5
1 -5 -6 -5 1 -128 -128 -128
-1 -2 -1 2 7 9 14 8
-91 -69 -38 -1 -41 17 -128 -32
33 30 45 29 -36 -59 -40 5
-90 -38 -10 23 44 34 18 -49
18 6 1 -2 -1 -2 -1 5
36 -13 -12 12 38 27 14 28
-11 -10 6 11 12 5 -4 -14
-10 -1 27 42 29 32 -7 -11
-3 -2 63 73 17 0 -1 -2
-2 -5 12 -128 -128 -128 7 -6
22 17 12 -21 -53 -42 -9 18
3 6 11 4 -7 -14 -13 -8
4 -12 -5 -7 4 -128 -128 -128
18 30 43 4 -11 -40 8 -3
2 4 2 6 19 8 5 -1
-29 -7 8 57 15 -6 -21 -18
4 2 2 2 3 1 1 2
22 -46 -51 -43 -16 -77 -120 -7
-12 1 20 34 36 -21 -50 -41
14 3 4 3 3 -128 5 8
7 4 5 2 3 1 2 4
-14 -16 2 60 52 57 44 -18
-28 -128 -27 -8 10 -29 11 -12
31 22 18 76 -128 54 58 3
-18 -21 -9 23 47 24 3 -11
-9 -13 -14 49 15 34 47 44
@ 1202975317 60
-2 -128 18 31 17 -1 0 0
-15 -128 -1 22 27 23 1 -13
0 0 0 0 0 0 0 0
1 -128 -128 -38 -22 1 1 1
-31 -2 -4 -18 1 -4 -128 -128
16 -11 -5 4 18 33 50 36
1 2 1 2 -3 -15 -9 -3
-31 -31 -6 21 40 32 25 13
0 0 0 -2 -3 -8 -1 -1
0 0 -4 -23 -42 -15 14 17
-1 -1 4 4 3 0 -1 -1
-9 -11 1 -2 -128 -128 28 -5
7 3 -1 -3 1 2 0 4
-1 0 3 4 3 -1 -3 -3
-31 -9 6 4 4 -5 -18 -128
-5 -9 -8 -7 13 -128 -128 5
-128 -128 -128 0 0 0 0 -128
-3 0 1 -1 1 -1 -2 -23
44 29 7 -4 -2 -4 4 25
2 3 3 0 0 -1 2 1
0 0 -1 -24 -13 -3 0 0
-1 -128 -128 -128 6 -13 -11 -17
0 0 0 0 0 0 0 0
3 -3 -20 -22 -3 3 14 3
-5 -1 4 6 5 0 -2 -5
-13 -5 -2 3 6 -3 -9 -17
-17 -61 -80 -128 -106 -128 -12 -128
-2 -6 -3 -3 -2 -2 0 -1
-3 -20 -4 -3 -5 19 0 -1
4 -14 -23 -128 -128 -1 6 5
-3 -2 3 3 -1 -2 0 -4
-20 -20 3 13 27 22 7 -20
-128 -26 1 1 2 1 -4 -128
0 1 19 16 0 -17 16 22
-1 1 2 5 7 4 0 -1
-23 -9 2 2 2 0 -4 -27
-1 1 -2 0 7 6 4 -5
-9 -8 -4 42 57 9 10 -11
9 -5 -9 -16 -2 5 -128 -128
36 35 39 -11 -19 -19 6 17
-5 -4 -2 0 6 8 3 -2
-128 -17 6 5 10 7 -9 -128
-23 -7 2 7 8 9 9 -3
-2 -3 -3 -4 -3 -1 1 0
-6 4 82 -128 12 -5 -7 -8
0 0 -1 -16 -17 -8 2 -1
-95 -67 -18 9 14 9 -3 -45
-128 -128 -35 0 5 4 -1 -16
19 15 -1 -20 -12 -12 13 10
1 1 3 1 2 2 3 1
-14 -3 6 4 2 -7 -36 -36
-128 11 11 30 10 50 46 -38
13 13 9 8 -3 -128 -128 -128
-25 -128 -42 54 58 24 18 7
-1 1 -7 -33 -13 -2 4 -11
0 0 0 0 0 0 0 0
-128 -128 7 3 13 -3 3 -128
5 -128 -128 -128 -3 5 22 1
19 -128 -128 -128 3 55 -128 -8
-4 -128 -128 -128 0 0 0 0
@ 1203699077 53
22 21 0 0 -1 -1 -1 0
35 57 66 31 -2 -3 -2 30
6 4 3 -15 -128 -128 -7 3
-128 -128 92 -1 -4 -3 23 -128
-4 -5 2 -128 -128 29 23 -5
0 0 0 22 0 0 1 0
-11 -32 -40 -27 6 22 22 7
13 8 9 43 63 42 12 7
-24 -23 -10 -3 9 24 36 -8
46 -128 -128 17 49 -128 -128 12
-29 -34 -24 -14 10 21 19 -15
-128 -10 12 -10 5 5 12 -14
-128 -128 -128 5 52 5 0 -128
-1 -6 -5 -4 0 1 2 0
-27 -1 22 26 14 -7 -29 -39
28 -20 -30 8 -11 -75 -128 -18
6 -1 -1 0 1 5 5 7
16 -128 35 60 39 53 0 -27
42 41 -128 33 2 2 2 1
58 57 -23 -25 -26 -128 -73 -43
-43 4 31 35 18 -6 -51 -72
6 -2 -7 -23 -13 -7 2 6
-10 -43 -43 -26 8 -24 -128 51
-75 -106 -39 -128 -128 -128 -128 31
-57 -82 -39 -15 30 35 25 -7
37 36 0 0 1 0 2 28
-4 5 25 11 13 26 30 -1
-2 -6 -5 -9 -13 -14 1 1
32 22 -9 -8 -5 2 39 51
37 0 0 -1 0 0 1 4
27 26 -6 -9 -4 19 -128 -128
1 1 0 -8 -11 -12 -1 1
40 7 -19 -20 -15 -14 12 22
-8 17 34 28 0 -41 -48 -44
0 0 0 0 0 0 0 0
-8 0 15 -44 -71 -74 -128 -128
-16 11 34 40 12 -59 -128 -82
5 45 46 76 -72 -128 -8 -26
0 0 0 -1 -2 -2 5 1
1 -18 -128 -128 -128 -20 -1 -23
-18 -43 -34 -14 14 35 37 4
20 25 47 48 55 39 10 -12
-71 -60 -4 32 28 13 -1 -43
-44 -34 -17 12 33 34 22 -36
-20 -35 -26 -15 -7 23 -3 -9
24 -9 -11 22 24 -128 -128 22
7 12 8 -128 -128 -7 13 13
92 55 0 -2 -1 -2 -1 68
82 59 -3 10 33 81 103 77
0 0 0 0 4 0 0 0
3 25 33 41 17 -29 -45 -31
66 3 -51 -64 -44 -8 18 56
-6 -1 54 19 -44 1 1 10
@ 1205012244 56
59 2 0 0 0 0 6 17
-10 -17 -4 -9 -2 -25 -43 -14
0 -4 -6 -4 0 0 0 0
0 -24 -128 -41 0 8 9 12
20 18 5 -18 -42 -33 -5 8
0 0 1 1 0 0 0 0
-16 -10 -5 -49 -128 -71 -4 -14
-2 -2 -1 -1 1 3 2 -1
3 -9 -11 -6 0 2 4 3
1 0 -1 -1 1 1 3 2
13 13 13 -3 -9 -12 -5 4
-9 0 69 91 108 2 2 -12
0 0 0 0 0 -1 0 1
-15 -128 -58 -12 -21 -33 -11 -7
10 13 16 11 8 4 6 4
-3 -4 -3 -3 5 7 3 -4
1 0 0 0 0 0 1 1
-1 -1 -1 -1 -1 0 0 -1
-26 -10 -15 -37 17 -5 -67 -128
-128 -128 15 11 14 3 13 -42
26 20 38 -17 -4 3 12 21
1 0 -1 -1 -2 -1 -1 -1
21 21 0 1 2 1 11 45
7 10 8 1 -2 -5 -2 0
1 -1 0 0 -2 -2 0 0
-1 -2 2 19 24 -7 -14 -6
1 3 2 4 4 -20 -36 -31
1 8 7 2 -1 -26 -40 -23
4 2 -5 -8 -2 -7 -8 -2
-4 -2 0 1 1 1 0 -3
-34 -28 -15 -9 -7 -12 -7 -22
2 4 5 3 -2 -1 1 1
1 0 0 0 0 0 1 2
83 -128 11 -14 -17 -20 -7 31
0 -2 -2 0 0 -3 -3 -2
-5 -4 0 0 0 0 0 -4
3 1 2 3 3 1 3 3
-41 -128 -128 4 -5 -13 -14 -8
-11 -9 -62 -63 -20 -42 -53 -59
2 1 1 0 0 1 0 1
-34 -11 -58 -75 -26 -9 -24 -53
1 0 0 10 5 0 0 1
0 5 33 20 -38 -128 -87 -22
2 2 2 2 1 0 0 1
-1 0 -1 -2 -2 -1 1 -1
8 1 -11 -18 -12 -4 5 6
1 0 1 0 0 -1 -2 0
26 6 6 4 -2 -6 -2 10
0 -3 2 6 4 -4 4 3
13 -128 -128 -128 0 -14 -26 12
-6 -4 -3 0 1 1 -2 -10
-105 -16 3 5 15 13 4 -128
-44 -38 -2 0 -1 -3 -1 -3
2 4 9 1 -4 -8 -7 -3
-3 0 28 20 51 21 2 -5
4 4 5 3 7 2 -1 1
@ 1205464166 60
-5 9 11 -6 -4 -4 2 2
16 8 -1 0 0 15 21 21
6 -11 -2 -6 -1 12 13 6
9 5 10 -4 -12 -18 -10 -4
34 38 43 28 -10 -34 -28 -24
-128 -128 -7 12 19 17 -128 -128
-27 -59 -54 7 38 52 51 6
-7 -2 0 -3 -1 -1 -3 -25
-25 -44 -12 -16 -19 -33 -34 -21
-23 9 36 36 22 2 -25 -46
1 13 27 21 13 5 1 21
-23 -62 -87 -62 -24 -17 32 36
-5 11 12 19 23 34 36 19
53 15 -4 -13 2 -25 17 18
20 -5 0 -6 -12 -14 -3 9
2 -4 26 -2 -28 -63 -34 -7
-18 -53 -52 -57 -40 -5 23 -9
60 9 -10 -12 -13 7 42 62
58 -128 -128 -2 30 -128 -128 22
-4 -11 4 35 53 50 -128 10
12 -12 -16 -128 -103 -13 49 35
66 20 -17 -36 -30 31 65 63
16 2 2 8 14 22 19 7
14 18 16 -1 -34 -15 -1 4
-5 0 5 24 16 21 -17 -128
-14 -11 -1 -2 9 18 22 7
-2 -4 3 -1 18 8 6 4
2 -18 -26 -128 -128 -24 1 4
-9 6 21 2 53 40 43 -62
-22 -40 -8 17 3 -6 -3 0
0 4 -2 -1 1 12 10 -4
11 -8 -12 -26 -16 -18 7 10
-29 -9 1 1 3 3 0 -128
42 21 14 11 36 16 2 23
-7 -8 -29 -43 78 65 37 14
-24 -35 -25 -5 27 -11 -18 -7
3 7 2 1 2 4 7 1
32 29 11 -6 9 -1 1 12
8 9 16 17 -2 -28 -7 5
-53 -2 16 38 38 -1 -1 -61
48 11 -32 -34 -6 -7 18 35
-43 -38 -39 -30 54 70 50 26
53 22 10 33 -35 -7 24 27
12 18 32 39 34 -6 -11 -18
-19 -20 21 37 31 17 -4 -22
1 -128 -128 -128 -128 -1 2 22
-32 -20 -21 7 37 32 20 -25
-2 27 30 -9 -44 -15 12 -6
-23 -32 -34 -28 -16 7 28 0
0 -18 -128 -36 -12 -9 12 21
-128 -128 58 -128 -128 -128 -128 -128
-8 -7 -5 -5 14 19 -3 -5
-7 -5 24 2 -3 -19 -41 -37
60 28 12 39 29 -5 30 58
-28 1 27 41 39 26 13 -12
-27 -30 -16 11 33 17 4 -21
1 -1 -45 -13 3 4 -4 -2
19 31 36 12 -1 6 23 14
45 0 -66 -128 -128 -37 38 45
-18 -3 16 6 0 -5 -29 -46
@ 1205849808 60
6 0 -128 -26 0 17 23 10
17 37 47 39 2 1 2 3
-14 0 1 0 2 -13 -13 -25
-14 -7 -10 -12 -6 1 -17 -81
15 59 16 -20 -21 0 10 15
0 21 25 16 -1 -37 -50 -40
54 71 58 40 -47 -56 -33 2
54 -39 -67 82 90 -128 -128 70
36 -19 -55 -128 -89 23 71 72
-5 -17 -11 -3 6 43 58 5
21 23 15 -7 -23 -22 -12 0
-128 -14 -10 -128 -128 -81 -19 -128
2 -3 -10 -19 -14 1 21 15
30 39 36 25 24 12 -8 8
44 53 34 -5 -88 -63 -16 -1
18 26 26 23 20 -9 -17 -12
0 20 38 44 4 -70 -128 -49
22 53 66 39 -6 -14 -38 -10
-42 10 54 65 25 -5 -53 -128
-27 -62 -70 31 38 20 8 -13
12 24 38 -8 -43 -53 -16 -38
18 36 22 -19 -36 -49 -27 -8
-128 -128 -3 -1 0 1 1 -128
-77 -28 19 -5 34 28 -16 -128
0 10 12 13 -23 -47 -128 -36
65 59 73 44 44 -15 -1 26
5 9 15 0 -18 -20 -9 -8
8 2 0 8 12 -3 -1 12
0 0 8 0 -18 -21 -15 -12
-55 -49 -11 -27 -116 -128 -13 -42
30 7 -14 -10 9 13 17 27
0 -1 -1 -8 -128 18 -128 61
14 -74 -94 -70 -18 -63 -41 -9
-17 -26 15 -10 -128 -128 -9 -8
-51 2 25 14 -17 -20 -37 -128
-18 -33 -32 -16 13 21 29 15
24 0 -3 -1 0 0 4 25
1 1 17 0 0 -21 -18 -17
6 10 23 38 40 32 -9 -14
1 -3 -2 -8 -6 -8 -2 -1
-35 -29 31 -128 -128 49 57 -7
41 28 26 7 -14 -33 -36 0
18 8 0 0 16 13 11 18
19 15 0 -17 -17 -16 -17 1
24 66 72 49 14 -19 -80 -12
-33 -128 -34 -9 11 -36 6 -7
41 21 0 -2 -1 -4 -2 31
0 -65 -128 -54 0 35 38 26
-128 -128 14 39 38 21 -8 -60
22 26 29 22 14 6 9 13
-128 -128 -20 -20 -7 7 15 -128
45 0 -41 -36 0 25 45 53
25 0 -44 -55 -32 0 23 29
13 6 -10 -11 12 19 -26 -35
8 -7 -10 -14 -7 -6 7 10
24 0 -22 -62 -33 -16 39 39
2 -42 -34 -8 14 19 23 21
-13 -32 -22 -2 25 59 55 5
63 80 55 -15 -27 -35 -14 36
-80 -128 -28 6 35 17 -13 -64
@ 1206009307 60
51 -8 -14 -13 6 29 42 49
24 14 5 -4 -4 -5 0 11
105 -128 22 -16 -19 -17 -5 59
39 -12 12 44 87 1 3 48
-128 -128 -128 -128 94 -128 40 -19
-76 81 83 68 -46 -128 -39 -128
-2 -12 -3 -128 8 17 10 -3
-32 -14 32 87 -128 30 -128 -128
-45 -13 64 -128 -11 -48 -128 -14
-26 -38 0 12 29 30 33 15
-2 26 49 -5 -6 -22 -9 -44
-128 -17 -20 -14 38 -1 -49 -128
63 59 37 -128 -128 -128 -76 -128
39 36 33 40 71 30 40 8
-128 -128 -128 -128 -128 -128 -128 -128
-128 -61 53 94 7 68 73 -128
6 -8 -6 -3 12 49 50 39
-128 -128 -128 -128 52 -128 67 31
8 40 61 63 52 9 10 -33
-128 -128 -128 -21 -7 -128 -128 -128
21 76 51 14 45 93 97 20
-1 -1 56 30 1 23 56 17
45 45 -2 2 48 86 90 51
93 46 -28 -128 -128 -61 -49 -128
-21 -7 -1 -2 4 6 42 -128
-7 -5 8 -15 -38 -35 -38 -30
-50 -45 -128 -128 19 -24 19 -128
2 -11 3 -128 -128 -128 1 2
0 -128 21 5 -128 48 -128 -26
19 -128 39 5 33 60 67 51
-3 -3 21 -43 -128 -128 -128 -4
-128 14 12 21 25 15 5 18
42 -15 -128 -128 -53 -51 2 76
46 12 4 -24 -10 -2 22 51
-114 -68 -38 -128 -128 38 -128 35
84 63 22 -9 -6 4 -128 -128
119 63 108 -128 -128 -42 -10 -5
-128 -128 80 -128 19 -128 -128 -58
-2 71 76 -128 -128 40 12 0
5 -6 35 17 -21 -53 -44 17
-128 -15 52 38 22 11 -128 -128
27 -29 -4 -16 -13 -13 -128 -22
-128 -128 71 60 -11 -17 10 -128
-2 9 11 3 17 7 5 0
17 11 1 -5 -9 -16 4 12
13 11 4 11 57 12 -21 -5
-128 -39 -40 -128 -20 -22 -88 -128
7 6 0 -6 -4 -8 -5 3
47 57 47 -73 -28 -76 -65 -45
-22 -39 -27 -74 42 -18 -107 -20
30 2 -128 -128 -6 20 5 28
7 -128 -128 -128 -12 -128 -128 -47
4 -128 -25 3 6 40 35 4
-18 -64 -58 -66 27 61 42 -5
40 -56 7 -39 -26 -57 -45 6
113 -128 93 9 -21 -26 -12 31
-128 -128 -13 -17 -16 -18 -128 -128
3 -2 16 46 2 4 8 12
31 27 27 1 3 0 23 34
-26 5 47 42 29 37 44 -6
@ 1206203560 60
-2 -2 3 1 1 1 1 3
-1 1 2 -1 -2 -3 3 1
3 12 39 2 -1 -2 0 2
5 12 8 0 -14 -128 -128 -8
4 -1 0 0 6 1 1 2
9 2 0 -3 -2 -1 1 3
-5 -5 0 2 2 2 2 -1
-2 -1 0 1 1 2 1 -3
13 4 -1 -5 -4 0 13 17
-5 0 1 2 2 2 2 -1
3 7 10 2 -7 4 11 6
1 -2 -4 -6 -1 0 3 3
-4 -3 -1 -1 -8 -15 2 -2
-2 6 9 7 3 -21 -128 -25
1 1 1 0 2 1 1 1
-6 -128 -11 -3 2 3 3 0
2 -2 -4 -7 -5 -3 -1 0
2 -1 -2 -3 -2 -1 1 1
1 2 2 1 -1 -3 -1 -2
-1 1 2 1 -1 -1 -2 -2
-4 1 3 5 8 4 -4 -12
6 3 1 5 2 -2 -2 2
-4 -3 -2 1 5 9 6 -4
-4 -7 1 2 5 4 2 -1
1 4 0 -2 -2 -2 -4 -4
-4 4 14 10 9 -28 -71 -17
15 13 12 -11 -128 -128 -128 0
3 3 0 -18 -15 -7 0 2
-2 0 6 3 1 -1 5 0
-6 0 56 41 39 15 -5 -7
50 69 65 25 -8 -20 -15 -15
-128 1 -18 32 37 45 -128 -128
2 6 15 1 -1 -1 -1 0
-6 -1 3 4 4 -2 -21 -26
-9 -8 6 16 22 16 5 -6
-3 -6 -4 5 11 3 0 -1
0 0 1 0 0 0 0 0
1 0 0 -1 -2 -1 2 1
-1 3 2 -5 -6 -4 1 -4
0 0 1 0 -1 -4 -4 -1
-5 -5 -5 -2 6 4 -1 -6
2 1 1 0 -2 -6 -2 1
17 29 22 4 -14 -32 -26 -21
8 -6 -2 -1 1 4 7 8
1 0 0 -1 -1 1 4 4
3 2 0 -1 0 0 1 2
0 0 0 0 0 0 1 0
0 1 1 1 1 -2 -3 -2
5 2 1 -10 -14 -13 -1 3
0 -6 -6 -3 2 -1 -1 0
42 15 -2 -5 -2 0 3 6
2 3 2 0 0 0 0 0
1 3 8 2 -1 -1 -1 0
0 -1 -1 -2 -1 2 4 2
7 2 1 -1 -2 1 2 3
-10 -13 -10 -10 -4 1 3 -5
0 0 0 1 4 2 1 0
-3 3 2 0 2 2 -2 -9
-4 0 0 0 2 2 0 -4
0 0 0 -1 -1 -1 -2 -2
@ 1206226299 55
-23 -12 43 2 7 11 -128 -16
18 61 81 -4 -14 -128 -128 -128
-128 1 39 -53 -50 -16 2 18
-17 -34 -52 -128 59 -21 -15 -128
-17 11 23 23 18 -15 -128 -128
-77 -128 -128 -62 -26 49 40 -57
-128 -128 6 14 8 -72 -64 30
27 21 44 49 55 46 -128 -8
53 44 66 59 22 1 3 -1
-12 21 26 76 82 0 -16 -28
-13 -45 -61 -72 -19 2 -2 -4
-128 -128 65 -5 -64 -85 -62 -128
47 49 61 -32 -17 -24 -7 -21
32 50 44 19 8 -33 -45 -1
-128 -128 43 28 9 55 -128 45
14 75 57 -128 -128 67 8 -17
-128 -128 40 -15 -54 -49 11 48
-3 37 37 16 -47 -67 -54 -11
11 -8 -46 -36 -17 -7 0 3
-57 -46 -7 -7 17 0 -31 -29
10 -1 6 23 23 20 3 5
1 10 8 5 -32 -128 -104 -35
45 67 45 -22 -54 -31 -30 -53
-7 23 28 26 38 20 -128 -128
-18 -11 14 23 19 -10 -128 -128
-35 -48 -18 5 21 40 60 -68
-19 55 71 77 45 4 -36 -52
43 -59 -73 -66 -31 -9 21 65
-1 -18 -9 -13 -6 -7 12 16
7 33 33 47 27 6 3 -3
-7 17 -128 -128 24 15 -6 -10
35 39 -18 -56 -128 -53 -28 -39
68 71 55 15 -9 -51 -94 58
-128 -128 -128 -20 27 24 15 -11
13 -39 -32 -128 -8 14 -2 10
-11 22 38 -38 -79 -45 28 11
73 15 14 -128 -128 -51 -51 11
15 -38 -33 -128 -4 -13 -28 -23
113 22 -47 -128 -128 6 33 -128
44 47 45 49 53 58 18 -128
-128 -128 -128 62 -128 15 33 -128
50 -128 45 39 41 49 3 21
45 -40 -128 -73 -128 -74 -88 0
19 60 74 53 -40 -52 -18 -128
17 44 48 -17 -42 -23 -18 0
-10 -15 -12 -13 7 24 26 3
-128 77 78 -1 -4 -2 39 74
99 98 8 2 5 -47 -128 -52
4 73 -128 -128 84 49 68 68
42 51 -128 -128 -128 -128 -60 12
85 16 -42 -34 8 -6 24 73
-128 -128 45 41 56 41 -21 -15
-111 -128 -44 39 20 -17 -128 -104
-69 -40 -24 -31 -1 -128 -128 -128
-14 17 9 18 19 -56 -23 -20
@ 1206286558 60
-5 -14 -13 -6 4 -128 8 7
-46 -34 -36 4 17 17 8 -7
23 -128 -128 0 14 20 18 22
3 -12 -18 -16 -17 -3 5 5
-7 3 10 10 5 -4 -11 -13
-15 -9 3 11 14 8 -2 -14
-4 -3 1 2 3 1 -2 -4
45 20 -21 -128 -128 -21 6 35
42 22 -6 -12 -128 -28 0 29
0 -4 -6 -12 -7 -5 0 0
7 0 2 1 -1 -4 19 30
20 17 9 -17 -36 -47 -26 -1
5 5 3 -8 -18 -26 -13 -3
35 7 -27 -128 -128 -21 15 34
-3 -128 -6 -7 -2 0 1 -2
7 5 1 -8 -11 -9 -2 5
-2 -3 11 15 10 -3 -8 -7
-7 -20 -14 -19 -8 24 28 24
0 1 2 1 2 1 0 -128
2 0 -8 -128 -8 -2 -1 -1
15 3 -1 -1 -27 -10 6 15
92 10 19 24 42 7 70 -128
-6 -5 -4 0 3 4 1 -4
12 10 3 -7 -14 -13 -4 7
-28 -54 -40 -7 21 25 20 -14
-14 23 42 31 0 -28 -128 -128
-3 0 3 3 1 -3 -5 -4
9 38 57 35 0 65 82 65
13 7 -2 -11 -14 -9 2 10
11 26 28 3 -27 -49 -48 -24
59 1 33 58 59 0 55 81
-10 25 46 32 0 -128 -128 -128
19 20 15 -10 -36 -52 -31 -5
0 24 0 -9 -23 0 -6 3
-12 -2 4 3 1 -12 -26 -18
40 34 35 70 45 5 52 77
-26 -4 16 17 7 -13 -33 -45
4 2 -1 -4 -4 -3 0 3
45 6 -33 -128 -128 -24 18 42
-128 -18 -12 23 41 30 3 -128
-1 4 6 3 -2 -8 -8 -6
-6 -1 5 4 1 -11 -15 -16
-12 -23 -21 -15 -1 5 7 1
48 4 30 62 52 9 54 73
53 39 2 35 48 32 9 36
24 22 11 -21 -43 -50 -23 3
11 1 -9 -13 -11 -4 8 13
0 -4 -5 -6 -2 1 3 2
2 1 3 1 -2 -2 -2 -1
8 4 -1 -9 -11 -7 2 6
3 2 -2 1 10 1 2 1
-4 1 6 5 1 -4 -8 -8
8 2 2 5 5 1 -3 -3
-29 -2 0 14 14 -3 -23 -39
-10 -17 -14 -5 7 12 11 1
4 -1 -6 -9 -6 -1 5 6
-14 -13 -6 4 9 -128 3 -7
-128 -128 -12 33 46 33 -11 -128
55 37 -2 59 78 59 5 41
14 8 -6 -19 -20 2 0 11
@ 1206643690 35
-6 -8 -10 -19 28 56 52 20
-10 -7 -35 -38 39 22 27 -9
-7 14 46 -128 -128 103 39 19
7 -9 -9 14 -128 -128 -128 2
12 12 59 40 49 54 49 53
-28 -7 -5 15 58 13 32 -17
36 -21 -17 41 -8 26 -128 -39
5 19 8 -87 -119 -54 -22 3
-42 -128 -31 -8 79 67 15 15
17 20 20 13 12 -1 1 8
9 13 9 -5 -10 -6 -2 -5
17 7 -1 -3 -6 4 31 19
45 48 19 13 -20 -50 -62 0
12 12 7 4 8 -128 3 -6
-4 40 54 29 -22 -99 -7 -11
2 10 23 0 4 -4 -1 -34
-10 -29 -40 -12 1 -1 16 11
-128 -128 17 -128 44 -1 -128 -128
-11 11 10 7 -36 -128 -128 -76
-31 -39 -25 -14 -8 35 63 29
30 40 20 -128 -128 -128 -128 -128
11 10 25 -26 -1 -70 -34 12
-30 -17 27 -128 41 25 19 -128
65 58 4 0 -2 2 33 52
81 -8 -52 -4 8 11 12 77
56 18 0 -4 -14 56 -128 -128
-11 -128 -8 0 6 29 25 -6
2 -4 -38 4 16 -128 -128 5
-128 -128 5 5 7 27 3 -62
-21 -64 10 7 9 -31 -22 -21
8 4 -30 3 -128 112 119 3
-128 0 0 -16 -15 -4 -2 -128
-4 -5 16 64 91 55 40 -11
26 4 -15 -37 -57 -17 7 25
-68 40 102 77 -8 9 5 -58
@ 1206849007 39
14 -128 24 2 -6 -12 -6 1
4 4 4 0 1 14 26 9
4 2 -10 1 4 -128 -128 -128
-3 -3 -2 -5 2 37 38 20
-11 -1 24 63 24 3 -128 -128
7 11 8 -6 -128 -128 -2 6
-30 -2 0 -128 -128 -10 -1 -128
3 -128 1 25 -34 -3 1 -4
-128 -128 -128 6 30 14 3 -128
-128 -128 -128 2 16 -128 26 -32
8 6 7 34 16 -3 -7 -6
-5 -28 -128 -128 1 1 2 1
6 16 0 -3 -2 -3 1 2
23 6 -6 -5 16 1 -2 2
-3 7 32 15 -1 -18 -23 -17
-23 -21 -2 18 -128 33 35 -13
-128 -128 12 14 12 4 -128 -128
-40 16 68 57 57 30 -37 -79
58 -128 12 -6 -8 -17 -4 20
67 24 4 -19 -21 -30 -4 34
42 -128 -36 -128 -128 -128 -128 -128
39 25 2 -5 -6 -5 6 25
-72 -66 0 0 41 22 -128 -61
33 6 -5 -10 -5 -8 -6 6
13 -128 10 -1 -4 -5 0 4
6 -23 21 0 1 -4 16 5
-7 -9 -11 -4 55 36 6 -9
-13 13 18 8 10 3 -18 -128
21 17 8 -128 -5 9 15 17
14 2 -2 -11 -4 13 24 2
19 0 -5 -17 -6 -4 -2 6
12 5 7 8 -4 -11 2 6
14 10 3 -128 -128 -128 8 10
-11 -9 4 6 28 37 39 -5
-5 -5 -1 16 26 -5 -5 -6
16 -11 -8 -10 -6 91 -128 -4
-3 -107 -128 -23 4 26 46 24
5 1 -7 -20 -6 3 23 28
-13 -128 -128 -4 -4 -3 13 2
@ 1206946500 60
29 29 39 26 -7 -35 -33 -21
-3 -3 11 -16 -21 -34 -25 -27
6 -1 -2 -2 -1 -2 2 2
1 -6 -5 -2 2 5 9 8
-128 1 28 23 17 -7 -128 -128
6 5 2 -1 1 -2 2 1
11 17 1 -13 -2 -2 0 2
6 0 -4 -21 -17 -10 22 23
-12 -14 -7 -1 8 0 -2 -12
-13 -10 3 11 15 21 7 -7
13 15 26 22 -27 -128 -41 -5
10 5 5 -15 10 -128 -128 62
8 7 3 -128 -128 -128 7 8
20 12 2 -1 2 -1 -1 -3
-32 -8 -5 15 9 6 4 -23
4 -44 -52 -38 3 7 8 3
-3 -9 -1 1 4 4 4 3
30 27 6 -128 -128 -128 2 17
-73 -8 13 -5 -1 -16 -16 -128
-16 -12 -1 3 14 12 -1 -20
-4 -3 2 3 5 4 1 -1
-19 -26 10 54 12 8 -3 -25
9 5 -3 -19 -17 -4 8 8
-16 -128 -128 -58 -1 10 25 7
-3 2 7 9 15 -3 -7 -9
0 15 9 4 -128 -128 -128 -128
10 14 21 9 -8 -20 -19 -11
-8 -3 3 2 0 -8 -14 -22
-25 27 -128 -128 -12 -23 -16 -26
-4 -3 2 5 6 -1 -8 -8
7 5 5 3 0 -3 -3 2
6 5 -2 -9 -6 -7 -3 -1
8 7 -15 -35 -18 7 29 12
-10 -128 -59 -36 14 12 13 5
23 15 13 -4 -3 -7 -5 7
12 16 18 8 -16 -26 -13 0
-11 -6 -21 -28 -22 -44 -40 -34
4 0 -18 -10 6 10 9 7
-26 -17 -17 -18 -10 21 5 -36
1 -8 -6 -2 13 41 44 20
16 9 -6 -15 -16 -11 -4 8
3 -26 -49 -44 -8 13 20 12
-3 -10 -6 -7 8 19 15 7
5 -9 -18 -6 9 13 16 10
-21 -20 -3 6 17 3 13 1
26 12 19 -22 -111 -58 0 7
3 9 11 9 15 11 0 -1
2 -11 -9 0 5 10 8 4
0 -2 -4 -5 -1 7 10 1
-11 5 11 9 5 -47 -128 -89
3 -1 2 4 5 6 4 5
-12 -4 12 18 19 16 11 -5
8 34 37 16 -3 -19 -22 -10
-12 0 12 11 3 -13 -16 -15
-4 -14 -12 -1 11 14 14 1
-7 -9 -2 6 11 11 5 -7
-1 5 2 1 3 -5 -3 -6
-3 -9 -8 -5 4 13 8 1
6 3 6 2 -1 -18 -8 1
-5 -26 -21 1 7 15 8 4
@ 1206983459 31
1 3 0 -1 0 -1 1 1
2 0 0 0 0 -1 0 0
0 0 0 0 1 0 0 0
3 0 0 0 1 0 0 2
0 0 2 1 1 0 1 2
-5 -72 -55 -19 -24 -48 -45 -44
5 -2 -1 1 -4 -11 0 1
11 9 11 9 -22 -33 -12 3
-14 -1 21 -7 -1 -6 -13 -20
70 -128 56 -17 -69 -18 -7 32
-10 2 4 13 14 -4 8 -5
21 1 1 2 1 1 6 31
22 -1 1 1 1 1 0 4
-14 -6 31 22 9 5 -8 -25
1 0 -1 -10 -11 -6 0 1
-16 -36 14 69 13 11 23 -7
1 -2 10 40 55 16 18 12
46 12 6 7 20 4 27 -128
0 26 -8 3 21 5 -5 -13
-1 0 0 0 1 0 0 -1
-26 -9 34 54 59 42 8 -26
0 1 0 1 11 22 17 -1
19 18 39 47 54 38 3 24
-36 -42 -33 -7 -23 -43 -100 -63
1 1 3 0 1 1 1 -1
-10 -128 -23 -128 5 -128 25 4
5 -37 12 9 11 19 18 18
1 0 0 -1 0 1 1 1
-1 2 7 -1 -2 -1 0 -2
0 0 0 0 -1 -1 0 0
31 -2 4 23 -128 -128 -128 29
@ 1207277291 60
-128 -128 24 -8 -9 -2 16 -128
41 -5 -12 -49 -3 -3 38 53
4 -13 -49 -84 -46 2 10 6
-1 -38 -128 -128 -128 -6 -6 -1
-48 -83 -68 -7 46 16 9 -20
61 21 7 6 3 8 55 75
1 -25 -20 -11 26 15 5 8
-35 -128 -64 -33 53 100 106 62
10 0 10 5 7 17 14 14
4 25 4 -47 -86 -128 -69 -43
19 41 41 42 20 -2 -43 -32
4 29 -128 69 73 7 13 16
57 51 54 -15 -8 10 34 61
-43 -61 -128 40 -128 -128 55 0
56 53 26 49 73 87 96 74
42 35 37 20 -5 -20 -4 34
11 10 6 -31 -24 -24 23 22
4 0 3 6 18 18 13 8
-12 -7 49 73 41 2 -36 -47
35 12 -15 -61 -50 38 -128 -128
-6 -7 1 2 1 1 2 -3
-128 -128 1 5 19 9 1 -128
3 -15 -19 -16 -13 -17 8 1
1 1 -11 40 48 42 34 -35
8 -25 -87 -27 21 68 -128 32
-6 -128 -128 -128 -31 -2 7 2
51 60 12 -45 -88 -81 -12 32
-9 -28 -48 -48 9 3 -2 5
71 8 -11 -8 4 43 -128 71
59 -128 -128 -128 -128 -59 -29 -33
-49 -61 -56 -128 -128 -42 -2 -25
17 8 -9 -26 -57 -83 -23 -4
42 0 5 26 21 -128 -128 -128
8 11 14 46 -1 -10 -128 -128
2 -23 -20 -20 0 -128 -128 -128
16 39 43 58 29 -31 -87 -56
4 22 22 15 -11 -27 -50 -21
-46 -53 -22 -5 28 43 20 8
-128 -128 -128 -16 0 -18 2 -128
6 30 45 41 13 -26 -30 -22
-128 -128 -2 -1 -2 -1 0 -128
-32 -16 33 49 -4 -52 -44 -128
-60 -45 -48 -36 -28 -24 1 -23
11 11 -18 -52 -15 2 12 12
-28 -31 -19 -15 13 28 45 -6
-35 18 21 17 5 -75 -128 -77
-18 -128 -61 -3 36 69 70 32
16 28 98 -128 5 3 32 7
43 56 61 64 40 54 50 34
59 48 54 48 -21 -64 -36 20
-128 -128 -128 -128 -3 -7 1 1
-128 -128 -128 -81 80 15 33 37
86 81 -128 73 -2 -37 -20 -63
18 1 27 -1 -16 -29 -2 -1
-28 -128 -128 -128 -6 -3 -7 11
15 9 5 0 -9 -60 -30 -47
34 65 24 -128 21 -6 -13 -16
16 -75 -73 -44 0 26 47 42
26 1 0 -1 -1 -128 2 -128
-67 -9 72 30 10 -51 -128 -128
@ 1207729337 43
-4 0 4 4 3 2 3 1
5 11 12 4 4 -1 -1 0
-33 -22 2 5 3 1 -6 -38
-24 -128 -18 6 41 44 47 -8
4 -5 -4 -7 -5 -9 -9 -13
16 19 24 13 2 -32 -24 -8
33 23 15 -2 -128 -128 -128 3
31 28 10 -128 -128 -128 1 13
20 -9 -42 -30 -7 24 34 28
9 -6 -9 -128 -4 -3 4 9
5 1 -128 -128 0 5 10 11
4 0 2 -5 -15 -30 -21 -3
0 -10 -8 -128 -128 -9 2 -7
12 -24 -41 -21 3 -20 -12 11
-25 -25 -8 -27 -32 -14 0 -18
-128 -128 -128 -128 -128 -128 -128 -128
18 5 3 8 -3 -32 4 11
5 12 20 -8 -17 -20 -4 4
4 2 -9 -15 -17 -19 3 3
-128 5 0 -128 0 10 9 3
-11 -2 -3 -19 -6 2 -1 -11
-5 -128 -20 -2 -6 -3 23 -3
11 6 -8 -20 -23 -11 23 19
5 4 4 3 5 5 -2 -3
-10 -12 1 0 8 6 2 -128
5 3 0 -7 1 -7 13 11
46 24 -10 -27 -26 -5 34 41
-128 -128 -128 -128 -90 -128 -128 64
18 8 5 -2 -11 -12 -3 3
-30 -19 7 9 10 3 3 -31
29 17 6 -5 -9 -14 -1 17
-128 -3 -4 -3 3 -1 3 -3
-6 -30 -20 -2 4 14 16 -6
-128 -46 -6 6 0 -128 -128 -128
-15 -9 2 13 16 10 -3 -12
-128 -128 -128 30 41 10 -23 -128
6 -6 -1 -14 -26 -24 1 4
59 31 -79 17 7 42 -128 -128
-19 -8 16 19 12 11 10 -17
2 6 8 6 6 0 -3 -8
-4 -2 9 13 10 -128 1 -6
1 1 -1 -6 -5 -6 -9 -9
1 3 9 7 -1 -19 -18 -14
@ 1207740325 60
1 -3 0 0 1 -10 -3 2
8 4 8 2 -31 -56 -21 6
5 2 -3 -21 -32 -28 0 3
-1 -1 3 0 1 0 0 -1
5 2 0 -3 -1 1 1 -2
-2 2 105 -3 -13 -18 -8 6
10 -5 -19 -13 15 1 -1 -1
-24 8 110 -128 94 -7 -48 -43
-8 -7 -7 17 -128 11 1 -7
-9 -8 23 33 37 49 52 3
62 32 -128 -128 62 -11 -23 72
-3 -8 -5 2 -128 12 12 7
0 -13 0 -128 -128 -128 -128 -128
-6 -20 -12 0 3 86 12 -8
17 12 -2 -36 -28 -39 -15 10
-22 -1 7 7 6 -5 -33 -31
9 -13 1 -21 -77 -50 2 15
0 -1 0 0 0 0 0 0
-17 -13 -11 58 -128 13 -1 -10
28 10 2 -4 5 46 49 28
12 15 17 11 21 3 1 -4
17 20 25 42 32 -29 -45 -61
-30 -27 35 82 33 8 -30 -40
0 1 2 1 2 1 1 1
0 48 37 13 0 -9 -17 -29
77 8 5 7 2 -12 4 -128
3 3 1 0 1 2 4 3
7 -15 -128 -128 -128 -37 -9 36
0 -1 10 6 5 -1 1 0
59 80 11 -3 3 -51 -92 -62
2 0 0 0 0 -1 -1 0
31 35 50 -3 -4 -3 1 12
15 9 8 2 2 27 37 26
1 -5 1 1 23 24 13 4
39 -13 -1 -1 3 5 3 17
10 33 0 -11 -59 -40 -26 -3
-28 7 29 -8 -7 -54 -30 -67
-10 3 11 -128 -128 -8 -13 -15
0 -9 1 2 3 1 0 1
-16 -24 36 -1 -12 -22 -25 -51
-1 0 5 7 4 0 -3 -7
-128 -128 12 -5 -3 -4 10 10
-1 -8 -45 -128 -67 -44 17 54
0 0 0 -1 0 0 0 0
28 20 2 -2 -1 -2 -2 3
0 0 1 1 0 0 0 0
-14 71 -128 -128 93 -15 -5 -14
-110 -34 49 59 -18 -38 -32 -58
6 -23 -18 -18 -8 4 -128 -128
5 -28 -25 1 5 -128 -128 5
118 116 9 -1 0 -3 -1 3
-18 17 27 -24 -48 -59 -53 -74
-5 -13 -10 23 45 32 1 -6
15 75 82 -2 -16 -21 -7 -12
-128 -128 87 -18 -16 -24 -10 -128
23 8 12 5 -9 -9 13 -128
-128 74 79 -128 95 8 58 -128
13 8 10 10 -1 -5 -2 4
-29 54 57 -59 -58 -41 -63 -105
59 19 -10 -58 -34 -11 30 53
@ 1208229546 60
52 0 -46 -128 -55 -1 5 30
0 0 0 0 0 -1 0 -1
10 9 11 10 16 29 25 9
6 0 -1 -1 0 5 25 18
27 -8 18 1 -53 -68 -42 0
19 -6 -71 -47 -128 49 53 41
-12 -43 -13 30 31 6 -5 -10
7 40 27 6 -5 -11 -10 -6
-48 -38 9 41 49 -13 -18 -27
14 24 17 -7 -20 -45 -53 -12
30 11 -5 -22 -26 0 37 44
-41 -69 -61 -54 20 12 1 -16
31 9 -21 -30 3 9 38 44
28 0 -68 -128 -52 -6 9 27
-75 -57 -3 14 18 -44 -37 -128
34 21 13 -4 -14 -22 11 32
19 -28 -41 -38 -3 30 55 62
-99 0 0 32 55 39 23 -18
24 0 -22 -10 0 -55 -84 0
34 21 30 3 2 -5 -13 -1
-3 -25 -5 -32 -39 -50 -9 21
114 28 -49 -128 6 -3 -40 -77
-46 -55 -31 7 19 24 -13 -49
41 5 -26 -46 -21 -11 11 39
-4 26 12 -93 -128 -20 -3 -128
57 69 17 -41 -87 20 71 64
32 -128 72 -128 0 -128 -79 0
-47 -47 -32 -84 -89 -84 -47 -10
0 1 4 20 18 0 -1 -2
15 33 66 107 23 -22 -10 9
20 33 0 0 -23 -28 -26 0
27 -33 -65 -55 1 -5 -37 -37
40 0 -27 -54 -22 0 19 30
72 53 39 11 -17 -41 -43 30
60 13 -18 -31 -7 -10 9 69
-6 -128 -2 0 18 31 58 0
-128 -59 -4 2 -9 -29 -22 -30
-21 -14 -4 -17 -40 -128 -18 -54
21 -9 -58 -60 -9 -10 18 31
29 47 13 -9 -15 -20 -14 -1
24 32 64 73 54 42 33 42
3 33 32 28 33 4 -48 -28
23 7 -38 -55 -31 -5 23 30
53 0 -63 -56 -5 14 10 22
6 -21 -78 -128 -112 -42 -74 -29
1 7 9 8 9 6 14 -4
12 -36 12 6 22 29 22 13
13 30 5 -25 -21 -2 0 -22
-25 -20 -14 -37 -65 -68 -32 -8
39 -8 -15 13 38 29 41 44
16 25 5 1 5 6 2 -6
55 35 -8 -36 -18 21 44 61
15 12 8 1 2 0 2 2
-6 78 113 74 9 -17 -14 -16
-5 19 38 17 -6 -19 -14 -15
-28 -85 -39 -25 -18 -13 -11 -9
-19 -1 47 53 83 54 -3 -17
78 77 70 45 -53 -36 22 47
-9 -10 -5 7 10 20 10 0
0 -23 -78 -128 -18 -62 -71 -48
@ 1208331487 42
0 -5 -31 -34 -2 20 24 20
31 20 7 0 4 6 6 7
-4 -69 -128 -54 -9 13 35 50
69 85 60 76 32 -21 -35 24
0 0 27 1 0 0 0 0
0 4 58 4 -58 -62 -44 -18
0 0 2 1 1 1 -128 7
24 -11 -8 -16 -15 -11 -128 -128
0 -128 -128 -53 0 0 -15 16
-3 15 -128 -43 -128 1 1 -4
-128 -128 0 6 6 -128 -128 -128
42 55 30 20 7 -2 -17 0
0 0 0 -128 -1 0 -128 -28
34 33 -4 -4 -3 2 -128 -128
-1 24 -128 -128 -128 1 10 0
1 -2 7 5 -14 -63 -17 11
46 37 44 21 15 -1 -1 11
0 -1 6 26 5 -1 -128 -1
0 2 20 6 17 1 2 0
12 -128 -128 -128 18 -15 -11 -15
-14 17 49 17 -14 -74 -52 -58
0 -128 -128 24 40 0 8 0
-9 -128 -4 -6 21 27 -128 26
-17 83 88 -128 -5 -7 -4 -27
-128 -128 -128 -128 -29 -128 -44 -10
29 21 4 -32 -73 -128 -47 22
6 44 63 62 58 -1 -20 -21
-7 -3 0 -18 -25 1 -3 -11
1 -5 -15 -105 10 5 6 -2
7 7 20 27 39 -78 -128 -53
20 -35 -85 -101 -32 29 49 30
-128 -67 12 62 46 -7 -51 -32
-128 -128 5 0 0 0 0 20
-13 0 -18 -13 3 7 -7 -36
-19 -18 -33 0 31 -128 -128 -128
40 -128 -128 -128 4 0 2 5
-6 0 -4 -15 -5 -2 9 -128
-2 -4 12 17 -4 -128 -1 2
46 62 57 32 3 -27 -35 -22
1 5 6 -128 -128 -128 14 3
-3 -21 -128 -41 -26 -128 -128 -128
32 31 -3 -2 -2 5 -128 -128
@ 1208452423 60
1 1 1 0 1 1 1 1
0 0 0 0 0 0 0 0
5 8 9 5 -10 -34 -24 -12
-3 1 2 2 0 -3 -4 -7
4 19 24 -19 -28 -31 -11 -5
-13 -17 -14 -11 35 -128 -128 -9
-6 -2 3 7 4 -1 -4 -8
1 4 4 1 0 -4 -5 -5
-3 0 1 1 0 -2 -4 -7
-13 -128 -26 2 13 -128 16 2
20 -10 -18 -128 -128 -11 17 16
-5 0 3 8 4 -5 -11 -13
-4 0 4 4 3 2 3 1
9 3 -19 -128 -128 -128 -1 7
-35 -41 -14 3 9 9 5 -3
31 28 10 -128 -128 -128 1 13
8 5 -2 -9 -13 -16 -9 1
-3 7 12 4 4 -1 -1 -1
-4 -4 -2 -8 -7 0 1 -3
5 0 -128 -128 -128 5 10 11
4 0 2 -5 -15 -30 -21 -3
-19 -128 -14 8 34 42 38 -5
11 6 -8 -17 -10 -1 7 7
-49 -31 7 21 22 8 -22 -65
-20 -128 -6 1 3 2 1 -8
0 0 0 -5 0 0 0 0
-1 0 1 1 0 -3 -4 -4
-5 -128 18 -2 -128 -128 4 -3
4 2 -9 -15 -17 -19 3 3
-9 2 5 -5 -15 -11 2 -3
4 2 2 -11 -63 -61 -2 3
2 2 0 -12 -6 -5 -1 1
-1 -128 -128 -128 -128 -128 -128 -128
-3 1 3 1 0 -3 -7 -12
0 0 1 0 1 1 0 -1
0 -5 -6 -11 -4 0 1 1
-5 -128 -128 -13 -7 -3 23 -3
11 6 -8 -21 -25 -11 23 19
5 4 4 3 5 5 -2 -3
0 3 6 11 17 5 -1 -10
-10 -12 1 0 8 6 2 -128
5 3 0 -7 1 -7 13 11
-15 -17 -33 4 4 16 5 -10
18 8 5 -2 -11 -12 -3 3
-24 -26 7 9 10 3 3 -31
29 17 6 -5 -9 -14 -1 17
-6 -30 -20 -2 4 14 16 -6
-26 -18 2 4 7 0 -1 -128
8 8 -4 -6 2 4 -128 9
6 -6 -1 -14 -26 -24 1 4
-19 -8 16 19 12 9 -9 -17
3 -32 -78 0 30 22 14 10
2 6 8 6 6 0 -3 -8
-4 -2 9 13 10 -128 1 -6
-24 -10 7 10 7 -3 -128 -128
-36 -128 -5 -1 1 1 1 -5
1 1 -3 -24 -11 -12 -3 0
1 1 -1 -6 -5 -6 -9 -9
2 -1 -7 -1 1 1 7 -128
43 30 -22 -11 -3 -9 -16 29
@ 1208496044 60
-25 -34 -31 -38 -53 -61 -6 -29
-128 -128 -45 23 49 72 68 -7
-4 -9 17 2 1 -1 -7 -23
-16 -22 10 19 20 24 24 21
-44 -36 15 47 49 42 48 -29
-27 -49 -47 -29 -52 6 14 -3
20 -6 -30 -7 32 11 13 -3
-10 -22 5 10 19 11 -47 -43
30 35 40 15 22 38 9 -19
35 35 -37 -31 0 32 43 50
-38 -11 10 2 22 4 -21 -38
10 -2 -3 1 -4 -2 8 3
45 59 42 -62 -11 3 25 24
-23 -31 -29 -9 19 31 22 19
24 -17 -26 -27 -28 2 14 17
-128 -48 24 38 43 -3 -36 -128
-25 20 22 16 18 4 -33 -72
-108 -104 -110 10 39 23 24 -128
31 25 0 0 15 3 -3 14
-50 -56 -30 -21 2 -8 -4 -36
5 -128 -45 -4 12 -128 26 -128
3 53 93 45 -21 4 -25 -32
17 20 59 67 30 -8 -19 -8
-64 2 7 12 15 -8 -24 -67
-26 -16 40 -5 6 25 -10 -41
-117 -110 -57 -7 -90 -128 -128 -27
-46 -128 -22 2 -21 -18 -1 -10
-3 8 22 21 27 -3 -1 -2
-6 -1 34 26 0 36 47 -7
-45 -30 -32 -39 -19 -14 -15 -41
96 -128 95 70 70 66 -128 -128
6 -8 -8 -13 4 -15 -18 -6
37 51 59 43 0 -27 0 0
56 -15 -87 -63 -43 -14 29 54
-128 -128 -128 -128 120 35 15 -12
-7 -7 0 5 26 21 3 -10
52 72 24 0 -48 -128 -65 0
33 -14 -128 -128 52 49 -128 35
-128 -33 -13 -11 23 -10 -38 -128
40 -39 -21 31 50 89 91 81
-12 -17 -16 -11 23 32 26 8
1 -4 24 84 -14 -25 25 -22
34 -128 -128 66 19 -1 11 10
55 20 0 -53 -39 0 38 24
-29 -42 -21 22 36 31 18 15
15 22 14 -2 -26 -40 -35 -68
34 49 42 36 -11 -35 -36 -7
11 51 45 22 0 -29 -28 -20
-11 -10 -35 -29 -9 14 10 -24
-1 -8 -35 -128 -128 -128 6 -4
-38 -2 -5 8 36 42 -12 -62
27 41 17 14 9 -36 -33 6
6 -37 -56 -32 -22 29 31 35
-10 -11 12 14 50 34 -19 -14
-32 -44 29 -10 46 -2 43 -128
-43 -128 -75 -128 -128 -128 0 32
4 -20 -3 -3 -27 -66 -19 -25
26 47 40 -5 -28 -58 -12 17
5 49 43 -128 2 -49 -37 -13
10 -6 -23 -48 -128 -128 -76 5
@ 1208775038 60
8 0 -2 -5 3 0 12 10
1 -1 -1 -2 -4 -4 3 3
0 -1 -2 -4 3 7 9 6
-4 0 3 2 7 5 -2 -7
33 41 41 8 -57 -128 -77 1
-19 0 23 35 25 -13 -128 -40
12 16 22 15 2 -15 -8 7
33 54 32 -15 -32 -56 -42 -12
10 7 -3 -9 -3 3 2 5
-16 43 59 65 31 1 -30 -30
40 -5 -4 -12 -20 -4 53 59
-128 45 -8 -8 1 -1 -9 46
17 60 53 7 -26 -44 -53 -31
-26 -37 -24 6 23 17 7 -17
18 -24 -56 -42 1 32 44 38
0 7 18 9 -2 -11 -10 -5
-15 -3 20 17 12 7 5 -8
9 -2 -18 -31 -23 -9 8 6
-5 -8 11 13 -6 -27 -8 -3
-14 -13 -13 -8 7 14 5 -13
-19 -4 15 25 21 -3 -30 -37
5 10 9 7 7 -1 -3 0
-13 -3 4 7 7 1 -5 -21
6 20 30 35 15 -14 -34 -22
6 -15 -37 -53 -25 5 22 24
26 9 4 28 79 -128 -128 48
-18 1 1 2 2 -19 -25 -20
-28 -13 12 22 18 3 -8 -32
35 -128 -128 46 0 -128 -128 67
19 8 50 27 3 -10 8 23
-25 -9 1 24 38 18 -4 -27
18 26 10 -3 -11 -34 -35 -6
-7 12 24 13 -7 -24 -20 -19
1 25 31 11 1 -29 -39 -31
15 21 32 33 11 -2 -11 -8
32 42 26 0 -13 -32 -18 3
-35 11 40 37 8 -42 -56 -57
35 32 43 21 -12 -42 -36 -5
10 5 0 -16 -20 -13 -3 2
1 -10 9 37 55 50 53 -128
0 7 8 6 -9 -22 -20 -11
41 -4 -1 1 2 -6 -7 1
11 24 26 0 -19 -26 -19 -7
10 9 20 17 -12 -32 -7 8
22 18 67 69 11 -4 14 21
0 21 41 -3 -71 -101 -84 -23
-10 -25 -11 8 23 16 13 2
3 3 0 -13 -14 -8 2 5
-9 10 52 53 17 -26 -31 -32
-36 -28 -3 -4 -3 -2 -3 -78
0 -13 -31 -17 0 19 20 10
-55 -58 -9 38 55 27 -41 -56
25 16 2 -13 -20 -30 -15 8
40 40 16 6 -20 -56 -27 15
37 -12 -67 -51 -54 -3 23 35
37 60 83 67 27 -30 -42 -33
9 -6 -36 -35 -11 20 34 29
8 13 16 1 -15 -19 -6 1
20 11 4 -4 -8 -6 3 14
12 20 15 8 8 -12 -25 -12
@ 1210049826 60
1 1 1 0 1 1 1 1
0 0 0 0 0 0 0 0
0 0 -1 -1 0 0 0 0
5 8 9 5 -10 -34 -24 -12
4 19 24 -19 -28 -31 -11 -5
0 39 48 37 11 2 -128 -128
-13 -17 -14 -11 35 -128 -128 -9
8 13 18 13 -6 -34 -32 -32
-6 -2 3 7 4 -1 -4 -8
1 4 4 1 0 -4 -5 -5
-3 0 1 1 0 -2 -4 -7
-13 -128 -26 2 13 -128 16 2
-5 0 3 8 4 -5 -11 -13
-1 -2 -1 -7 -6 -4 0 0
1 0 0 0 0 -4 -3 -2
-4 0 4 4 3 2 3 1
9 3 -19 -128 -128 -128 -1 7
-35 -41 -14 3 9 9 5 -3
6 7 8 4 -15 -128 -128 -20
31 28 10 -128 -128 -128 1 13
8 5 -2 -9 -13 -16 -9 1
-3 7 12 4 4 -1 -1 -1
-1 3 0 -4 5 -128 -128 -16
-4 -4 -2 -8 -7 0 1 -3
5 0 -128 -128 -128 5 10 11
4 0 2 -5 -15 -30 -21 -3
-19 -128 -14 8 34 42 38 -5
0 0 0 0 0 -1 -1 -1
-3 1 2 2 0 -3 -4 -7
11 6 -8 -17 -10 -1 7 7
-49 -31 7 21 22 8 -22 -65
-20 -128 -6 1 3 2 1 -8
0 0 0 -5 0 0 0 0
-1 0 1 1 0 -3 -4 -4
-5 -128 18 -2 -128 -128 4 -3
4 2 -9 -15 -17 -19 3 3
-9 2 5 -5 -15 -11 2 -3
4 2 2 -11 -63 -61 -2 3
2 2 0 -12 -6 -5 -1 1
-1 -128 -128 -128 -128 -128 -128 -128
0 -35 -128 -128 0 21 29 21
-3 1 3 1 0 -3 -7 -12
0 0 1 0 1 1 0 -1
0 -5 -6 -11 -4 0 1 1
-1 -3 -1 -29 -8 1 1 0
-5 -128 -128 -13 -7 -3 23 -3
11 6 -8 -21 -25 -11 23 19
5 4 4 3 5 5 -2 -3
0 3 6 11 17 5 -1 -10
17 8 16 9 -6 -128 5 12
0 -6 -7 -3 0 1 1 1
-10 -12 1 0 8 6 2 -128
5 3 0 -7 1 -7 13 11
-15 -17 -33 4 4 16 5 -10
18 8 5 -2 -11 -12 -3 3
-24 -26 7 9 10 3 3 -31
29 17 6 -5 -9 -14 -1 17
-6 -30 -20 -2 4 14 16 -6
-26 -18 2 4 7 0 -1 -128
8 8 -4 -10 -2 4 -128 9
@ 1210725949 12
1 -10 4 -9 1 -5 -3 -1
-128 -128 -128 -128 38 -15 -4 -16
38 5 2 3 0 -1 29 -128
3 -1 9 2 7 2 1 2
-128 -128 -1 6 9 5 -6 -128
-4 -3 -2 -2 4 4 0 -5
84 -128 -128 -128 -4 2 -128 70
1 0 2 21 31 23 -1 -1
-41 -128 -8 -1 -1 -1 -1 16
0 1 2 3 -1 -128 -128 -21
-13 4 1 0 1 0 0 -31
-1 -1 0 -3 0 0 0 -1
@ 1213391698 60
5 4 -1 3 8 7 9 0
1 3 2 -6 -5 -4 -3 -3
-10 37 -128 42 -5 -14 -5 -9
4 -15 1 -3 11 9 6 0
-25 -2 18 13 21 13 -22 -43
21 9 0 -3 0 2 7 19
19 -25 -42 -72 -41 -10 13 18
-29 -40 -41 -9 0 42 50 42
-22 -38 -36 -34 0 28 28 15
13 13 12 20 12 -4 -3 -13
-128 -128 -128 -16 18 -9 -43 -128
5 0 -2 0 1 3 5 4
31 -128 -94 -75 -65 49 51 43
-9 -28 -27 -26 16 21 13 13
-9 27 28 26 4 -42 -75 -34
31 23 33 0 -10 9 34 38
20 25 32 18 -8 -11 -4 1
2 8 5 -8 5 12 8 1
59 7 -9 5 5 48 60 62
94 21 17 -128 -128 -11 11 73
61 59 19 -44 -128 -128 -57 29
-6 -57 -128 -56 9 0 7 5
46 43 10 -10 -38 -43 2 22
5 11 11 4 5 5 7 4
-8 16 33 -60 -128 -59 -41 -18
3 -31 -29 21 78 64 57 24
5 2 1 -1 2 -1 2 4
20 7 -8 -27 -15 24 -128 92
18 0 25 12 -27 -28 9 31
5 42 54 31 10 -27 -35 -31
-5 3 16 28 5 -14 -27 -28
6 2 -4 -10 -8 2 7 5
-7 1 -78 -128 -86 -17 -10 -30
37 65 61 20 -3 -6 0 4
-47 -58 -17 34 -128 34 -12 -55
-11 -7 60 43 13 -13 -36 -62
15 6 -25 -12 0 -1 -128 -128
11 9 -11 -24 -41 -70 -46 -18
-53 -47 -5 -128 -17 -128 -30 -128
40 0 -43 -72 -47 0 59 57
29 17 -28 -45 -25 22 65 44
-1 -15 -15 -28 -11 0 12 29
39 3 -20 -35 -45 -16 26 52
27 6 -4 -6 -4 -1 15 21
-18 -23 -10 -15 -13 -27 -25 -17
-2 -128 -128 73 9 -16 2 -128
1 -26 -28 -38 -27 1 47 47
2 3 6 7 -4 -7 2 3
52 32 6 15 12 47 52 42
-79 14 15 63 53 43 21 -35
-24 -21 5 9 14 3 3 -44
0 -14 19 -128 16 -14 -12 -2
53 61 53 -8 -64 -44 -6 12
-1 -1 3 5 6 10 6 -2
-16 3 20 3 4 -128 79 3
48 38 34 26 31 19 3 20
-21 -128 0 7 62 83 86 -128
-1 -21 -23 -24 13 -1 6 22
-5 0 5 5 18 52 47 0
29 1 -37 -37 -31 -23 8 26
@ 1214552948 60
0 -5 -6 -3 0 1 2 1
-1 -16 -5 2 3 6 8 4
-3 -3 -1 2 11 9 6 1
-36 -128 -128 -128 -128 34 14 2
9 1 6 -1 -24 -20 -2 1
13 -6 20 -52 -85 -61 20 20
-27 -19 -54 -54 16 -32 -34 -77
-11 -4 12 8 3 14 48 14
2 -13 -12 -1 6 5 16 7
-23 -70 28 36 2 -17 -1 -1
27 -128 41 -13 -17 -10 -1 3
80 -16 -18 -2 -11 65 -128 80
0 21 -128 17 0 -128 -128 -128
6 -4 52 64 61 49 12 -9
-27 -10 14 -128 -128 85 -128 -80
33 40 -6 -38 -25 23 57 40
15 16 45 65 53 52 39 16
43 -128 59 42 77 -128 -128 0
-10 -28 -59 -78 -50 -9 39 24
14 24 37 16 -3 -16 -8 -11
19 13 2 12 -44 -49 34 77
-28 -36 -29 -8 3 -128 -128 2
38 0 -29 -51 -38 0 16 8
-1 0 2 2 2 2 2 -5
20 6 -1 7 5 -1 -1 10
0 6 0 17 12 -19 -11 0
35 10 11 -16 -53 -60 -18 7
-2 -28 -19 -22 8 13 -18 8
12 -7 -14 -24 8 40 39 20
-128 -128 -128 -4 -7 -15 -10 -128
6 -27 5 41 27 4 20 24
20 14 7 1 -39 -47 8 17
-3 -2 2 1 -1 -2 -1 -2
1 0 -3 0 18 41 44 0
-14 38 39 -30 -22 7 -17 -57
25 4 -128 -128 -33 -39 -103 -128
-1 -5 -3 -2 2 26 11 13
-22 -28 -7 1 9 8 5 -7
30 28 -13 -73 -37 -12 30 12
36 15 30 -32 -52 24 44 35
-32 14 -9 -34 -128 -128 -72 -128
78 75 78 40 58 61 54 45
-28 -10 -3 -40 -36 -26 -32 -13
1 -13 -70 -89 -38 -28 19 13
-50 -51 -40 -35 22 19 19 -23
-1 0 -1 -2 3 6 3 0
3 -14 -5 -28 -31 -19 -8 11
-2 -44 -72 -128 -128 -76 -34 -50
-19 -44 -44 -24 19 4 -4 -10
18 5 13 10 6 -5 5 5
15 -51 -36 -128 -35 -35 15 48
27 17 10 -9 -25 4 16 26
-5 1 21 -1 -18 -21 49 31
29 -5 -76 -11 -14 -63 -11 12
-128 63 3 48 115 -128 -128 -128
20 -41 -72 -16 20 -20 -64 -50
44 26 40 25 16 14 12 23
-128 -128 -128 17 5 -6 -42 -28
0 35 50 44 32 14 -128 0
18 56 56 18 -6 -37 -10 12
@ 1219594942 60
-1 0 1 1 1 0 0 -1
0 0 0 0 0 0 0 0
-1 -1 0 0 1 1 0 0
0 0 0 0 1 0 0 0
0 0 0 1 2 1 0 0
5 3 2 -3 -6 -5 1 4
-1 -1 0 1 1 1 0 0
1 0 -1 1 2 0 1 1
-1 2 3 2 1 -40 -19 -24
-1 0 1 0 -1 -1 -1 -2
21 16 12 -16 -128 -14 -5 8
-2 -4 -1 2 3 1 2 -1
-128 -7 14 16 19 17 14 -5
7 -1 -9 -12 -6 -7 9 10
1 1 0 0 -1 -1 -1 0
7 5 1 -7 -20 -21 -2 4
-1 -1 0 0 2 2 1 0
-1 -2 -1 -1 0 1 2 1
2 1 0 -1 2 0 1 2
6 4 1 -6 -8 -7 1 5
2 0 -2 -3 -1 -1 1 2
-28 -23 0 1 1 1 0 -27
21 -128 -128 -55 -30 -15 -128 20
0 -4 -6 -5 1 6 8 4
0 0 -1 -1 0 0 0 0
0 -1 0 0 1 0 -1 -1
23 20 24 15 0 -128 -3 12
-1 0 0 1 1 0 -1 -1
-2 -6 -6 -3 2 6 6 3
13 9 13 10 5 -8 0 2
0 5 7 3 -2 -13 -7 -5
7 42 51 33 17 -1 -13 -11
1 0 -1 -1 -1 0 1 1
0 0 0 0 0 0 0 0
5 -20 -34 -39 -20 -1 10 14
0 1 3 2 0 -2 -3 -2
89 -128 77 46 67 -128 -48 28
-6 -3 3 5 4 2 -3 -17
1 -1 -2 -1 1 2 4 3
-9 -13 -42 4 4 2 0 -3
-15 -20 -12 2 15 15 2 -3
3 -2 -7 18 23 6 6 6
-1 -1 -1 -5 -2 3 5 3
0 -5 -7 -5 1 4 7 5
0 -128 -128 -4 0 4 6 4
18 13 10 -18 -39 -39 -15 10
5 4 0 -44 -46 -28 -5 1
9 7 -2 -48 -60 -43 1 5
1 2 3 2 -2 -4 -2 -1
0 -1 0 0 1 1 0 -1
0 -3 -3 -3 -3 -1 3 2
0 -1 -1 -2 -1 0 1 1
0 1 1 1 0 -1 -1 -1
0 1 2 2 0 -1 -2 -2
-1 -1 -1 0 1 1 0 0
-3 -10 -11 -10 -1 5 7 4
-1 1 2 2 1 -1 -1 -2
2 -6 -1 -1 3 7 11 8
0 0 0 0 0 0 0 0
111 84 -10 -56 97 79 48 76
@ 1226730297 24
1 -2 1 3 4 6 3 1
-3 -4 -1 1 -3 1 4 -4
-15 110 116 -128 -128 47 -8 -18
4 3 -1 -9 0 -2 -5 -14
3 3 55 26 109 60 27 12
-31 -86 -4 13 9 5 1 -1
-8 -10 -11 34 42 24 7 -11
0 -128 60 -48 -128 -55 22 0
-40 -22 10 3 2 -1 -7 -25
-128 -128 6 -6 11 21 -128 -128
20 17 5 -4 -54 -85 -11 15
-128 -77 -1 10 19 -14 -12 -128
-39 -65 -15 31 56 49 52 -38
-128 -67 -128 -128 -128 -7 -1 2
1 -5 1 4 5 1 -6 -5
0 -12 0 1 1 1 0 0
0 0 1 0 0 0 0 -3
3 5 7 -10 -2 -6 0 1
10 -128 -41 -128 3 4 4 0
0 0 1 0 -1 -4 0 2
-32 -128 19 4 2 4 4 4
-1 -1 -1 3 -25 -80 7 -3
5 5 -1 -10 -11 -11 2 9
-7 18 -1 2 39 6 -46 -62
@ 1228322642 60
-5 -12 53 77 48 3 -23 -7
-128 41 30 0 -7 -6 58 77
78 71 55 94 60 44 111 89
-40 -22 12 9 54 15 -5 -128
80 71 55 73 68 -28 -128 55
0 0 -128 -128 0 8 -56 -128
-5 -16 27 15 -36 14 15 -128
12 48 -117 -39 -128 -128 -95 -59
116 -128 61 69 61 49 77 -128
-128 -128 -128 -128 -42 -21 14 54
-21 -62 -71 48 2 -20 -128 -128
13 10 32 44 36 0 -5 4
-128 1 32 0 -72 -128 -128 -128
88 88 88 92 -128 21 21 34
58 -128 -128 -46 38 96 -128 -128
2 -16 -95 -40 -5 -21 -92 -25
31 -128 101 52 -7 -22 -128 -128
79 -12 -19 -7 -10 73 51 59
53 70 102 72 -3 -26 1 34
-128 -128 -128 81 83 -128 -128 0
5 -33 39 64 -18 -128 -11 -13
77 68 80 62 -30 43 50 24
-74 -69 -10 7 41 23 3 -80
-68 -40 47 -20 47 -54 -77 -63
17 21 -128 29 27 19 0 6
61 47 14 44 92 24 39 23
-48 -48 -50 -29 -16 -47 -78 -128
0 28 -128 0 22 0 16 0
-6 57 80 56 -6 16 4 13
-21 56 85 55 -22 39 38 18
46 -128 -128 96 -128 -128 -128 -128
-128 -128 79 65 -16 -57 -128 -128
74 25 51 -31 63 59 62 -128
-3 42 -40 -12 6 -47 -109 -81
-128 -128 -128 -128 23 5 -128 -128
-128 82 22 6 -14 0 18 0
-68 -18 71 -128 -128 -128 -128 -128
47 65 75 79 -128 -128 -128 -128
30 5 -128 -128 -128 -73 -86 -25
-5 50 -1 -128 -128 -128 -128 -128
-128 -42 4 -128 -128 -128 -128 -128
-128 -128 -9 40 67 51 -58 -74
-109 -15 -16 -21 8 -20 -57 -128
-128 -128 -128 -128 -128 -128 -128 -128
5 -2 11 32 40 -70 -128 -128
68 -128 -128 -128 -128 -128 -41 15
-128 -128 -128 -128 -128 0 -128 -128
-2 56 88 112 47 44 47 -128
-49 -18 88 7 -45 -128 -91 -128
-22 -7 64 -128 97 40 6 -7
42 -128 22 -128 100 102 109 83
-1 68 84 38 -5 -67 -90 -63
27 16 13 11 -53 -12 38 26
-128 -128 -128 46 65 -128 -91 0
12 -128 -128 -53 -128 -128 13 -59
0 -128 79 71 29 -12 -128 -33
107 -128 64 72 68 -12 -89 40
-128 -128 16 23 24 13 61 -128
-29 7 39 10 23 -7 -12 -44
-51 -84 -128 -56 -128 -128 -128 -45
@ 1230084434 60
43 4 -38 -57 -48 -41 34 68
25 44 51 12 2 -19 3 9
14 14 -128 -111 -118 9 90 -128
-1 -25 -7 -34 -38 -74 -65 -41
-28 4 -22 0 53 36 0 -24
63 73 53 2 -15 -23 -16 0
-18 -36 -7 -25 -10 24 -128 5
-10 -4 -4 10 40 56 54 0
26 31 49 46 32 -29 -34 -15
83 45 25 3 -24 -29 -128 -128
60 -128 -128 88 113 -128 -128 103
59 43 -8 -2 10 -14 -2 32
6 -58 -128 -71 -74 -23 15 45
6 34 26 22 2 -31 -42 -16
14 -75 -57 50 53 28 11 31
28 67 7 -22 -51 35 5 -26
-29 -24 -14 0 2 14 -4 -26
24 4 -27 -20 11 28 24 28
-14 -30 -3 -14 -21 -25 -2 -8
58 -34 -41 19 20 -128 65 53
21 29 21 0 6 9 9 0
-6 -4 23 29 25 28 18 6
11 -2 2 1 3 7 8 11
8 -45 19 38 44 -21 -25 -128
34 2 12 5 8 -8 -2 25
-34 -48 -23 13 25 11 16 -16
13 14 -4 -56 -43 -62 -14 -5
17 -22 -12 7 11 24 60 78
25 47 72 44 25 -46 -42 -14
-15 -43 -128 13 19 13 14 15
-8 -128 -48 -10 9 -4 0 -48
76 44 -60 -128 -128 -60 0 44
-1 -1 -1 -1 -4 -6 -4 -3
-35 -43 -65 0 44 34 9 -21
38 31 15 32 -128 -128 52 59
1 40 60 73 19 11 -19 1
-25 -33 -4 41 76 -128 63 -10
2 -44 -37 3 3 -128 35 -5
4 58 62 39 39 23 0 -18
0 -7 -128 14 27 -128 -128 17
39 -12 -45 -53 -31 -62 -27 8
11 -13 -32 -43 -37 -29 17 29
-128 -18 -17 36 83 -128 83 -128
47 55 51 38 12 -82 -128 -32
24 13 -12 -12 7 13 20 36
-24 -48 -2 44 46 23 25 29
20 49 74 54 12 -11 -9 -8
57 59 39 17 0 58 62 29
5 -1 -5 -1 4 39 25 13
0 0 -3 -4 -51 -128 -83 22
38 46 51 62 46 35 32 -2
-20 -28 -1 -16 -128 -128 5 -20
-6 7 38 26 3 -3 -3 -3
32 11 21 15 -13 -45 -7 18
-48 -17 15 66 72 44 15 -53
-10 -4 -4 0 40 56 54 0
22 -21 -15 -9 2 -8 3 26
-21 -2 40 52 36 3 -38 -62
14 -3 -15 12 63 -128 73 64
30 -20 -40 -89 -62 -29 -18 -17
@ 1230118624 15
-5 -17 -17 -17 -5 0 5 0
-128 -128 -6 17 31 17 -17 -128
30 16 -8 -47 -128 -128 -20 16
2 13 14 -2 -21 -74 -33 -21
1 -128 -1 -9 -20 -23 -10 -3
-9 -5 9 -28 2 10 3 -36
-128 -128 -31 7 5 5 1 -128
10 9 -4 -5 -5 -5 -2 -128
22 4 -18 -128 -128 -128 -3 19
-8 -2 10 12 13 -128 -128 -128
1 -9 -2 -4 1 -1 0 2
-128 -128 -128 -128 -128 9 23 24
5 1 -30 -128 -128 -43 -8 1
23 5 -2 -23 -17 -17 1 6
-7 -128 -128 -128 -7 7 24 12
@ 1234296661 49
1 18 -1 2 24 -128 43 1
-29 -128 -45 31 15 -11 -128 -128
-128 -8 -4 -128 -128 -128 10 -6
-114 -128 -18 48 -23 -128 -128 -128
-2 24 -3 -24 -6 -14 -14 -12
32 -3 -4 -6 10 5 33 -128
-6 -34 -47 -128 -128 -128 -128 -128
-70 -128 58 18 7 -6 -28 -76
-78 29 58 35 13 -2 -20 -128
5 5 -128 7 6 6 -128 -1
-42 -42 -31 -9 16 21 17 -24
113 -4 -9 -3 20 19 -128 -128
-128 -128 51 2 6 -2 -6 60
25 29 25 36 26 2 0 9
4 35 37 14 -128 -128 -17 -4
-27 13 -11 -14 -15 -27 -30 -33
-39 -21 -28 -36 -39 -62 -128 -128
-6 -51 -33 -128 -111 -34 58 -128
11 -128 -128 -16 7 -128 10 -11
-128 6 -1 -37 -29 -17 28 12
-10 28 30 -128 19 26 8 -13
11 -9 -9 -8 -12 60 -128 11
15 15 1 -3 -6 -13 -14 -14
40 -10 0 -33 -128 -30 40 -128
64 61 11 -14 -43 -20 3 29
2 35 24 -1 -9 -21 -6 -5
35 1 2 6 29 6 33 101
6 -15 -39 -128 -128 -128 -38 -5
-15 -23 49 48 -128 35 3 -9
-8 -24 -17 -24 11 36 38 -15
-29 -37 -40 -128 -128 -33 -26 -33
6 15 10 -128 -59 -18 -14 -42
47 24 2 29 25 2 17 37
19 21 -16 -60 -57 17 35 76
-49 -47 -49 -128 -128 34 31 16
-66 -79 64 25 12 28 9 -128
63 10 9 0 -128 -128 9 21
32 -3 32 -128 -1 61 -128 -128
10 15 -3 -1 20 14 6 0
-128 -128 -128 -128 -7 28 32 38
0 -34 0 -128 0 -26 -73 -58
19 -128 -20 -128 -128 4 -128 31
18 -11 19 -128 99 70 -128 -128
41 78 41 -47 1 -33 2 -10
46 45 46 30 8 -1 28 25
-13 -34 30 14 -109 -128 -35 -9
-128 -128 41 -15 -2 -4 7 65
-19 -8 10 16 -128 -2 -11 -15
-40 -50 -53 36 -128 31 32 43
@ 1235184664 60
-128 -128 0 0 0 -128 -128 -128
0 0 0 0 0 -128 -128 -128
0 0 0 0 0 0 0 0
0 0 0 -128 -128 -128 -128 -128
-33 -38 3 0 -8 -16 5 9
-128 -128 -128 -128 -128 -128 4 -128
13 2 2 1 -1 -2 -2 1
6 5 5 2 -1 -3 4 4
-128 -128 -128 -128 26 70 71 15
22 -19 -25 -23 -22 -46 -10 12
0 -128 3 -128 -128 -128 0 43
-4 -81 -128 -128 33 -128 -128 22
4 0 -3 -2 1 7 5 4
-2 -1 2 -5 1 4 5 0
4 5 7 -2 0 -2 0 0
-14 -19 2 5 8 -19 -16 -18
24 13 -2 -13 -16 -19 -7 8
-128 -128 0 16 48 20 -1 -128
-4 17 2 -10 6 30 55 15
-26 -63 -55 -46 -22 -20 -42 -59
0 -128 -128 -128 0 0 0 0
2 1 1 1 1 -2 -12 -7
0 -1 -2 -1 0 1 2 1
0 0 0 -128 -128 -128 -128 -128
-5 5 10 -8 5 -7 -128 -128
8 8 9 -1 -5 -23 -14 0
-10 -128 -21 -4 14 -10 -14 -13
18 -3 4 39 14 -21 -20 -7
0 0 1 1 1 0 -1 -1
12 1 -4 -3 26 -24 -128 -3
-3 7 17 15 12 3 22 17
-42 -35 -29 -8 -9 -11 13 3
-11 -2 39 18 5 -14 -15 -18
-34 -69 -47 0 26 3 -3 -15
-3 9 17 15 6 -6 11 -6
4 -128 7 10 22 5 8 5
-15 -19 -12 -8 9 18 20 2
13 13 2 -13 -12 -3 4 4
-128 -128 -8 4 31 39 42 -5
-14 8 24 26 33 -26 -4 -23
-128 -128 -6 45 6 1 -5 -128
1 2 3 2 2 4 0 3
0 0 0 0 0 0 0 0
6 0 1 21 7 14 34 84
0 1 1 16 7 31 5 -2
-9 2 15 -5 -128 -6 -4 -5
-21 4 -128 -128 -94 -7 3 14
4 2 1 0 -1 -1 0 3
-1 0 1 5 12 10 6 -3
0 -128 -128 -128 0 0 0 0
6 4 0 -6 -7 -12 -7 -2
9 -6 -10 -1 -24 -51 -52 -4
-117 -84 1 5 -8 -128 -3 -8
-8 16 53 73 41 0 -6 -14
47 45 12 -9 -9 -12 -6 16
7 11 13 9 13 2 -3 -5
-2 -4 0 0 0 0 0 -1
7 8 10 6 0 -128 -128 -128
0 0 0 0 0 0 0 0
4 6 1 -3 -4 -5 -2 1
@ 1236060052 60
-3 -2 0 21 28 33 30 -2
-8 -13 -1 2 12 9 1 -14
-128 -128 -128 7 18 12 2 -128
-4 -3 17 31 -128 77 26 -1
-128 -128 -128 -128 64 -21 -62 -128
37 70 74 84 101 69 73 8
15 -4 -128 -128 -8 1 5 5
-21 -20 -19 7 -128 -128 -128 10
46 37 -23 -128 -128 -128 -128 50
-12 -11 1 4 14 23 1 -5
21 -5 -6 1 3 10 22 20
-7 6 5 12 49 46 33 -128
0 -128 -128 31 1 5 6 5
6 -2 0 -128 -128 -128 -3 -4
-1 -47 -65 -128 -42 -128 -128 -128
58 -14 -76 -20 14 36 21 60
-17 11 24 -1 -15 0 -2 -46
32 0 -5 -10 -10 -4 10 59
9 23 -10 -128 -128 -45 -21 -21
4 5 1 3 9 31 41 -29
20 45 36 -32 -66 -39 20 11
-128 -13 26 95 112 67 -11 -27
-16 -13 30 -128 10 -2 -8 -7
5 11 -29 -128 -128 -14 -14 7
24 -17 -25 -93 -21 39 5 5
91 -128 51 -1 1 -19 0 51
27 33 36 0 -19 -53 2 -3
-128 -128 17 -33 -24 -15 17 -128
12 26 58 9 -2 -6 1 7
-128 -128 -28 9 9 4 -3 -23
-15 -60 -57 -128 -37 15 -128 84
10 11 -128 0 0 -2 -6 0
5 -2 0 1 1 2 19 17
8 -4 -7 -10 0 8 23 25
-15 -13 -14 -15 -14 -11 -7 -19
-8 -128 -27 -14 3 5 2 -10
-128 -128 -6 3 19 26 -128 -128
6 3 1 1 5 16 22 12
16 11 -7 -2 17 -7 -12 13
14 34 9 -4 -2 -1 0 2
-3 -36 -16 -11 -9 -10 -15 -20
-7 -16 -6 -6 -3 -1 3 8
35 18 -1 -3 -3 0 9 30
5 7 4 -1 3 3 5 0
15 2 7 2 1 0 -1 2
1 -3 -4 -7 -1 13 8 3
-128 -128 -128 -40 -20 -13 10 -128
25 13 38 17 4 14 5 7
-9 -23 -20 -18 -14 -11 -21 -12
39 38 1 -30 -40 -22 39 -128
-21 -24 5 -128 -128 -128 -128 -19
20 4 -10 -20 -7 0 4 12
17 0 -7 9 9 13 23 21
-16 2 -128 -128 39 -19 -14 -21
2 8 20 6 15 23 17 1
34 31 29 23 16 43 -128 -128
-20 -13 -14 -5 -4 -6 15 -128
32 54 32 -5 -47 -66 -18 -35
-128 -128 -128 -128 -128 0 14 15
-10 4 -128 39 4 9 5 -3
@ 1243483156 60
-4 -9 -1 5 7 5 1 -2
0 1 0 -2 0 -7 -6 -5
-3 -4 0 -2 -4 2 3 1
-1 -2 -3 -6 -4 3 4 1
74 -11 24 -1 10 88 101 69
1 -6 3 4 14 15 16 -35
-12 -13 -4 2 -1 -1 -1 -9
35 -128 -128 31 32 -26 -65 -20
37 -128 30 -57 -35 -31 -9 -59
19 4 5 -17 6 26 41 29
2 -22 -2 11 12 10 33 20
65 -33 16 12 80 -128 73 -59
0 -128 -128 -128 6 10 10 12
3 -9 -62 -128 -128 -51 8 14
-47 -5 11 21 9 8 2 -39
-60 -60 -14 10 16 21 20 -12
-18 -16 -7 12 23 9 -7 -20
52 -128 70 -128 55 0 -14 0
9 0 -3 -18 -26 13 81 21
-8 -8 -1 1 -1 -3 -2 -4
8 -26 -25 -36 -21 -27 8 -128
11 3 -26 -128 4 23 20 30
-6 -21 -17 -7 2 3 4 0
-14 -16 -18 -9 11 35 24 1
-27 -14 4 7 13 14 8 -10
-52 -42 9 -14 -128 -8 31 54
19 6 -1 -3 -3 -7 -2 11
-2 -39 2 7 6 -1 3 -7
17 32 29 -15 -17 -18 -65 -35
2 11 11 2 0 0 -20 -40
-2 3 7 13 11 3 -3 -5
27 0 -7 6 -7 0 -45 47
9 29 33 8 -128 -128 -128 -128
-10 -7 -3 5 11 9 5 -2
3 18 21 13 1 -11 -11 -15
-7 -19 -128 -128 -128 41 52 20
-2 4 7 10 9 1 -7 -11
-6 -11 1 -19 24 22 -3 -13
2 -4 -2 3 3 -2 1 4
-10 -56 -38 -10 -5 6 9 -2
11 9 11 6 12 15 12 12
6 -4 -10 -13 -1 7 7 9
-59 -7 0 -4 36 10 -2 -62
-31 -29 -41 -32 -7 37 -128 18
-8 -13 16 11 15 -7 -9 -17
14 4 -2 -15 -14 -12 -2 7
-33 18 77 24 32 21 -6 -40
0 -3 0 -2 -5 -1 3 2
-11 -27 -40 -4 11 18 18 4
3 6 8 7 2 -1 -8 -5
-10 -4 6 14 13 8 2 -5
0 0 3 -3 -6 -1 -3 -7
3 -3 2 4 -6 -16 -6 2
3 9 0 -37 -60 -128 -128 -17
50 -128 -128 30 11 12 12 35
25 24 29 17 -9 -40 -45 -16
1 -1 0 0 6 8 7 0
1 9 26 14 6 -1 -4 -8
56 -128 32 -28 -128 30 38 83
5 15 20 16 5 -11 -16 -10
@ 1245768441 41
31 -12 -99 -128 14 6 -15 -10
-128 -128 42 -16 -15 -9 41 -128
7 7 9 7 1 -3 -1 2
2 3 3 -2 -3 -2 -1 2
-2 -2 12 -128 -128 -128 10 -2
18 12 30 -128 -128 -128 -128 2
87 29 -6 -15 -15 6 79 -128
-128 -128 -6 -12 -8 -8 -9 -128
-2 -7 -3 13 22 18 0 -3
-4 14 -128 -128 -128 13 -5 -11
-2 -28 -9 -8 -32 -49 -29 -11
-49 -16 23 45 54 43 -1 -29
2 -3 -1 1 3 2 0 -1
30 28 -1 -4 -1 -3 12 -128
18 21 39 36 41 -22 -17 -5
12 15 39 -31 -40 -128 -50 -128
8 -128 -128 -128 6 -5 -1 0
-9 -128 -128 -128 34 -128 -128 25
-39 9 27 20 -80 -128 -76 -55
-51 -27 -5 10 34 6 6 -34
4 2 4 -3 -3 -1 0 2
0 0 7 12 10 25 33 0
1 9 14 9 5 -12 -21 -19
3 2 0 -1 -1 -1 2 2
-7 -2 42 26 -8 -33 -3 -10
3 18 24 75 26 -57 23 -56
2 -12 -3 -16 -10 -10 6 -7
8 3 1 -1 -1 -2 0 6
3 2 1 -2 -2 -2 0 1
82 0 -23 -8 -5 -12 29 -128
-2 -2 0 1 3 3 1 -1
-128 -43 4 10 4 -44 -128 -128
-1 36 39 -128 -9 -18 -13 -13
-128 31 -13 -7 -7 -15 38 -128
-128 18 19 -14 -12 -9 3 15
43 -128 -128 11 1 0 -1 -5
-128 -54 -19 -16 6 7 0 -128
-18 21 25 -5 12 39 17 -128
1 1 2 -2 -3 -1 0 -1
-2 -2 0 2 2 2 0 -2
0 11 13 25 6 -1 0 -1
@ 1250205987 60
-10 -3 63 73 -128 74 98 -58
3 -45 78 -128 41 -128 -128 53
-1 19 0 -36 -128 -128 -128 -51
-73 -11 71 54 -3 -6 -30 -77
-61 -56 23 70 23 18 -56 23
-21 -49 -57 25 41 -6 -91 -128
-128 -128 -128 -128 -39 -71 -86 53
5 -66 -128 -92 -98 -128 5 -128
-128 -85 -70 -128 -128 -128 -128 -128
57 60 63 -128 -56 -40 12 13
43 45 75 -128 77 -128 -128 8
-16 -9 9 -37 -35 -7 13 -3
3 3 -64 -18 -128 17 -9 -91
47 1 1 46 117 46 -41 0
-35 -128 -128 -128 54 -65 -37 -8
-61 -69 -70 -1 56 -128 -128 -128
-128 -128 -128 48 -128 -128 19 -128
-128 49 52 -128 -19 -47 -71 -73
33 -17 -15 -2 -14 -63 -41 35
-65 -128 -128 -128 -128 -128 65 78
8 55 81 80 28 -68 -59 -55
-128 -128 -128 -128 72 0 -3 -48
70 14 48 18 -26 57 -128 87
39 -23 -8 28 13 22 -4 0
-36 -14 5 58 3 30 64 -128
50 5 36 0 -70 31 31 46
5 30 4 -16 -17 3 79 -128
-42 -20 10 56 61 51 18 -42
37 -70 -6 -5 -38 -43 -25 20
-128 -32 60 43 36 -128 -128 -17
-11 -30 -6 -5 70 22 -67 -128
34 47 80 65 -4 -47 -9 13
-52 -49 -85 -76 1 62 74 45
-119 -54 -128 59 -39 -33 -31 -128
-17 -22 -33 -51 -8 -4 -11 -30
-76 -128 -128 -128 -128 -69 -28 -24
-128 52 55 42 -128 -128 54 -128
5 -128 -73 -128 -82 -55 4 6
-52 -66 -128 -128 22 -23 -78 -40
-128 -128 -128 -128 -128 -128 -128 -8
65 -128 37 -128 -128 -128 -128 18
-13 -35 -35 -37 -9 11 24 0
80 -71 -128 0 -25 -58 0 -128
-128 -128 0 8 0 -128 -128 -128
-77 21 22 -18 -128 -43 -56 -128
-16 7 26 28 34 13 -13 -25
-128 -128 -128 -128 25 72 13 5
-4 -4 -128 -128 -128 -3 2 45
-69 -47 -128 -128 75 74 -1 -49
102 71 32 -32 -102 -128 -128 60
-14 25 53 59 18 -15 -39 -52
-53 -65 -69 1 42 11 -74 2
12 -128 -128 -128 -128 -128 -128 -13
100 73 52 0 -7 -10 44 -128
82 -128 -128 46 -128 -128 -128 -128
-128 -128 -128 -128 59 -50 -128 -128
1 7 16 11 8 0 -128 -128
-8 2 -128 -61 -69 -128 -128 -128
-128 -128 -113 55 -1 -51 -128 -128
82 12 21 -14 67 -128 -128 20
@ 1262508887 60
1 0 -2 -14 -9 -5 0 1
-1 -1 0 -1 0 -1 -2 -4
1 -5 -5 -4 -2 8 22 21
6 0 -13 -21 -10 0 6 6
-28 -24 11 51 65 39 17 -24
-23 -8 2 20 18 3 -7 -128
28 -10 -18 -22 -4 8 58 84
-128 -5 12 27 25 8 -15 -58
-4 -40 -91 -37 -5 41 57 42
-128 -49 14 31 28 9 -29 -128
-21 -15 88 91 14 2 -6 -11
-10 -7 -2 6 9 6 2 -8
11 13 10 2 -11 -85 -38 3
16 5 -30 -72 -128 -40 10 20
-128 -128 -1 9 18 8 -2 -128
-14 -11 -11 17 54 59 38 -7
-16 3 32 25 25 0 -17 -24
14 28 19 0 -128 -128 -128 0
19 9 0 -63 -128 -57 0 15
15 -11 -49 -39 0 7 15 18
80 -128 10 -16 -17 -20 -6 16
-1 3 30 36 16 -1 -7 -11
23 10 -10 -76 -88 -60 -3 23
31 24 13 -17 -21 -18 -4 19
-25 -21 3 21 29 20 -1 -14
-11 3 8 -8 -21 -33 -23 -21
-23 -3 5 9 5 0 -9 -128
-33 -25 -13 7 11 8 1 -27
-8 2 6 5 3 -9 -36 -34
3 2 -2 -13 -12 -6 -1 1
-6 -11 -5 -9 -6 -3 1 0
0 2 4 4 3 2 0 0
24 18 11 -8 -112 -128 -13 15
-28 -76 -128 -16 8 27 23 3
-3 -2 21 34 29 -5 -8 -8
-3 -9 -5 -2 0 1 1 -1
-1 -3 -4 -5 0 1 2 0
-20 -9 2 3 4 2 -2 -20
-128 -128 -8 24 30 21 2 -44
31 4 -15 -32 -13 7 18 27
40 10 3 0 -128 0 15 24
-5 -12 -16 -59 -26 -11 -3 -3
22 30 36 12 -12 -128 -93 -10
-59 4 11 7 -16 -86 -128 -128
20 70 47 5 -1 -10 -35 -18
-128 -28 1 9 15 13 -13 -128
42 27 5 -17 -19 -17 5 26
-36 -31 -10 5 28 35 25 -7
-27 -25 10 24 21 -3 -6 -13
-45 33 -128 -2 45 -128 -128 -42
-128 -9 -7 21 38 43 34 -10
-15 -9 0 0 -2 -8 -13 -22
4 3 0 -8 -14 -13 -3 1
10 8 0 -21 -29 -35 -14 1
11 11 9 -3 -11 -13 -3 7
17 6 -5 -27 -94 -22 25 25
-24 -4 7 7 7 0 -10 -25
-13 4 5 19 7 -7 -8 -10
-91 -86 -2 15 -128 55 -6 -40
-27 -11 10 28 52 22 -4 -29
@ 1267275791 60
0 -1 -128 -128 -128 -128 -128 -128
-5 -6 -2 -6 -1 -3 -2 -54
8 8 7 -128 -128 -128 -128 6
9 -128 -128 22 -128 61 -128 14
-47 -31 7 -3 12 14 -7 -43
21 49 44 50 20 0 -13 0
-31 -128 -56 -36 18 3 -1 -4
-27 -16 35 36 14 0 -31 -35
13 16 48 73 48 -5 -22 -31
41 -5 -29 -76 -105 -42 8 30
-8 -22 28 42 24 -13 29 -14
-7 -14 -34 -30 0 31 31 0
-4 -33 -128 -128 -128 27 16 -7
-6 -7 14 14 31 47 13 -6
19 -7 -22 -27 -54 -128 -88 -22
-110 -109 -25 5 14 -8 -18 -34
26 -128 72 42 -128 -128 41 42
7 -128 -41 -128 -128 -128 -82 -36
38 7 -21 -23 12 21 8 35
-8 -128 -128 19 21 50 4 21
20 -21 -26 -19 1 25 38 44
-128 -52 -55 -96 -43 -21 54 -128
4 -13 8 -48 -59 -49 18 13
52 -18 -128 -128 0 0 0 47
-128 -3 11 38 41 49 20 -128
18 -42 -40 12 -2 -35 58 69
35 28 15 5 2 12 47 48
13 33 45 27 13 7 3 -2
-45 -22 43 43 1 -26 -18 -36
-29 -20 -4 -19 -4 -73 -110 -83
-2 -2 10 18 32 -3 -33 -2
1 25 45 -128 -128 1 32 -10
-53 -128 -128 -128 53 -43 -29 17
-7 4 41 60 31 -3 -20 -128
7 -35 -34 -27 -32 -20 12 7
17 42 40 13 -23 -28 -9 -14
5 -3 -3 -128 -128 -128 3 5
-7 17 47 35 14 -39 -70 -84
-10 8 -21 -128 -128 -72 -25 0
12 2 -44 -40 -9 -9 29 27
34 -41 -68 -128 -34 31 43 52
34 56 15 2 -64 -50 -9 35
10 -27 0 19 18 -1 -1 10
56 24 -16 18 18 -50 -2 31
9 33 17 64 -106 -39 -10 -7
21 8 2 -36 -16 -4 -12 -18
58 46 26 10 -31 -53 -7 55
0 74 76 -128 -128 -128 0 -46
67 -128 -17 71 35 -57 -74 59
-2 -11 3 43 -128 -128 -128 -4
60 75 47 11 -28 13 30 66
-4 93 83 -36 -115 -55 -24 -32
-1 63 56 -14 -48 -66 -46 -50
29 25 31 28 42 36 -38 9
37 62 78 67 43 53 36 46
38 56 14 -26 -50 -56 -41 -23
-128 51 60 -128 -128 -128 -128 -128
13 13 0 -3 -15 -34 -57 -32
-128 -128 -128 1 30 42 21 -7
-2 -15 12 17 63 -128 62 41
@ 1271038776 60
-128 71 -2 -16 -10 -14 4 -128
1 6 4 5 0 0 4 3
2 1 2 7 5 2 2 0
10 0 6 5 0 2 3 4
-2 -4 -1 -4 4 1 -4 -12
-2 -6 -8 -7 -4 3 10 4
4 9 10 9 8 -1 -12 -9
7 31 28 0 -29 -19 4 0
22 14 31 11 12 -9 0 -17
17 16 13 0 -128 -128 5 20
52 35 -6 -37 -28 -9 57 56
35 29 23 21 6 -17 -9 -14
-128 -38 -41 -20 -34 -6 3 -3
7 -1 -4 -5 -6 -4 6 10
-1 -5 -1 1 6 4 2 1
-14 6 16 17 10 -1 -15 -22
-4 8 29 27 24 -5 -128 17
44 50 -3 -17 -16 -14 2 30
3 0 1 -1 0 2 0 1
2 -2 -4 -8 0 9 16 9
7 6 0 -23 -14 -7 4 0
-4 3 20 18 4 -7 -8 -7
0 2 4 1 -1 1 2 0
5 0 -2 -2 -2 0 -2 -1
1 -5 -3 0 4 2 -1 -1
12 12 23 7 5 -6 2 9
0 2 5 1 4 4 4 1
3 -29 -22 -43 -24 -4 -8 -13
-11 13 29 -1 8 -8 -23 -35
9 5 1 0 -2 -4 -7 -11
32 23 14 3 8 -10 -25 -30
0 -4 -4 -4 8 0 -5 -7
-11 22 24 23 11 0 -25 -31
0 -3 5 7 8 7 6 1
-16 -24 2 -1 2 0 -57 -17
32 12 17 -5 -22 -25 -2 16
7 -21 -128 -128 -2 12 34 25
10 7 5 -6 -6 -2 3 8
3 -6 -6 -2 4 -1 0 3
-1 -3 8 -5 2 7 4 0
7 9 4 -10 5 3 21 -8
2 -1 1 -6 -3 11 16 8
-1 10 19 11 -3 -22 -27 -33
-7 -19 -22 -22 -4 5 0 -5
11 9 3 -14 -12 -15 -2 3
47 32 2 -40 -42 -49 -8 26
2 8 -10 -15 31 -11 15 -1
36 67 72 -8 -23 -57 -28 -12
35 -2 24 -36 13 -128 -128 75
4 -11 -20 -14 2 17 21 4
22 23 0 9 14 -10 6 21
0 -3 12 13 24 20 -1 2
-18 -8 20 38 30 -28 -10 -128
6 -6 -5 -3 1 10 16 10
2 -20 -29 -21 1 15 19 8
52 40 40 24 -5 -20 -12 5
92 64 -2 12 9 3 8 53
0 -33 -30 -23 -17 -36 -22 0
4 7 8 -10 -8 -9 -2 -1
2 -8 2 -15 -17 -10 -8 6
@ 1274926027 42
1 -1 1 0 -4 -15 -7 0
-32 -32 27 13 -3 6 9 -128
-128 19 4 -28 -24 -32 -41 -128
4 -50 -35 30 34 25 45 30
-1 -128 -128 -128 -128 -7 -1 0
28 -3 6 4 1 -5 -128 -128
-128 -128 -128 -29 18 3 4 -128
-128 -128 24 -44 -18 -9 7 -128
-128 -128 32 26 64 29 -11 -89
-128 -128 -128 3 -9 -128 -15 66
1 1 3 -2 -3 -1 1 1
1 -128 -128 -128 3 1 -13 -4
78 1 2 6 12 8 8 17
-128 -128 -128 -128 -128 -128 -128 22
2 -49 -65 -17 5 -15 1 -26
-128 1 8 78 52 39 -51 -79
6 5 4 8 8 46 -128 -128
-12 4 27 9 -10 -34 -6 -31
30 -128 1 2 3 0 0 -128
12 8 37 1 -128 -128 -128 -128
8 22 24 -3 -128 -128 -128 -128
-128 -128 -128 4 -128 -128 -128 -128
-128 -128 -128 -128 7 5 5 -128
0 51 53 1 -1 -29 -35 -4
-9 1 0 10 -128 -128 32 -18
-13 -128 -2 0 0 -1 -1 -18
-128 -128 4 6 7 2 -128 -128
-72 6 46 62 1 37 45 -13
-2 -128 -2 -2 0 -1 -3 -2
-11 0 4 3 1 -23 -30 -32
-128 -128 -128 -128 -128 -128 9 1
-128 -128 -128 0 -5 0 12 -128
-70 -20 9 -128 -128 -128 24 -39
85 -128 94 106 16 -1 3 51
-24 -7 1 76 96 43 -7 -128
-70 -20 4 57 9 4 -2 0
2 2 3 -3 -128 -128 -128 -18
-128 -128 -128 2 6 3 -128 -128
19 -128 -128 75 10 -37 8 5
47 49 20 -23 -14 49 55 55
-1 82 86 5 -39 6 19 36
48 24 -19 -18 -77 -89 48 -128
@ 1277362931 20
8 2 7 9 5 1 4 -21
5 40 39 -29 -3 2 2 1
18 11 -5 70 -128 93 98 5
-2 -7 -31 -44 -39 -15 -1 -7
7 20 18 0 -6 -28 10 8
21 15 -28 -27 21 6 -128 20
35 -128 64 35 46 60 56 50
-47 -2 -6 -77 5 -16 10 -24
4 -36 -40 -17 1 3 29 19
19 15 -40 18 20 -1 -3 -3
-58 -61 -70 -61 -53 -10 -3 -17
7 7 5 3 -24 -19 -23 -1
-8 -8 1 -10 -2 -35 -86 -17
-7 31 23 14 17 -10 -128 -128
-3 -5 -13 14 48 74 76 -2
-16 -23 -24 3 -2 -5 3 3
-1 5 11 -1 1 -14 -14 -4
23 -4 -51 -36 -14 -18 -11 -28
90 66 47 -20 -1 0 3 67
-21 -40 -43 -30 -11 -14 -13 -7
@ 1280448847 42
-3 -4 0 7 8 3 0 -5
0 -32 0 2 4 4 3 3
-6 -128 17 -128 5 -128 21 -128
-33 -7 -4 -6 -12 -48 -12 -7
-128 -8 -1 -2 21 18 1 -7
21 9 -7 -128 -128 -9 6 17
8 -128 -57 -41 -4 7 16 10
-26 -32 -38 -128 0 7 8 -1
5 7 9 -12 7 -4 -6 -10
22 12 -4 -128 -128 -128 7 20
-128 -128 -14 5 28 21 18 -18
-2 2 5 -5 -4 -2 -3 -6
-128 -128 -10 12 36 32 5 -128
3 1 3 2 0 2 0 2
-37 -32 -7 5 0 0 1 -15
-128 -128 7 -1 -128 -82 -1 11
-128 -7 27 -6 -8 8 8 -4
-28 -128 -15 -128 -24 -4 9 -26
-2 -4 -4 -2 0 -1 2 1
31 -128 12 -40 -70 -128 -62 -30
8 -1 0 7 8 8 15 13
17 17 20 -18 -128 -58 -18 4
1 0 -6 -11 -12 -2 -5 -2
0 -6 -5 -9 -18 -28 -25 -25
-2 -11 -18 -2 0 4 4 1
17 3 -8 -16 -11 -8 8 15
3 1 7 8 7 8 15 7
-128 0 26 11 0 -128 -128 -128
29 5 -5 -44 -92 -7 17 27
-11 -22 5 -31 -128 -128 8 -1
-128 -70 6 -11 -128 -128 -128 -128
-55 -24 -25 2 2 4 6 -22
-4 -128 -128 -128 -4 6 26 9
11 10 7 1 -27 -53 -26 7
-1 -2 2 3 3 2 1 -1
-5 2 13 20 20 -6 -23 -26
-1 -128 -3 -10 -16 -14 -5 -12
-42 -9 2 -5 -8 -32 -67 -128
23 9 -23 -52 -53 -37 11 22
32 10 -22 -128 -128 -10 22 27
-128 -128 -128 10 15 -128 -3 -4
-128 -128 -128 8 27 25 -4 -128
@ 1286153719 60
0 -3 -3 8 16 8 8 0
20 15 11 6 5 5 -4 6
-10 -28 -28 -16 5 12 7 -1
-12 -12 -13 12 -128 -128 19 2
1 -7 -13 -12 2 10 14 11
-128 25 -128 -128 5 20 109 -128
61 52 13 -7 -18 -30 17 53
0 -128 3 3 5 3 -1 -4
-40 -128 -128 -128 11 17 23 13
12 11 9 -5 -14 -11 4 9
4 3 4 -2 -4 -2 -1 1
5 -2 -3 -8 -4 -2 2 3
-6 -6 2 3 6 1 -1 -2
4 -8 -4 -6 -15 -18 13 47
67 68 39 22 2 -32 -17 54
-8 -8 0 0 6 -3 -2 -8
24 10 6 -1 3 5 39 -128
6 5 4 0 -6 -8 0 4
17 4 -5 -18 -14 0 13 19
16 20 15 -1 -14 -24 -15 0
8 6 18 10 3 -7 -8 -2
-2 -1 2 0 -1 0 2 4
4 0 9 1 1 -5 -4 -1
28 14 3 -128 -128 -128 14 20
-128 -128 -8 34 26 21 7 -128
-128 -39 3 30 30 28 -17 -128
20 5 -12 -70 -21 -10 9 19
21 7 -5 -128 -128 -76 0 21
-2 1 -9 -6 20 25 19 3
0 -4 13 11 9 -1 15 21
19 8 -6 -22 -20 -9 9 19
17 -1 -6 -22 -20 -11 5 16
25 24 15 -76 -128 0 17 23
0 7 8 4 4 3 1 -1
1 10 14 4 -5 -128 -81 -9
-13 14 37 28 10 -14 -128 -128
-4 -1 3 -3 -4 -6 -6 -5
9 8 46 -128 -128 10 8 6
-4 -4 -28 -11 0 -1 11 0
106 -128 83 63 41 5 -58 21
5 10 7 2 -14 -18 -9 -1
2 -7 -3 -3 -5 -1 4 -128
-9 -8 5 5 3 -2 -3 -6
10 -7 -25 -81 -24 -10 15 20
11 42 45 45 55 33 -10 -5
8 13 11 0 -7 -128 -128 -6
-25 -39 -34 -66 -79 -82 -49 -30
2 5 6 0 -5 -7 -6 0
-6 -2 4 -3 2 6 6 -3
-13 -1 9 6 0 -2 -5 -15
3 7 7 9 26 19 10 -5
7 22 -10 -13 -13 -34 -128 -39
3 17 21 9 -9 -16 -15 -11
-5 -7 -8 -6 8 13 12 0
53 -128 -128 -128 0 -50 -55 0
3 4 4 -1 -3 -2 0 -6
5 -23 -28 -11 8 7 12 18
-6 5 7 18 15 -16 -29 -28
-28 -25 -12 4 19 24 17 -11
3 1 -2 -1 0 -1 2 4
@ 1292255598 38
-3 4 10 -1 -2 21 22 -5
-128 -25 16 -7 -7 12 11 -128
56 36 -38 -35 -3 7 13 23
14 -4 -128 -128 -128 -55 -11 -7
27 16 -25 -45 -40 -40 15 29
22 31 16 -11 -23 -21 -18 14
23 -4 -12 -29 -17 25 60 36
31 38 13 3 -2 -4 7 38
-12 -1 -24 -52 -128 -128 -128 -30
62 28 24 -2 -7 -13 -8 38
-128 -128 3 -3 -17 -40 -128 -128
11 30 13 -18 -4 -17 -9 -21
21 15 -5 -10 -9 -23 -3 20
-128 -128 -5 -22 -41 -33 -20 -128
-128 -128 -128 1 -37 -128 -7 17
19 1 12 -6 -5 -9 -2 -28
65 45 32 -16 -16 -21 4 44
40 42 -128 -128 -18 2 34 40
83 -128 104 -128 -128 -128 -128 11
25 -13 -128 -128 -128 -26 25 -3
2 4 -23 -101 -128 1 -3 -9
4 0 0 -58 -128 -128 -40 -17
56 43 20 -7 -15 -31 6 43
18 15 11 -36 -32 -6 5 12
16 7 8 -10 -26 -31 -19 2
60 4 -30 -84 -10 -16 63 55
-128 -128 29 66 49 24 -21 -76
1 -3 0 -50 -128 -32 20 14
42 52 36 -9 -11 -8 3 28
-128 -128 -18 18 17 7 0 -128
-46 -128 0 25 32 54 3 -128
4 -8 5 0 -19 -50 -16 -3
8 15 27 -5 15 -128 -128 -5
-128 -128 -128 -128 -128 75 79 -21
14 -6 -12 -128 -128 -128 0 -16
-128 -19 2 -7 -7 -1 -128 -128
-128 -128 -128 -128 -128 -23 15 14
31 21 6 -25 -26 -15 7 21
@ 1297863892 41
-2 0 3 -6 -11 -30 -17 -4
0 17 15 -12 -37 -77 -50 -38
-41 -5 40 33 27 3 -25 -58
-63 -34 13 25 10 -25 -40 -62
11 31 41 43 12 -67 -93 -52
39 23 -16 -53 -44 -8 18 31
-5 -11 -29 -62 -57 -43 0 19
-45 -37 -22 23 27 1 -62 -35
-17 1 19 51 40 -10 -50 -35
14 33 21 -25 -46 -55 -47 -27
6 11 18 0 -23 -29 -43 -21
24 -1 -2 -39 -55 -61 -15 16
-8 -57 -64 -33 -3 12 21 -7
-3 -6 -3 -22 21 29 31 -2
16 -31 8 8 -40 -46 19 26
48 57 55 21 -10 -9 50 38
-58 -46 -32 15 37 38 32 -36
60 2 -44 -62 -66 12 44 57
17 2 -38 -52 -53 -51 -17 -3
-7 54 58 40 13 -5 -12 -40
44 15 -1 67 -128 30 32 0
28 -11 -58 -39 -20 28 38 30
-31 -17 -1 -2 -7 -31 -10 -44
-48 -63 -52 40 52 57 60 3
0 -8 32 55 45 0 -34 -17
-5 -25 -34 -31 -16 -24 33 19
-14 22 54 -5 -2 -23 -25 -28
6 -5 -24 -41 -27 -27 -7 1
-59 -72 -78 -46 -6 65 69 0
26 32 4 0 10 5 4 -22
-63 -65 -1 16 47 37 39 -39
33 7 -12 -31 -48 -37 3 21
28 40 50 38 31 -43 -44 -1
-45 -26 -7 8 46 2 2 -128
-38 -22 -13 -16 -53 -66 -15 -21
30 2 -15 11 11 72 58 8
-21 12 32 18 5 -28 -48 -45
-52 23 38 66 18 8 12 -17
-128 -66 -67 21 16 -12 -40 -128
-55 3 50 40 4 0 -3 -68
-39 -40 -28 7 38 42 18 -30
@ 1299717169 60
56 1 0 0 0 1 25 13
59 26 24 -1 -1 -1 0 62
-23 -41 -37 -13 0 27 42 14
0 0 1 3 3 1 -1 -1
-11 -15 12 -9 -9 -16 0 -12
27 -5 4 7 12 13 27 2
32 50 13 3 10 2 18 12
2 1 1 1 -1 -4 0 1
24 2 -25 -17 -18 -13 -14 23
-1 1 2 -19 -10 -9 -3 -3
27 43 42 -3 1 -15 -1 26
-33 -87 -14 47 34 40 59 -18
-1 15 18 13 4 -5 -19 -32
14 -3 -13 -29 -20 -7 -10 -8
14 63 116 14 14 -19 -18 -18
5 -37 -36 -32 -19 -11 56 75
1 7 13 8 6 1 2 3
3 -2 1 -2 -1 -2 -1 1
4 5 7 9 9 -18 -21 -16
42 -22 -3 5 15 32 67 52
13 -3 0 2 4 8 14 5
-128 -128 -12 7 53 56 27 -2
-5 -4 -1 5 11 12 1 -2
30 24 13 61 105 68 -128 76
7 13 51 59 50 19 -30 -21
38 38 1 -1 -1 -1 1 23
82 70 -19 -19 43 19 33 76
9 0 13 0 0 1 -3 -60
18 50 48 43 35 -27 -28 -45
20 67 46 -6 -8 -2 2 3
31 -46 -71 -18 -7 -128 -128 -28
-128 -128 -128 33 -120 -128 -128 18
5 3 0 -1 -1 0 2 4
-9 -12 0 -14 -9 -11 2 -11
48 36 12 6 7 8 13 45
22 57 -128 -23 -128 59 22 102
10 -21 -14 -60 -65 -36 3 12
-64 -128 -39 -13 30 -8 -10 -48
3 -1 -1 -1 0 0 -1 -3
6 5 1 7 -1 -15 -20 -21
1 0 0 0 0 0 0 0
-2 0 18 32 -128 29 22 -3
50 55 4 -5 -128 -128 -128 64
2 2 1 -5 0 -1 1 0
23 14 17 51 23 -65 23 44
-9 -13 6 12 18 13 5 3
-2 0 4 18 21 9 5 -2
1 3 16 8 -2 11 22 6
0 0 1 4 59 62 40 -1
-128 -128 -128 -69 -128 -128 -128 -128
0 0 0 4 10 -6 0 0
-8 6 7 15 40 26 4 -17
-1 3 18 -1 6 21 20 2
5 4 1 -3 -2 0 1 1
32 -5 -4 -5 21 58 3 24
3 3 2 -2 -8 -7 1 2
0 2 2 -3 12 8 1 0
-128 -128 -128 2 26 33 24 -128
-68 -49 9 61 48 -128 -80 -128
-5 15 19 14 4 1 -2 -5
@ 1300247050 60
-33 -6 9 12 6 5 3 -32
12 13 15 4 -10 -5 -3 2
-16 -39 -18 -23 -15 10 13 9
-6 -5 3 3 2 -8 -4 0
22 18 3 16 0 -13 -42 13
0 -1 -2 -2 -2 -16 -20 -8
-128 -128 -25 -20 -14 -30 -20 -128
18 8 -6 -19 -3 -1 13 14
-39 -128 -45 -41 -34 -12 8 -10
9 -4 -49 -128 -128 -27 8 -3
-40 -37 25 26 -128 48 51 -10
64 -128 69 63 41 54 -128 -19
-1 -8 -128 -128 -128 31 33 -2
-22 -19 -30 -48 1 43 -7 -23
-128 -128 8 -9 -21 -6 8 -128
4 -6 -2 4 3 -8 9 17
-7 -7 9 27 24 18 19 -1
-11 -21 -4 -9 -10 6 10 2
-3 -13 -5 0 0 12 21 10
-16 -7 -5 -10 5 11 8 -8
-12 -12 -9 -52 -3 11 -1 -8
10 19 36 41 38 29 28 9
4 2 4 -1 3 -17 -16 -16
21 19 24 76 29 -20 -38 17
-128 -128 11 42 47 34 6 -128
-9 -128 -128 -128 -27 5 48 32
-39 -28 7 34 35 8 -10 -30
-28 -29 -8 -87 -34 16 14 -26
-10 -19 -10 1 19 23 19 0
74 38 13 -8 -13 -4 10 50
-11 -16 0 4 17 16 2 -1
13 -10 4 2 -8 -5 0 -12
60 34 48 12 44 55 66 66
0 8 8 2 3 -11 -24 -18
-128 -128 -128 -128 -20 11 30 24
29 33 35 13 -5 -26 -24 -3
-18 -6 5 -27 -20 -66 -128 -128
13 4 -7 -21 -78 -128 -128 -23
-1 -11 -47 -65 -14 -12 -8 7
-22 -16 -6 6 10 -5 -10 -18
-128 53 69 31 52 21 6 46
-53 -42 -1 -15 -19 -9 -4 -38
-8 17 0 4 12 4 -17 -18
15 -4 -18 -22 -36 -20 11 20
-42 -38 -8 6 25 8 -17 -37
3 9 13 3 1 -7 -17 -15
-3 5 -34 -69 -54 -61 -37 -24
31 17 -11 -5 0 4 15 30
6 -19 -18 67 53 56 57 43
-8 12 10 -25 -28 1 6 -12
-13 -9 5 29 40 -128 -128 -128
-2 -9 7 11 9 3 -2 -4
-79 -128 -128 -128 -8 9 13 15
12 -16 -35 -23 -4 15 59 36
4 9 40 22 -18 -29 -29 -24
13 7 16 6 -3 46 51 35
12 8 0 0 18 27 16 7
59 85 74 50 -57 -128 -81 -41
-34 -48 -14 4 14 -2 -3 -14
-128 72 76 60 87 -128 -128 -128
@ 1301253254 45
5 -1 -3 -4 -1 -3 0 0
1 2 3 -1 -10 -33 -34 -9
1 -1 -1 3 8 2 2 -4
21 15 7 3 4 0 2 -8
-59 -58 -47 -85 -21 -25 -58 -85
-7 5 57 29 48 25 22 -5
56 -128 56 -128 -128 -128 -92 -36
19 1 -13 21 90 51 -6 11
30 -10 24 12 -16 -13 45 48
30 24 -3 -23 0 43 43 37
-128 -128 -128 48 3 -46 -49 -18
-26 -68 -72 -21 -15 -25 3 -24
-62 -5 20 15 37 1 -23 -61
-54 -128 -128 5 66 -128 -128 -41
64 38 -128 -60 -41 -23 10 60
69 10 24 21 40 38 34 -128
1 1 41 -128 -70 2 56 2
-41 -109 -39 -10 -47 -46 -6 -62
-1 0 2 7 24 9 -1 -2
-20 -3 35 29 13 -69 -42 -128
11 -30 -48 -105 -56 -2 16 0
-5 -18 -36 81 83 -62 -128 -37
-12 -10 7 20 -8 -11 -1 -18
-42 -19 25 36 37 22 14 -19
47 -128 62 70 59 54 -4 4
11 -33 -6 12 49 24 0 12
66 42 1 -56 -82 -128 -101 -1
-2 -5 25 -128 -45 24 13 9
24 -128 61 -2 -3 3 58 79
24 -3 -4 33 -128 -128 -128 38
-40 -34 -26 -37 -24 21 52 19
2 -47 -68 -110 -36 -24 2 16
51 -56 -70 -3 18 17 35 50
0 -33 -68 -54 -27 -29 -20 10
59 31 10 -35 -84 -128 -98 -28
-11 59 89 88 57 4 4 -8
9 0 -16 -44 -47 -6 -1 -8
-26 13 54 27 23 3 -22 -128
10 -128 -128 -128 -3 8 12 9
11 3 29 2 0 -6 -10 7
-128 69 50 -41 -97 -50 -45 -109
-31 -128 -128 -128 -128 8 50 -21
0 -13 -8 68 -128 87 52 40
-59 -64 53 32 -70 -128 -81 -48
0 25 64 0 4 -128 -128 -128
@ 1306383104 55
19 -128 -128 16 -12 -55 -41 -11
26 40 41 0 -20 -45 -33 0
20 32 43 20 -11 -34 -24 -7
-3 -128 44 25 -5 -25 -12 -5
-49 20 24 17 -1 -39 -128 -128
90 -128 -128 22 20 14 9 -6
37 -36 27 -8 -10 30 70 -128
-6 6 9 -54 -75 -34 3 -10
21 19 8 5 17 40 1 -21
32 6 -22 -38 -28 6 17 36
-53 -25 12 27 30 26 1 -44
-128 14 14 3 2 2 -3 -128
-128 -21 14 10 44 6 -128 -128
-31 -36 -28 37 65 77 56 -11
3 2 -33 -49 -14 34 -8 -128
0 38 -128 60 0 -41 -45 -33
15 26 29 0 -128 69 -128 34
9 17 17 -3 0 -22 -1 5
8 -3 -8 -28 -3 -1 4 8
-3 -31 -23 81 39 33 14 1
41 22 2 -29 -128 -43 26 46
0 13 -5 6 -10 -22 -31 -20
-27 -6 10 -128 -128 -52 -32 -40
-4 1 11 17 10 0 -1 -4
27 14 -53 -128 -128 -10 5 27
29 43 42 31 5 -15 -26 -4
4 -30 -16 1 12 17 21 10
-7 7 20 -1 -13 -12 -10 -3
46 -3 -24 -16 -7 74 -128 89
3 -128 -31 -5 -6 -3 13 30
-59 -62 -35 12 73 14 11 41
16 2 3 4 -3 -7 1 5
29 35 33 14 -8 -20 -20 12
35 -3 2 -4 -13 2 33 61
-9 -3 -3 76 -128 -128 33 -128
-18 -17 27 47 -128 96 102 -12
-45 -13 7 27 15 -1 16 -11
-128 92 -4 -10 -16 -29 -128 -128
30 33 -17 -128 -128 -128 -5 7
0 14 15 -128 -128 -128 -128 -57
-15 -18 -1 22 -128 44 22 -17
1 -2 -18 -29 -13 45 -128 -128
-128 -128 -128 -128 44 31 8 -44
5 31 43 29 3 -9 -11 -12
-128 1 0 -17 -18 -128 34 -128
41 3 -2 -12 -30 -28 2 14
-19 -6 -7 -3 4 17 18 -18
3 -2 4 6 16 -11 -15 -5
9 40 34 -3 -24 -33 -57 -128
-95 -70 -4 -1 2 1 3 -57
32 29 31 23 -40 29 31 30
-35 -43 -128 57 52 40 -18 -19
19 -6 12 29 18 8 8 5
-24 -31 0 11 11 10 8 -9
7 -1 -44 -128 -7 1 10 9
@ 1310869802 60
3 3 0 -8 -5 6 11 6
4 11 12 8 11 8 8 6
6 4 0 -8 6 18 19 -5
-11 -4 -8 11 20 30 19 -6
35 -128 23 21 13 12 1 -6
-11 -2 6 9 18 12 5 2
-36 -28 1 10 8 10 3 -34
-128 -128 -128 -8 33 43 37 -21
-44 -10 6 16 34 25 26 -34
-24 1 1 -128 -128 75 80 -14
-27 -38 -17 21 29 16 8 -4
0 10 19 20 19 -21 -9 -18
-80 -27 11 12 12 -128 -128 -128
-75 -62 -20 18 44 39 -128 -4
65 61 57 48 51 5 52 -128
66 34 0 -49 -31 0 60 69
-18 9 12 38 6 8 -4 -8
-13 -11 -3 9 12 -5 -13 -12
-19 -8 0 17 3 9 16 -14
-26 10 12 22 22 10 1 -128
-7 -26 -4 -12 34 7 27 -1
2 -128 0 16 1 0 1 2
-28 -33 -15 2 11 55 29 -12
-42 34 59 -18 -128 -49 8 -128
18 13 13 7 -4 -16 -6 -2
-128 0 -24 -16 0 -128 -128 -128
-21 -20 0 10 27 15 13 -5
71 1 0 -128 -128 -128 -128 67
-55 -21 6 21 32 29 13 2
-10 4 9 8 12 13 2 -31
40 30 29 -6 -128 -128 -128 14
29 -128 27 -4 -38 -128 -87 -28
15 -64 -128 -128 -21 -45 -128 -128
-8 -22 -1 -17 21 -42 -128 -41
10 5 17 10 0 -11 -3 3
16 71 63 39 -10 -21 -13 -5
61 56 -128 -128 -52 -68 -31 4
-2 7 16 5 -2 -9 -11 -11
-25 -62 -28 -6 22 34 35 3
-18 -10 2 11 11 0 -7 -18
40 23 -1 -12 -29 -30 -3 30
-75 -128 -14 5 39 30 -128 -12
-15 -17 -9 21 29 11 0 -15
-24 -31 -7 37 49 22 13 -12
-11 -11 -6 0 2 6 3 -7
-32 -22 12 25 30 12 10 -17
-6 -17 -16 6 28 20 26 4
-128 -128 1 16 30 30 9 -128
10 5 -10 -7 10 2 6 12
21 9 4 -6 -2 -5 -2 10
-45 -44 -15 11 37 30 11 -26
7 0 -9 1 2 -16 -11 -2
20 -11 -38 -100 -25 3 -13 -3
-41 -54 -57 -8 16 34 36 -9
-7 1 25 41 32 20 -2 -12
10 24 38 7 -10 -42 -28 -14
1 29 19 42 34 -10 -9 -23
-8 -3 -2 5 10 3 8 -2
14 9 -40 -73 -66 -22 -128 -128
15 14 8 5 -4 0 0 9
@ 1311404289 60
89 6 -13 -15 11 -128 -128 85
29 21 16 -5 8 16 16 4
-4 -7 -5 -1 4 6 12 3
-12 -25 -20 -7 45 -128 42 16
-10 -1 24 29 28 6 -16 -19
-10 -19 16 -12 -128 -128 -10 7
-41 -48 -24 -59 -49 -21 13 -26
3 -3 3 0 -14 -128 -8 1
-128 -23 -51 -40 -29 -24 -5 -128
6 -6 -77 -128 -57 -47 -39 7
-13 -9 -6 8 14 24 -1 -12
33 -128 49 41 41 -128 -128 8
-14 49 57 47 -13 -128 -36 -17
0 -9 -9 0 12 13 13 13
-128 -128 -128 0 12 42 45 35
-5 2 81 90 -24 -22 -1 -6
-64 11 56 64 61 47 3 -42
-3 -1 22 24 21 -11 -18 -18
7 -1 26 58 23 6 18 8
-58 -43 17 24 34 28 30 -39
-3 -2 7 9 24 9 6 -5
6 13 14 6 4 1 -13 -50
-32 -128 -128 -128 77 -128 -128 -18
41 19 0 -2 16 25 -2 7
-8 -18 -11 -9 11 9 10 0
-69 20 0 -70 -128 -32 -128 -128
-7 -73 -9 -42 -45 -75 -54 -14
1 -11 7 33 -9 -32 2 -3
-44 -63 -18 52 1 -70 -26 -11
1 0 2 0 4 -1 0 0
3 -3 -13 -6 20 5 44 -54
-21 53 65 -50 -128 -86 -4 22
5 -13 16 6 29 3 5 5
-11 -9 1 25 39 41 38 6
-37 -54 -38 -13 81 -128 71 -3
-43 3 19 8 12 3 -16 -51
4 -1 2 25 31 14 -5 -5
112 -128 81 35 -3 -2 2 28
-5 -9 8 16 29 35 58 -5
0 -18 -10 -26 15 39 50 23
-23 -35 -6 24 9 0 23 15
18 -11 -128 -42 0 3 21 18
-22 20 56 33 8 -6 -11 -26
-75 4 13 12 13 5 -28 -47
-3 -50 -53 -45 15 13 27 9
-3 20 39 45 41 -17 -30 -25
7 4 4 6 11 45 51 35
42 9 2 26 27 2 0 16
18 8 -15 -22 7 52 7 -92
-1 6 -128 -128 29 -128 24 9
49 51 -3 -19 7 10 8 2
8 -13 -12 -10 -2 58 -128 8
-25 -32 -25 7 7 20 14 -46
-26 -43 -30 -13 -6 -16 0 -9
8 11 18 6 1 -6 -3 1
18 23 29 6 -33 -42 16 22
-17 -4 58 65 56 19 -12 -29
-45 -50 -33 11 34 17 -10 -28
-18 -12 -1 26 70 45 48 -12
-3 -7 -4 7 -128 -128 -128 18
@ 1312481122 47
-128 -128 -128 -128 -128 -26 -20 2
33 -128 -128 33 42 21 93 31
39 2 8 8 -1 3 16 24
14 -128 2 -128 -128 0 2 20
-128 -128 8 0 0 0 5 -128
-22 -24 -16 -6 6 8 35 4
-25 -35 -5 18 28 19 12 -8
-28 -23 20 11 3 10 23 -6
-52 -27 -128 -56 -53 -11 6 -11
-16 -128 -128 -128 -47 12 25 11
48 38 51 28 4 1 3 -6
-29 -12 73 -128 52 -128 -16 -18
-23 -17 2 26 -128 5 5 -24
15 3 1 -9 -13 -11 -4 9
15 23 14 -21 -128 -128 -128 -4
9 63 81 3 -34 -43 -32 -13
0 13 21 23 0 -128 -72 -47
56 28 11 -36 11 9 5 17
33 69 67 39 29 -38 -6 -128
1 18 39 23 -5 -29 -33 -24
-4 22 88 -128 -128 -2 0 6
-10 14 14 -128 0 -31 -47 -39
-9 7 52 16 1 -14 -13 -10
-6 -17 -21 -20 -2 3 35 2
-22 -23 -6 98 99 12 17 -11
1 -128 3 22 25 3 3 0
-26 12 4 15 15 -128 -3 -128
0 -17 -24 -11 3 9 7 0
-128 -128 40 81 -128 3 3 19
51 25 29 56 48 34 63 35
38 26 -1 -11 -22 39 -128 35
69 -3 15 -128 -128 16 -128 -128
15 -20 15 -128 -128 -128 -128 -128
-128 -16 5 22 -2 -2 -25 -128
-26 -21 -16 0 4 -1 -7 -20
-39 1 -16 -21 -19 -21 -7 -33
1 12 56 60 2 -17 -18 -12
-32 1 17 16 35 10 -2 1
-1 -4 12 33 42 0 -29 -22
-29 -128 -128 -19 4 44 44 -7
40 21 -6 -28 -128 -24 11 29
11 -128 -128 -128 -128 4 27 23
48 6 -21 -15 -7 -3 13 -128
-2 -2 4 18 -128 -128 -128 7
-128 -128 -4 13 31 24 9 -128
21 -8 -90 -128 -128 -9 13 10
-24 -28 -8 106 110 42 26 1
@ 1312675314 60
25 -128 -128 -128 25 -15 37 -128
1 2 2 -1 17 0 0 -1
8 10 34 -128 16 12 -128 13
9 -128 13 0 -128 -128 -128 0
14 13 49 57 -16 -15 -4 7
36 4 -6 -6 -14 -7 7 39
6 5 6 19 29 -3 -4 -3
-128 -128 -128 15 -128 -128 -128 -128
-12 -1 10 30 10 -3 -128 -128
-10 -13 -9 2 66 -128 16 -7
19 -128 30 -9 -6 -2 15 32
14 12 11 2 -1 -4 0 8
8 -7 5 -16 -7 8 -128 9
10 5 -4 -12 -13 -7 4 11
15 5 -8 -14 -11 -2 8 16
7 12 12 5 -52 -47 -42 0
-9 -128 -128 -5 2 9 39 7
-5 0 -1 33 2 16 -2 -7
-26 -34 -41 -128 -57 -29 18 35
-128 -128 -128 -128 -35 1 0 -128
56 38 40 11 4 16 -128 -128
-128 -128 -128 -20 -128 -5 5 -128
8 1 -9 -69 70 8 14 2
61 39 34 41 43 -128 -128 49
-7 1 3 2 9 -128 15 -10
-8 -128 -128 -128 9 33 26 28
-7 -16 -14 -8 -2 7 18 9
4 14 37 5 -128 -128 -128 -128
3 -6 -10 -25 -5 31 39 9
1 20 8 2 -3 -11 -8 15
22 -128 21 -4 5 14 23 27
-5 -5 -42 -28 -12 5 -128 -128
14 4 0 -128 -128 0 2 18
-8 -5 0 58 -128 -128 -128 -2
5 6 6 -6 -6 -8 -6 2
-6 3 11 10 5 -128 5 -10
26 -2 -10 -21 -55 -47 9 13
-128 -29 2 43 46 24 13 -15
12 0 -10 -128 -128 0 63 41
-12 3 9 9 5 -1 -128 -128
-12 0 7 14 4 -29 -43 -31
103 -128 18 -39 0 39 34 45
-5 -8 -4 18 31 13 14 -5
1 9 2 21 -128 -128 -128 -6
0 10 17 16 12 -10 -128 -50
0 0 0 -128 -128 47 50 -7
0 -48 -128 -128 -128 0 1 1
9 7 0 -1 56 50 42 4
5 2 1 1 -5 -128 -128 -128
10 17 28 -1 72 -8 -11 -4
-17 -3 7 81 12 4 -9 -21
-128 -128 -27 6 25 28 19 -31
-11 -50 -128 -128 -74 -128 -128 -58
2 2 2 1 0 -2 -1 1
-36 -128 -25 -7 29 33 35 29
-45 -47 -23 23 -128 39 -20 -37
-1 -1 -1 0 11 0 0 -1
4 2 -1 48 -128 22 27 32
40 -3 -2 -3 -2 1 9 43
-128 -128 3 4 -22 3 -128 -128
@ 1313916575 57
29 -19 -29 -77 -128 -37 41 -128
72 83 52 52 27 26 93 -128
-7 5 25 -128 -128 14 5 -10
15 2 47 82 -128 -128 -16 -27
-5 31 -128 17 10 -128 -54 -10
8 -40 8 -29 -43 -128 -41 -15
-128 -128 -128 61 -128 -128 -128 -128
58 54 6 -19 -17 -18 36 -128
-128 22 -7 -14 -9 -7 53 -128
22 -1 -19 -31 8 -53 -128 -128
4 -2 -3 -3 0 0 0 1
10 22 25 14 42 -128 8 -2
-1 -128 114 -128 58 1 -71 -54
-1 36 42 23 15 -4 2 -1
39 -128 -128 -128 10 -22 -12 -19
-12 -16 41 75 11 -22 -19 -71
-3 -10 -8 -4 21 60 57 7
3 -4 -3 -5 -4 -1 4 7
-75 12 31 -128 114 49 -1 -4
2 1 0 -2 -1 2 5 2
24 3 1 8 -128 -128 54 14
-128 12 -7 -11 -8 -6 29 -128
-34 -6 -128 -128 11 -52 -128 -80
3 -128 -128 -128 14 -29 -24 -23
20 -4 -6 -8 -4 26 -128 20
-1 0 5 19 18 1 -1 -1
-9 0 22 -128 -128 27 4 -10
0 -1 1 10 16 3 0 0
-1 5 -41 -128 -102 3 3 0
33 87 92 54 57 50 -128 59
4 1 0 0 1 1 6 6
-128 8 9 -12 -8 6 73 -128
-61 -47 -128 -128 -61 36 51 -128
26 18 3 -4 -4 -3 3 15
62 72 62 18 31 -17 2 21
5 -128 -128 106 -128 1 -88 -82
18 16 1 -4 -4 -2 5 16
50 38 -16 -70 -38 -25 -29 -22
-7 -128 -128 -128 26 13 -5 -8
1 -5 -5 -7 -1 17 18 16
1 0 0 0 1 1 3 2
36 9 -13 -13 -8 7 67 -128
-7 -5 49 78 80 1 50 -10
-54 -50 -13 -67 -44 5 35 49
-3 -4 7 58 31 50 14 -2
2 -2 -1 -9 1 -2 5 2
-64 -51 -5 -128 92 11 -7 -34
-1 -2 0 19 21 5 2 0
-128 64 -15 -18 -6 53 -128 -128
-128 -128 -84 -128 -57 -31 -28 -65
53 82 87 -128 57 51 -31 -75
-10 35 23 21 1 0 -26 -17
12 10 63 -128 -128 78 5 -59
-31 2 -59 -110 -38 -65 -38 -24
66 -128 -128 57 87 -128 -128 -128
4 79 84 53 46 43 45 -43
5 0 -56 -128 20 84 -37 -28
@ 1318725715 60
-5 6 20 12 14 9 -128 -128
0 -4 -1 -3 0 -2 -1 -2
-128 -128 -128 -36 3 2 6 -5
6 -34 -51 -128 0 2 3 4
36 8 -30 -67 -15 33 38 29
14 -3 33 45 38 19 6 13
-64 -57 5 34 32 28 2 -38
14 23 -6 -128 -128 16 17 8
-25 -20 6 35 36 29 10 -15
25 25 19 -8 17 8 8 -12
0 6 -2 -13 -25 -102 -128 -44
-36 -7 12 11 11 4 -17 -48
18 28 39 34 23 -31 -16 0
-11 -8 -1 7 12 7 4 -6
1 22 26 -11 -10 -6 -4 -4
-128 43 2 -15 -21 -43 -128 -128
0 -31 -128 -4 0 0 11 0
-4 -5 -2 -4 6 27 21 -4
-30 -10 11 9 16 5 -17 -36
-2 -3 -1 0 1 0 -2 -3
-21 -41 19 46 30 18 -3 -6
-17 -19 6 1 6 -5 -6 -14
0 31 0 -11 -21 -17 -43 -70
-43 -41 -25 -21 1 67 71 -26
-19 -17 -24 -33 -16 -7 -14 -40
-11 20 71 93 -128 45 -12 -33
8 8 11 6 -5 -92 -6 0
-128 -128 -1 -25 15 15 50 43
-128 -128 62 0 -24 -128 -20 -128
30 -8 -5 1 7 6 4 5
38 4 -3 41 63 77 81 79
-7 -13 -11 -31 12 5 8 1
-49 -128 -47 -28 30 17 12 -4
73 20 3 -11 -9 -5 16 -128
11 20 23 20 12 -15 -128 -80
13 26 -12 -128 -128 -128 -128 -19
-18 -28 -3 -1 1 -3 2 19
7 -9 -10 -6 1 28 37 33
9 1 5 6 1 -2 -4 9
0 -15 -128 -128 -39 10 16 12
12 -6 -9 -2 4 1 11 9
-39 -20 1 18 -128 -128 41 -48
-43 -35 -14 10 40 10 -30 -43
15 -6 -9 -6 -23 -41 -17 5
-99 -35 16 25 31 18 -68 -128
12 -128 9 0 -20 -128 -27 0
-21 2 8 -6 -13 -8 -37 -30
7 11 -1 -38 -24 16 36 -6
-36 3 6 35 32 22 0 -52
7 8 10 -20 -128 -33 5 9
-27 -23 -16 -12 34 29 -4 -21
16 -16 -27 -28 0 0 -1 4
23 40 56 36 2 34 46 36
-5 24 56 28 -1 -17 -10 -9
-19 18 20 37 26 2 -42 -53
-5 -13 -16 -31 -23 -18 -7 -17
-8 8 16 11 5 -33 -43 -31
-128 -128 -128 27 5 2 0 -60
-48 -68 -34 101 8 6 21 17
27 33 2 -11 -17 -17 -17 -5
@ 1319380815 60
2 -3 -9 -17 -14 -4 0 2
0 -3 -12 -20 -14 0 11 10
4 39 32 9 -5 -10 -4 -7
34 5 -2 3 11 9 3 6
27 59 23 -10 -11 -19 -17 -1
16 9 25 0 -14 -6 0 15
0 -21 -28 -25 0 48 45 13
-16 -19 21 -128 78 -14 -6 -19
-11 -43 -61 -6 37 31 36 7
45 40 21 -7 -4 -14 4 15
-37 -8 7 16 33 -4 -52 -71
45 0 -5 -70 -72 -128 4 -128
16 -3 -29 -16 14 15 15 15
16 51 25 5 -16 -7 0 28
-27 -128 -5 4 0 -4 -4 -39
48 -53 -80 -67 -69 -76 -48 -128
2 -4 0 -1 -6 -1 8 10
36 22 6 6 -19 -57 -7 1
-3 39 38 33 -2 -40 -61 -59
45 48 38 -6 -16 -31 -1 -2
3 7 10 7 4 4 4 -2
-27 0 43 53 8 -28 -128 -47
18 6 8 0 -8 37 9 16
8 20 47 54 14 -8 0 -8
13 7 1 -72 -91 -40 9 10
-101 -58 -8 3 24 21 10 -128
7 -16 -128 -128 -128 -17 19 24
-2 2 -4 3 -1 -8 4 -5
-4 -3 -5 1 13 17 4 -10
23 39 -128 0 -27 -41 -8 8
9 -15 -31 44 95 93 92 52
10 -5 -19 -17 32 52 20 15
0 29 61 36 20 -26 -41 -37
12 35 39 35 7 -14 -24 -15
-2 9 7 20 23 13 8 -6
-37 -44 -20 -7 25 38 35 -3
-6 -24 -18 -6 -20 -11 -5 5
13 -128 26 0 -31 -50 -65 0
10 4 -7 -49 -128 -128 -128 -15
34 17 3 9 22 28 17 22
-31 -26 2 12 15 -9 -40 -56
49 40 22 -26 -25 -21 -22 14
82 -128 -128 76 18 -14 -27 -45
0 0 0 0 1 5 4 -1
7 4 28 58 38 25 11 14
60 77 63 44 29 -1 -6 11
76 -128 29 -2 0 -24 -17 61
44 30 8 -5 -35 -36 -46 9
-18 -17 18 50 43 22 27 -2
12 42 49 44 11 -17 5 -32
-30 -56 -12 5 46 15 3 -34
21 30 23 -12 -19 -32 -19 -6
58 69 24 -12 -14 -20 -20 -8
-33 -71 -44 -46 1 -17 -10 53
-25 2 1 3 -1 -19 -128 -128
0 40 45 38 -86 -70 -40 -34
15 40 52 41 32 -21 -23 -18
-7 -1 13 26 22 39 31 -1
-107 16 44 40 34 -10 -128 -64
3 9 9 -6 -14 -19 -5 -2
@ 1323471320 60
-1 -4 0 2 2 3 4 -5
-4 -9 -3 2 4 6 2 -3
2 1 1 -1 -2 -1 4 4
-1 1 -2 -8 -7 -3 1 -7
11 3 -7 -16 -15 -8 1 10
7 6 2 -3 -6 -9 0 5
-8 -12 -10 -9 6 14 13 -2
6 3 2 -3 -2 -2 2 3
7 6 7 -7 -15 -14 -3 5
-2 -5 -1 1 7 14 11 3
0 -6 -24 -5 12 17 13 5
8 11 15 8 2 -3 -3 -1
4 0 1 2 5 4 8 7
4 1 0 -3 -9 -12 -8 0
7 -1 1 -9 -19 -22 -3 12
0 -13 -8 -9 -6 0 12 10
-3 -12 -13 -3 12 15 16 0
8 2 -5 -10 -2 7 10 7
-3 -6 -3 1 -1 -2 4 4
-29 -8 -1 5 10 3 -52 -51
3 1 6 1 -16 -128 -128 -15
14 17 15 10 -4 -16 -2 2
16 9 13 3 -4 -2 12 15
-15 -8 -5 3 16 12 5 -13
-3 -4 0 3 1 -3 1 -1
-3 -3 -3 -7 -6 -5 -4 -4
-8 -15 -13 -10 3 13 10 7
1 2 1 0 -1 -2 0 -1
11 4 -7 -13 -6 -1 3 10
6 -4 -6 4 12 9 6 10
4 7 11 14 7 -4 -9 -7
-128 -128 9 12 0 -128 -128 -128
11 7 9 7 4 -56 -69 0
5 9 5 -2 -10 -12 -3 0
-4 -10 -5 1 3 0 0 -1
8 -9 -11 -19 -16 -4 6 12
1 -1 -2 -2 -4 -6 -4 1
5 7 9 3 -1 -4 -3 1
2 -5 -3 3 5 8 8 2
-5 -9 -3 3 14 14 15 4
-7 -2 4 6 12 8 -128 -8
8 3 0 -39 -41 0 14 15
1 8 12 7 2 -5 -6 -6
5 0 -3 -5 -5 0 5 7
-4 -17 -17 -7 2 5 5 3
-2 -3 0 -5 -2 4 14 4
11 14 10 4 -3 -8 -6 0
-1 6 12 15 14 7 3 -6
-7 2 -6 -8 -6 -4 -3 -7
11 9 3 -2 -5 -8 -2 3
-14 -128 -26 -2 15 24 18 6
19 28 19 12 7 -6 -7 2
2 -25 -10 -7 1 2 14 13
2 -1 3 3 5 9 17 9
-18 -128 -17 -128 28 11 55 22
4 -3 -4 1 7 8 6 5
9 4 -4 -7 0 0 2 7
20 17 9 -1 -128 -128 -80 4
-20 -11 -1 -6 4 -4 -21 -31
6 1 -3 -5 -2 -1 4 7
@ 1328698378 43
-70 -128 -128 -128 -49 -59 -128 -128
-128 -128 -128 0 -7 0 -1 -128
-49 0 -2 0 0 0 -88 -128
10 -2 7 7 -25 -128 -128 10
-42 -128 -128 -128 19 15 15 -30
26 54 46 17 4 -24 -39 -21
-42 0 -128 45 8 -18 -34 -56
13 -128 -128 -27 -19 -21 -36 -17
-8 19 38 36 -8 -58 -7 -19
21 4 -25 -16 4 4 4 11
-128 -44 2 61 24 10 -60 -128
22 56 0 -128 -128 -128 0 39
-3 0 6 -14 -42 -36 -17 -10
66 83 33 -1 -29 -40 -22 0
-128 -59 -34 -9 8 -28 -42 -128
26 36 0 -43 -68 -18 0 11
34 -31 -12 81 -128 61 51 3
38 6 -9 1 48 68 54 32
-9 36 -128 -128 25 -9 -10 -20
48 58 52 -15 -8 -15 -3 10
-128 88 94 -128 76 40 22 -128
36 46 -128 -128 -128 0 -83 -128
-128 -128 -28 8 34 17 -110 -128
-128 -128 33 23 -5 7 9 -49
38 31 -128 -52 -15 -18 9 42
-14 4 54 77 34 -2 -8 -30
1 28 -7 -92 -93 -128 -73 -58
-56 -128 -40 -35 -42 -30 -46 -47
41 19 -9 -52 -54 -19 49 48
14 45 28 39 44 10 -21 -27
-57 -34 3 21 47 66 32 -33
35 -15 -93 -128 -28 -25 -42 -25
53 74 46 24 13 -52 -128 -128
19 16 -33 17 29 66 27 -11
-14 -128 -128 -14 -20 -128 -128 -39
-68 -1 -31 -44 0 -128 32 -72
-6 18 60 38 14 26 -128 21
-6 0 36 26 6 28 36 -38
-128 -128 -6 30 -128 104 111 80
-23 59 31 -128 -128 -71 -26 -12
56 55 70 44 -48 -29 -4 43
58 -128 -128 -128 72 55 -128 74
-128 84 34 -23 -35 -2 4 -128
@ 1329448196 49
20 63 35 10 -36 -72 5 4
26 15 19 37 26 23 -128 -128
6 22 39 15 -22 -56 17 6
15 41 38 7 -7 -13 -11 -10
-106 -47 -49 -11 23 7 4 -77
-105 -70 -54 8 15 -9 -16 -37
16 29 21 6 -26 -35 -28 -7
63 -128 67 29 -44 -24 0 41
-43 -6 -2 -8 3 6 41 -30
-15 -12 5 16 14 5 -2 -14
2 24 22 14 10 -6 -60 -40
48 29 -1 -27 -17 -23 -3 29
-19 -48 -28 -43 -1 17 32 28
-4 3 14 18 3 -10 2 -7
-5 -12 -9 24 28 16 0 -11
44 53 36 -53 -92 -68 -3 39
87 -128 85 14 -5 -12 -5 11
-8 -10 -11 7 -19 -6 -5 -15
11 3 16 59 49 15 19 5
20 27 16 -15 -29 -32 -21 -10
-1 29 36 16 -12 -34 -47 -40
0 -8 -9 -5 -2 -10 27 11
9 -11 -1 4 12 10 10 -7
70 64 22 -128 21 13 16 8
21 31 16 -3 -12 -27 -24 -2
-11 22 62 -128 96 -13 -28 -34
-17 10 29 29 24 -8 -15 -39
63 21 -15 -128 -85 -18 33 59
-128 68 50 -128 -128 -3 20 -128
-30 -29 -20 7 34 27 12 -23
-128 -21 -22 -128 -128 -13 -13 51
36 36 5 -28 -42 -36 -7 15
21 41 39 34 17 -14 -19 5
-13 -8 -20 -33 -14 -40 -39 -33
-27 54 71 42 15 3 -35 -37
-8 -5 3 11 18 5 -2 -11
40 0 -128 -128 0 44 -128 -128
-4 13 35 17 2 -12 -15 -7
16 28 26 -13 -37 -17 -2 14
-21 2 24 54 2 -62 -75 -39
31 17 -29 -31 22 35 27 18
23 -8 -23 -73 -34 43 58 52
-27 -34 -18 57 -128 63 67 15
56 50 23 -20 -33 -31 -16 11
33 -27 -86 -128 -64 -24 53 82
53 32 -6 -46 -42 -20 8 45
-31 -128 -100 -48 -26 24 62 13
34 0 0 -33 -52 -32 7 25
-26 -6 -3 11 15 3 3 -18
@ 1329647842 60
18 -23 0 26 36 -13 48 -128
0 -7 25 -5 1 -1 1 0
9 25 60 27 3 4 8 7
-6 -2 -1 -1 0 -1 2 -12
0 34 53 47 0 -39 -50 -53
24 -35 -8 35 17 -128 -128 23
23 32 23 -20 -22 -67 11 13
73 63 32 8 -24 7 -15 -30
-36 37 40 -44 -27 32 40 -35
-1 -5 -8 15 29 -1 1 24
-128 -128 -128 -128 -128 -128 -128 -128
-14 -31 15 33 -10 -67 -128 -128
-128 -128 -128 -128 31 -128 -128 -128
6 45 -14 -29 -11 -128 -128 48
-80 -128 -61 -128 -128 0 -54 0
-35 -33 -4 30 43 32 -35 -128
43 54 49 33 12 -1 40 34
48 -128 -128 -128 -128 36 -128 -128
2 5 45 6 1 1 3 -4
77 30 34 62 37 -25 16 27
101 -128 91 58 58 -20 3 48
-75 -14 18 22 -8 -23 25 -128
8 -12 -26 5 4 -2 19 -12
-111 -128 -128 95 -128 -128 -128 -62
24 -18 -2 53 13 24 29 34
45 -128 109 66 23 5 7 -17
55 37 33 42 32 -4 32 48
-128 -128 -128 20 35 -53 -57 38
77 64 51 41 73 62 37 59
-128 15 0 0 14 0 0 -128
-128 -19 -11 -58 -16 -27 25 -47
30 -12 0 0 -52 7 2 27
-52 -32 -13 -42 -21 -9 42 -49
-1 24 30 -128 -128 49 13 0
-128 -128 -128 -128 -128 -16 -128 -128
53 -18 -27 -74 -54 17 32 75
-128 52 5 22 4 3 32 -128
-21 -38 -37 -31 11 23 48 -29
20 24 35 22 1 -36 41 -128
47 75 113 69 47 -28 -18 -15
-112 -98 -128 -128 -128 0 36 0
-128 -128 -12 77 -45 -72 -57 -5
3 -128 -128 2 57 -128 27 -128
-3 70 107 65 -6 -128 -128 -11
-40 29 101 67 49 60 -4 -128
40 11 31 -19 -14 -29 -12 5
-128 -128 -128 5 4 5 29 50
-5 49 50 14 -43 -128 -100 -29
-50 -50 -40 -14 70 24 19 32
-36 -128 -47 -30 -128 -128 -18 22
-128 92 97 -16 21 -128 -128 -128
44 61 38 40 31 17 -128 44
-18 -50 -37 5 38 5 25 10
-128 -128 -16 -18 -81 -128 -97 35
17 21 31 32 25 14 -4 -13
23 -44 -128 -36 -30 -11 25 19
0 50 -128 -128 1 25 -51 -35
-128 -44 -70 -128 -128 -128 -128 -128
-15 -128 1 2 0 -1 -3 -22
-19 -77 -14 -128 119 68 57 -26
@ 1330492927 60
0 0 1 0 0 -1 -128 -1
-128 1 2 1 1 0 -128 -128
0 0 0 0 0 0 0 0
0 0 0 0 0 0 0 0
1 -3 -5 -2 4 3 -4 -5
54 48 40 8 20 -23 -14 10
0 0 0 -1 -1 0 1 0
10 0 0 22 43 13 -5 4
3 -5 -29 -33 -30 -29 -19 -12
58 67 43 6 -2 -69 -36 1
10 12 39 3 -3 4 46 4
-128 -128 -128 41 4 -128 -128 -128
35 29 -20 -3 -17 -20 22 39
6 0 1 3 4 3 0 6
17 -7 -6 -24 10 63 63 71
-2 -2 12 -1 -4 -2 2 2
10 17 16 -14 -13 -9 -2 2
-15 59 62 48 0 -128 -71 -33
13 3 9 4 6 7 4 -2
-19 -33 39 67 13 -5 -6 -4
20 17 41 76 73 -56 6 11
24 -9 -35 -65 -47 -66 -43 -15
-47 21 17 0 -4 -9 4 -128
36 45 32 41 44 -21 -42 12
37 0 -9 -5 -13 -19 6 15
2 5 7 1 -6 1 13 6
90 47 -8 -17 -22 -13 44 -128
27 22 8 -3 6 -25 -17 -4
-19 0 45 32 11 -9 -22 -26
73 48 17 -32 -30 -9 49 73
13 16 36 17 23 14 9 7
12 80 -128 -128 52 -128 -128 -2
60 56 6 -48 -39 32 60 54
13 -15 -16 -12 30 27 72 0
20 14 6 -43 -8 -9 -20 3
17 35 58 -8 5 26 58 33
-128 -128 -128 -128 -128 -128 -128 -128
51 65 25 -1 6 -7 2 19
78 -128 27 -6 -6 -18 -6 41
-1 -15 -10 0 10 -21 -35 -27
19 21 14 9 2 -128 -89 -23
-109 -22 25 -1 -27 -47 -75 -128
55 13 -24 -32 -30 -8 16 39
-7 -3 6 13 2 0 -8 0
-38 -128 -73 -18 -5 -27 -57 -34
18 16 23 75 116 -128 28 11
51 14 -7 -35 -40 8 23 37
52 35 4 -35 -68 -57 -17 8
23 22 -41 -57 -42 3 18 54
0 -7 -10 -7 -3 8 41 12
57 69 31 -19 3 19 2 -2
18 6 -128 -128 -128 -14 -16 -9
57 35 17 -9 -29 -67 2 28
21 40 35 -55 -19 -128 14 20
-11 -11 1 1 10 33 41 -128
-30 -39 23 37 -128 -128 8 -29
6 25 29 33 41 2 -6 -4
27 -7 -23 -8 -42 -55 5 35
51 34 10 1 -1 7 13 18
54 64 3 -21 -27 -26 -36 -22
@ 1330495138 60
0 0 0 0 0 0 0 0
-128 -128 2 3 3 2 -128 -128
0 0 0 0 0 0 0 0
0 0 0 0 0 0 0 0
2 11 16 -3 -128 -4 0 -1
4 -128 1 5 -128 -128 -128 -128
-2 1 14 16 15 -3 5 1
10 2 -42 -128 -87 -24 5 9
0 0 0 0 0 0 0 0
-5 -4 0 1 -1 -4 -2 -3
22 29 6 -5 1 2 -8 -15
50 67 14 -22 -128 -20 -3 18
22 70 90 -3 -9 -15 -14 3
12 11 0 -28 -52 -19 0 9
-5 -4 -1 -1 1 0 -1 -4
-14 -128 -128 -8 -4 -3 -5 1
2 -5 -8 -9 -9 -4 5 6
-128 -128 -12 -10 -1 3 2 -4
-128 10 -3 8 -9 -6 -6 -128
-1 14 16 7 -2 -8 -6 -8
5 2 -3 -5 -5 -3 1 4
-4 -5 3 47 50 33 35 0
54 -128 -128 -128 -128 32 11 -35
-11 -3 -41 -65 -45 -18 -3 -15
104 25 27 5 -5 -16 -128 104
51 49 0 11 -128 10 22 83
3 7 5 -4 -1 -5 6 7
6 2 -1 -9 -13 -14 -5 1
2 -128 -128 -128 -16 -5 3 6
32 27 2 8 6 1 3 29
27 -128 11 10 -6 -17 -19 -18
0 -23 -14 -8 -5 -2 2 2
0 0 5 5 27 29 5 0
33 -128 -128 -128 -9 5 14 28
14 8 -50 -128 -128 -128 3 10
25 -128 24 -2 -5 -10 -1 1
-40 -22 3 9 9 4 -15 -13
-18 -29 -30 -6 18 16 4 -11
4 15 13 82 -128 -128 27 -24
-6 -8 -3 3 -1 -11 -8 -8
47 13 8 14 1 -1 18 34
-24 -21 -4 10 13 6 0 -15
26 8 5 -3 -9 -7 3 7
14 16 15 -9 -12 -9 -4 3
14 17 11 16 -128 -47 -128 -128
11 -128 65 18 52 60 63 14
64 48 14 26 -128 37 30 35
-1 -4 -5 -6 2 -1 -2 -8
43 -22 42 45 10 55 56 -128
-128 -128 2 15 15 -5 -21 -128
14 8 25 16 9 -11 0 1
7 0 -2 -3 -18 -16 -3 -2
0 4 20 18 13 -17 -42 -50
3 -2 4 4 2 -10 -128 -11
0 0 0 0 0 0 0 2
0 -47 -128 -128 -11 -19 -128 -128
-3 -4 -5 -128 -128 -6 7 0
57 -17 -11 7 26 63 73 44
-128 46 17 0 -47 -44 0 -128
-8 -8 -4 -4 3 -5 4 -1
@ 1331034493 60
-1 0 0 1 2 1 0 -3
3 3 -2 -3 -2 7 6 -44
-1 -1 2 3 4 7 0 -1
3 1 1 0 0 0 0 0
40 -128 30 -128 28 2 30 2
82 -128 49 36 21 -17 -31 21
55 50 41 -12 25 47 35 35
-7 -7 -4 -27 -128 -41 13 -18
-17 -128 -66 -50 -57 -91 -63 -21
31 61 54 -11 -15 -10 -2 8
-46 -35 -36 -41 -41 -23 -25 -39
-61 -17 0 6 3 20 16 -17
0 -1 -32 -128 -128 -128 -30 -6
42 34 36 45 54 33 -1 23
32 38 17 25 -10 -26 -2 17
52 44 23 15 15 27 -128 23
66 -128 58 0 -1 2 4 6
-51 -128 -87 -26 -60 -128 -119 -18
2 0 -2 -2 -1 1 2 1
-36 -47 -20 13 44 61 46 -21
-12 61 24 -92 -18 33 35 -37
6 -1 58 71 62 49 39 9
1 -128 -128 -29 0 -34 7 24
-26 -25 -17 -10 41 54 58 -12
0 1 8 4 3 1 0 -1
8 13 34 41 35 13 4 -15
-18 7 25 38 31 0 -12 -19
-76 -128 1 20 33 20 4 -37
-73 -53 -2 -31 -95 -128 -77 -2
0 -53 -50 0 37 70 72 48
-43 -28 6 42 50 -11 -45 -128
17 -10 54 -3 -6 34 22 30
-67 -29 -106 -92 -25 1 -29 -128
-20 -128 4 5 5 7 5 3
-58 -80 -63 -60 39 53 28 -34
47 -128 34 22 78 96 -128 105
-128 4 -41 -128 -128 -46 -128 -128
59 65 77 65 3 -28 0 43
22 46 25 0 -42 -46 0 8
-22 2 -4 -17 6 71 92 5
-43 -23 -11 -68 -55 -21 -128 -128
-8 -6 2 26 34 27 16 -16
73 56 -11 -75 -82 -22 14 60
-37 19 90 77 41 45 53 15
-3 -2 0 1 4 -2 -2 -3
-128 -2 38 66 -128 46 51 -50
-128 -128 -6 -128 0 37 -128 -128
-128 -54 -6 -6 15 1 10 -56
-30 -28 -11 -10 17 45 48 -11
7 13 -3 -86 -104 -27 -14 -23
-22 -128 -65 -19 0 49 46 14
1 -41 -20 2 28 44 40 27
-67 -61 0 -12 -23 0 19 -6
61 -8 -7 17 75 45 11 66
15 63 103 63 6 -12 -8 -11
-7 41 33 18 3 -18 -57 -75
45 23 7 -40 0 38 33 32
-80 11 46 -128 -99 -57 31 8
1 -1 0 0 2 3 4 2
-41 -128 -2 27 -14 -39 -24 -39
@ 1332951341 60
0 0 0 -1 0 0 0 0
-6 23 30 -128 44 -22 -78 -28
-128 -128 24 11 -44 -56 0 34
18 1 8 -9 -19 0 13 23
0 6 6 0 1 57 -128 19
-21 -20 -20 -34 -40 2 11 10
-128 24 34 25 21 -3 -128 -128
2 6 21 20 26 19 17 2
9 18 13 -8 53 78 3 -25
0 41 0 -19 -11 0 -128 -128
-5 -3 5 11 11 1 -9 -14
-1 -4 14 4 5 -4 -5 -3
68 9 -11 -19 -28 -37 12 -128
5 14 18 10 -5 -14 -11 -5
72 -46 -37 -50 39 57 49 54
-2 18 29 20 7 -7 -24 -22
-48 -44 -33 7 41 -26 -53 -50
8 -1 1 13 9 16 33 28
48 1 -10 -20 -11 3 36 48
0 36 -128 -128 0 -45 -38 -64
-128 -128 -128 -45 0 -8 -128 -128
-1 -17 -14 0 -128 45 2 3
58 0 -128 -128 -42 47 56 69
5 -2 -1 -3 2 2 9 8
-13 -20 1 36 90 80 85 -16
-38 -23 44 61 -3 -17 12 13
-23 -5 25 54 24 0 -15 -32
60 9 2 0 9 28 42 45
-30 24 15 14 37 2 -31 -128
4 -1 5 16 22 -5 -8 3
17 -12 -3 0 -14 -2 4 4
-6 7 15 8 2 11 25 -11
-12 -37 -18 11 31 34 36 14
-53 -40 11 15 16 107 109 28
5 5 4 -2 3 -2 -3 -2
1 -1 -6 -5 0 -19 -14 -10
-11 -1 -23 -28 -20 -9 -10 -14
3 -10 -12 -70 -24 -18 16 11
43 18 -67 -128 -128 -45 -23 25
5 15 24 13 0 -19 -46 -38
11 6 59 45 -2 6 52 55
-5 2 9 -4 13 -83 -107 -128
-37 -128 -51 -29 -37 -56 -109 -128
0 0 4 -128 9 -128 14 -128
7 5 56 -128 42 30 4 6
-128 -128 8 39 20 8 9 -64
12 -37 -15 -54 -43 -2 26 46
93 92 93 17 23 22 0 7
0 -1 -3 -3 -2 0 3 2
28 13 3 -4 6 -26 -6 -14
-14 -12 -6 0 14 48 54 0
97 11 -10 -42 -42 -30 17 76
4 -2 7 10 10 -1 6 8
-29 -27 6 3 13 5 -3 -11
51 -128 14 11 -5 -2 8 30
44 -22 -23 12 20 23 20 50
32 15 5 -8 -34 -128 -128 17
63 7 7 -24 -23 4 4 56
31 30 -6 -24 7 23 14 11
24 65 72 69 9 3 -37 -7
@ 1335560571 60
21 -4 -2 -1 1 1 1 0
-1 0 0 0 0 0 0 0
-1 2 3 2 1 25 35 22
22 0 0 0 0 0 1 26
-1 -2 -1 -1 -1 2 2 -1
0 0 0 0 0 -1 -128 -2
16 -14 -21 -11 6 3 10 -13
32 34 21 18 1 1 -11 32
1 -14 0 0 1 1 0 0
3 -18 -71 -70 -35 8 53 42
0 -14 -16 -13 5 30 21 9
-1 0 5 3 5 0 0 1
-128 24 64 88 98 34 3 28
-2 23 25 26 0 1 2 2
0 0 0 0 0 0 1 0
1 1 2 2 21 26 8 1
5 -9 -11 -14 12 -5 20 23
0 -1 0 0 0 0 0 0
27 35 48 13 -4 -42 -44 -128
-128 30 -1 -1 -1 -1 38 -128
8 29 35 -6 -22 17 49 29
1 0 1 2 -16 -33 -28 -6
-2 -5 -3 -4 -3 -1 9 6
25 0 0 0 0 0 1 25
-128 -128 40 -1 0 0 0 32
-1 -1 2 0 2 2 -1 -3
-60 0 0 0 0 -1 -24 -43
-46 -35 -10 0 1 0 1 -5
24 21 3 -35 -56 -42 -24 0
-7 8 22 13 -9 -33 -41 -31
0 0 0 0 0 0 0 0
30 23 -21 -30 -40 -37 1 36
0 0 -1 10 21 0 0 -1
-1 -1 51 0 0 0 0 0
-9 -24 -17 -10 -3 -16 -10 -14
0 0 0 0 -1 -128 -128 0
0 0 1 1 3 0 0 0
0 0 0 0 2 0 0 0
-57 1 1 1 0 0 2 -46
-5 -10 -6 1 -6 -10 -9 -11
-1 -1 2 35 -128 33 27 -1
2 2 14 -6 2 2 1 3
33 26 21 22 49 26 36 35
35 -3 -3 -3 -3 29 -128 -128
43 49 -128 -51 61 41 50 37
-4 4 12 10 4 -61 -100 -78
-3 -30 -1 0 0 -3 0 0
-47 -69 -74 -80 -44 -26 -31 -10
-46 -128 -128 -128 -128 -128 -31 -40
-75 -128 -34 -2 20 32 24 -19
2 2 3 0 2 3 10 1
1 0 9 -31 -56 -39 10 3
1 1 0 1 1 -2 -128 -128
0 0 6 -1 -1 -1 -1 -1
0 0 0 0 0 0 0 0
0 0 0 0 0 -1 0 0
-25 -20 -2 17 -11 -7 -24 -19
47 20 56 35 13 16 45 30
11 0 0 -37 -24 -60 -74 0
0 0 0 0 0 0 0 0
@ 1337921318 60
16 24 39 75 26 32 31 20
9 2 13 0 0 7 11 -11
-128 63 -18 61 -128 -128 -6 -128
3 -1 7 19 9 3 6 5
6 7 24 18 -7 10 21 16
-13 -128 13 25 -128 61 4 -35
2 -1 3 8 9 4 15 2
29 47 79 42 40 6 7 5
44 42 0 -28 -31 -43 -15 42
-17 8 46 -128 -128 53 -11 -128
19 15 -2 1 -12 -11 4 8
-8 87 92 -128 83 1 -4 -22
-4 8 8 2 6 5 15 -1
10 31 59 43 16 3 19 16
-3 0 1 -15 9 7 3 -4
46 37 39 -128 -4 -12 2 41
28 55 32 10 33 0 8 11
-11 -11 -21 -30 -17 47 -128 21
-42 -36 -40 -39 -4 -47 -128 -128
-128 -12 29 59 32 -7 -128 -128
-16 -1 34 48 59 -4 -11 -13
-3 3 45 -128 -128 26 28 9
58 48 24 -18 -7 -18 -17 15
-9 -2 91 -128 -128 3 -6 -7
-6 -11 -11 -13 -3 14 -8 -22
-38 -2 3 2 -4 -4 -73 -66
19 17 50 23 8 -5 -27 -8
-96 41 0 20 29 19 74 0
13 53 72 88 60 14 -128 -128
-1 41 66 23 20 3 4 -1
-9 -5 3 1 -6 -16 -7 -8
33 -4 -3 0 -8 -16 -3 9
23 -128 -128 -58 -128 -128 -128 44
-2 -10 -14 -65 -39 -29 1 -4
51 -72 -128 -52 0 -45 -34 1
33 1 2 25 -128 -128 -128 -128
1 0 1 1 0 0 43 -1
0 11 25 28 41 23 8 3
43 -1 14 8 5 -20 12 16
6 -128 -128 43 -128 19 19 -18
8 88 91 -128 66 49 52 -128
6 7 7 -33 4 11 2 -8
-15 24 -128 64 20 17 30 -21
4 6 8 1 3 -2 3 -9
-4 -11 -4 44 41 9 -6 -15
8 -7 68 84 51 -8 10 11
73 -7 -76 -128 61 -60 10 65
9 0 -57 -128 -65 -67 -39 0
-7 -18 -5 -9 -2 -15 -11 -7
10 1 0 -4 1 0 -4 -7
-36 16 -128 -128 -128 16 -24 -52
-128 12 12 -128 -128 -25 -128 -64
87 61 5 -28 -26 12 -128 72
-24 62 -128 -128 58 -24 -27 -38
-128 15 21 19 0 -128 -128 -128
-11 -128 -14 -22 -1 2 11 -27
12 9 -2 -38 -28 5 7 4
2 6 -1 0 2 2 0 -9
-2 -2 53 10 -5 -13 -12 -20
-2 -28 -1 -4 1 -12 -7 1
@ 1337938243 60
-4 -2 12 16 20 5 -4 -3
6 25 19 9 -4 -23 -13 -16
-26 -128 -28 25 8 -128 -128 -27
10 16 11 0 -22 -46 -22 0
19 15 20 4 -3 -43 -100 -4
9 40 9 11 -15 -23 -18 5
0 6 17 -5 0 15 -32 0
-8 -10 -17 -28 -12 3 2 -128
10 -21 -42 -63 -24 27 43 35
-41 6 8 -61 -76 -128 -35 -61
-128 -128 -33 -128 -8 14 -21 -128
-2 10 33 41 56 36 -12 -84
56 54 56 -128 69 32 56 -128
-29 -10 21 25 24 13 -12 -23
10 -12 -128 -128 -128 88 -49 -128
-128 44 44 -128 -128 -62 -10 35
-19 6 8 -3 9 -2 -2 -57
39 44 24 -17 -42 -128 -55 4
47 67 51 -10 -37 -55 -42 -7
-128 -12 -3 -7 8 19 11 -6
-13 -46 -50 -20 21 22 30 6
18 41 26 -29 -5 12 15 24
9 7 16 -8 -15 -22 -19 3
42 11 -42 -84 -68 -88 -29 -7
59 61 34 46 29 -81 -15 57
-19 -5 -11 -23 57 -7 -15 -11
-7 -13 7 15 13 15 22 10
-72 -128 49 -128 -128 -9 -24 -128
-128 -128 -128 -128 5 42 35 -93
-128 -128 -128 -52 -61 -128 -23 0
50 -128 -128 -18 -24 -28 -4 2
15 9 3 -11 -14 -27 3 3
69 64 34 -128 35 64 -128 -128
-14 -38 -4 3 49 52 56 -6
-128 -128 -128 -63 -128 -128 -128 33
-26 -18 -15 -2 18 15 4 -1
11 13 56 28 8 34 8 6
-25 -4 -128 18 19 -128 -128 -128
20 9 -4 -56 -39 -11 3 16
-31 -47 -45 -52 -10 -6 -4 -3
-44 4 36 30 0 -68 -68 -88
-3 15 43 32 -3 -128 -91 -128
-128 -128 80 68 50 15 -2 67
-17 -1 3 5 18 28 -5 -36
-128 -5 -6 -108 -128 14 14 -128
34 11 0 0 -53 -49 0 25
11 61 -67 -78 -128 12 88 67
-22 -128 -128 -128 27 4 19 -24
-18 -7 3 9 10 2 -17 -17
0 -23 -33 0 0 0 15 8
104 65 49 -35 -12 -48 97 -128
14 18 18 2 -2 22 15 7
7 -18 -6 18 64 59 73 57
81 -128 78 25 -19 -34 -14 26
48 1 -8 -14 -19 42 17 47
20 -7 -17 -8 57 -7 57 66
62 -128 70 72 -128 1 65 1
28 -128 -128 -128 -128 100 103 96
5 -11 46 -128 -128 28 7 -14
-6 -3 0 -30 -78 -47 -23 -21
@ 1339751678 60
-20 -2 26 -128 -128 0 -25 -6
-28 11 46 66 70 57 14 -21
22 -12 11 -2 -22 -8 30 34
0 23 29 41 24 0 -46 -41
2 -11 -67 -20 30 28 27 -14
-64 50 53 76 52 68 49 -21
107 -128 91 74 -11 -52 1 58
-42 -41 -128 -128 0 50 -8 -16
-1 59 46 -128 -128 -128 23 -21
99 65 55 58 19 -128 34 -128
-6 9 30 29 39 60 31 -29
-9 4 28 84 59 -33 -128 -128
42 41 60 40 42 37 45 -40
0 26 -128 -128 -128 -128 -128 -64
15 31 31 -21 -58 7 73 90
52 14 9 41 59 50 33 35
-1 -49 21 -128 -128 -128 78 68
-25 50 88 -128 -128 -128 81 48
41 13 -16 -16 9 -15 -16 10
44 8 8 47 58 6 19 34
72 33 41 81 99 58 38 67
55 15 4 -21 -71 -10 51 51
-128 -128 0 0 -68 -128 -128 -36
60 78 10 -35 86 60 31 47
-128 96 -64 -55 -43 30 102 -128
43 -30 86 112 -11 52 39 52
63 -27 -37 11 -30 23 77 72
-51 25 46 54 41 -128 -19 -56
25 23 0 24 -128 -128 109 69
-15 -128 -43 -6 55 70 59 -1
16 -27 -38 -7 24 33 29 38
33 -7 -11 -41 -50 -76 -128 18
60 -55 -3 66 3 38 -36 -104
-128 -128 2 -128 -128 -92 -128 -128
-92 -128 -128 -128 -128 21 27 -38
-30 -128 -29 -128 -128 -128 60 -23
24 -128 -128 20 33 69 -128 49
-128 38 -15 -29 -27 20 12 -128
10 18 58 41 63 -128 42 28
53 38 60 40 88 -128 -128 -128
-128 -128 -128 -128 -128 -128 -128 -128
11 38 48 72 99 52 32 -18
-128 -128 13 89 -128 -128 -128 15
-128 -128 52 -128 -128 -128 -128 -128
-55 -73 -88 15 39 24 -128 -55
-128 19 -128 -128 -128 -24 -31 -33
-7 -28 -27 1 21 47 38 15
-101 -128 59 27 0 -27 -128 -128
34 -25 -31 -21 5 -17 42 47
-128 -128 -128 -12 32 28 -128 -128
45 15 29 44 38 -128 48 35
65 -128 -128 -128 98 47 38 66
37 -17 37 -128 -128 -128 -128 -48
67 37 16 -25 21 52 36 71
-52 67 71 -128 -128 30 32 -34
-20 -19 5 48 61 64 66 -128
-36 -83 -128 -128 -128 -128 -128 -128
4 -128 -128 -128 -16 -128 -128 -128
-128 -128 -55 -12 3 53 -128 38
44 18 42 20 1 -13 4 28
@ 1347276750 60
-1 0 1 11 37 13 1 -1
-1 -1 0 12 34 10 1 0
6 -7 -7 25 25 -1 4 6
7 0 87 -128 -5 38 -6 -13
4 -128 -128 -20 -3 12 28 21
-16 -15 -12 -23 11 26 12 -15
50 -128 -128 47 48 -3 -34 -59
15 -128 -128 -128 26 -128 21 21
-1 -2 2 2 2 -1 2 -1
-4 -38 -7 6 21 -37 -29 43
17 16 16 -15 -30 -25 -2 12
-29 -35 5 10 14 13 11 -30
21 21 25 -2 -128 -92 -21 10
-128 26 26 -68 -36 59 -128 -128
-11 5 46 56 66 39 11 -54
46 12 -6 -2 -5 -9 -13 -9
-40 -95 -101 12 16 36 -32 -57
-2 -128 -28 -128 -12 6 -128 -2
-6 3 35 59 51 46 38 4
-1 0 2 -3 1 4 4 0
42 21 13 -9 -1 27 35 21
2 -20 -34 -56 -21 18 8 8
6 -16 -40 -29 -19 -41 -24 -2
48 55 28 -3 -32 -21 -2 17
-128 -128 -36 -31 13 30 40 -35
-25 -15 9 11 28 -24 -26 -41
-17 -42 -39 -49 -16 8 13 -22
-26 0 0 -43 -40 -128 -128 2
-128 -128 22 14 13 23 110 -128
-2 -6 -6 16 18 2 -4 -2
0 -53 -66 -58 11 37 37 23
-12 11 18 -1 -1 -28 -33 -35
-128 89 55 6 -4 -10 -11 79
16 -7 -11 -19 -19 0 -2 -22
-5 -6 5 7 8 3 -4 -8
4 2 5 -3 -7 -6 34 10
-39 -24 -31 -29 -20 17 15 -15
-29 -21 21 -128 -128 24 29 -7
17 1 -31 -41 -12 -7 59 60
-12 -6 -39 -128 -128 -47 -3 -9
81 -128 -128 2 2 -30 -58 76
21 -31 -22 -26 -9 26 -28 -128
-7 -15 5 5 6 10 12 9
-2 20 -1 -35 -25 -19 -18 -23
-9 9 13 9 5 3 -2 -15
-1 -4 -1 -2 2 4 3 2
7 7 3 0 3 -3 12 4
10 -1 -4 -4 1 -3 0 6
21 11 7 -15 -26 -58 -66 -12
31 22 2 -75 -128 -10 -46 -11
-128 -128 -128 -128 -128 0 33 -128
16 12 10 -6 -35 -7 17 18
-49 -29 22 54 0 -51 -128 -60
4 -8 -7 -128 -128 -6 -2 4
-128 -74 -77 -128 -53 20 20 13
2 -14 -2 -61 -54 -64 -21 -19
-55 5 38 56 42 2 -26 -73
-24 -128 -128 -22 -33 -33 -10 -128
-32 6 55 23 -19 -49 -48 -32
-3 31 -128 31 -9 -12 -9 -12
@ 1348421779 60
23 2 1 9 9 23 -128 34
-1 8 15 26 29 42 45 24
0 -1 104 90 58 -128 -128 6
38 64 37 -31 -28 -128 -128 -128
3 16 31 10 -20 -59 -43 -15
1 -5 -9 -14 11 10 11 4
11 0 2 2 18 24 19 5
-4 -7 11 95 109 22 23 -11
-2 -5 -4 -4 20 53 51 4
-19 -22 -128 -128 -128 -104 -110 -24
41 33 -9 -128 -26 -20 -5 26
1 0 4 3 5 -3 -3 -4
10 17 -41 7 28 39 0 -66
11 -4 44 59 60 81 -128 -128
32 -43 -2 1 7 35 30 37
-10 -12 -29 -128 -98 -14 29 6
-54 -128 -128 5 -21 -36 30 -6
7 -19 -6 14 53 37 9 -6
-11 -16 10 41 43 34 -6 10
19 -3 -5 -128 55 -16 18 38
15 0 10 35 53 14 -128 -128
45 55 45 4 0 -5 0 28
-58 67 75 12 1 -53 -5 -13
-14 12 13 50 46 -31 -55 -15
-38 -6 10 0 -128 -128 -128 -73
-7 -10 -16 -9 -4 1 94 54
-128 -15 -6 43 -7 61 -107 -128
-9 -8 48 10 95 -128 -128 -6
-36 -128 -128 -5 21 20 42 31
-39 -30 63 66 26 -11 -16 8
69 49 50 25 34 -7 33 31
79 75 -128 -128 -86 -128 -2 -128
12 19 70 26 0 -4 0 6
21 -4 -2 12 21 0 2 32
-47 -63 -36 34 58 59 40 0
64 42 -8 -48 -26 -7 36 70
-30 -26 -14 -6 46 78 83 0
-1 59 59 -1 13 18 56 11
24 0 -11 29 51 45 43 42
-11 10 29 33 37 23 -25 -44
-29 -128 -128 22 10 52 8 -2
106 75 -57 -77 -14 -51 -128 -36
-94 -30 27 10 31 53 -128 -94
30 -109 -115 -128 21 54 40 26
-16 -20 -29 22 12 -45 3 -17
-55 -46 -44 10 54 83 -3 -39
67 87 89 -128 -102 14 62 66
37 38 23 9 3 -5 -2 0
-34 -2 5 1 3 1 -5 -128
1 -2 1 5 16 10 43 5
113 -128 96 -5 -4 -4 2 -2
-52 -128 78 -128 -128 -44 -128 -128
69 67 46 84 -24 -128 -128 81
5 15 9 -28 -6 -3 0 0
-128 -10 -18 -29 -30 -24 -128 -128
-27 -24 -8 3 12 -128 23 -96
55 -19 -128 -128 -128 -128 -128 49
7 -44 -55 -7 -7 35 57 49
-18 -4 43 51 51 42 34 -19
-25 -8 26 17 28 -7 -7 -32
@ 1350897753 60
18 3 -43 -43 86 -38 43 35
51 -128 -128 -128 -12 6 40 29
-8 13 -8 -16 -7 59 51 -49
-13 28 31 -42 -48 -64 56 -128
29 -23 -43 26 76 102 26 11
-12 15 23 -128 -128 -128 3 -18
-3 53 49 -39 -83 -128 -128 -128
-33 -65 -128 -31 101 -128 35 11
-34 -11 -23 -128 55 51 -128 -38
38 58 35 23 9 62 77 22
98 74 67 -34 -91 -31 59 92
56 72 61 -128 -128 -82 -12 -35
18 -48 -15 -4 -42 -128 -32 62
51 79 51 50 1 -64 -9 30
-128 -128 -128 -128 -128 -5 39 -128
66 -26 -35 -128 -128 -128 -128 -38
13 45 -128 40 78 30 8 -30
22 -128 103 37 -3 17 -7 32
43 -13 -10 -74 -32 45 47 38
0 53 -128 -128 40 19 0 46
9 -16 -37 6 54 20 15 8
50 33 -128 -128 59 45 50 -26
35 32 3 19 21 7 27 -128
65 66 49 66 48 15 30 52
-42 -27 -1 21 75 60 24 -47
46 30 71 -40 -6 69 105 -128
20 -7 17 28 -52 -12 -6 -128
-128 -128 -128 -128 -128 -128 -128 -128
-3 24 39 30 33 21 22 -14
7 -20 1 33 4 32 66 62
9 -128 -75 -8 -33 79 81 8
92 -128 32 -128 20 -128 -128 98
-128 -128 -128 -38 -21 -31 -23 -128
-12 1 59 68 -45 -43 19 11
30 -128 111 60 -1 -51 -1 37
51 -128 30 30 30 -12 -29 28
-128 -128 -128 22 31 3 -14 -92
10 6 7 6 25 5 -43 7
2 -53 -6 21 13 -128 -128 51
-12 6 35 39 62 35 3 -24
7 -6 -5 -7 0 -41 7 52
78 45 14 -18 0 31 49 70
-27 -5 -46 -19 70 -128 -128 40
-128 -128 27 -128 -128 -128 -128 -128
33 52 72 41 64 31 -1 -21
13 -17 -31 -11 -32 -42 32 6
22 -25 -31 -23 -7 67 85 59
49 0 -128 -128 3 27 0 -67
67 14 -10 64 29 -9 -14 30
-128 -128 2 78 39 40 84 -128
16 15 16 -128 4 14 51 57
16 -128 -98 -128 -18 -128 -1 -7
-128 -128 2 -30 -9 -6 11 70
-3 -24 -28 -128 -128 21 8 -7
-12 14 7 -29 -22 -128 -128 -128
-128 -128 61 51 23 1 -128 -128
-31 41 -128 71 -20 -22 46 -18
50 6 -9 -40 -8 56 80 33
28 48 21 10 4 50 6 9
-17 -49 2 22 -4 -28 -11 -17
@ 1353666106 60
40 -18 -24 -6 10 12 30 38
18 33 38 21 3 -19 -17 -7
0 -8 26 -2 0 -11 -4 -3
11 3 -5 -128 -53 -3 5 9
-11 11 11 -128 16 6 -9 -16
-11 -45 -58 -66 -60 -82 -31 8
35 31 11 16 33 45 24 12
-10 -15 -16 32 53 52 55 1
-21 -10 0 8 40 9 0 -34
-1 -4 0 -34 -34 -1 -2 -7
57 55 22 5 1 -10 -15 40
20 12 6 -9 -5 -7 -1 10
15 -7 -1 51 65 94 78 -10
54 53 -14 -26 -22 -14 28 -128
-4 -19 -12 -13 11 23 51 23
-4 0 0 -13 -29 -21 -26 -25
-41 -71 -38 1 55 -128 46 27
1 -16 -26 -5 35 68 72 32
-19 -25 0 14 15 22 30 13
-3 -12 0 -2 27 45 36 18
5 29 31 -128 61 29 -8 -20
35 29 -47 -128 -128 -128 -128 -58
11 -128 -128 -128 25 11 5 6
35 8 -49 -128 2 61 68 59
-26 -47 -43 54 71 76 54 1
5 26 63 51 0 -128 -73 -22
-10 41 57 55 -2 9 -128 -31
-128 -46 14 31 30 27 37 1
3 5 22 24 27 23 22 0
-16 6 38 44 -128 -54 -10 -17
19 28 0 -14 -15 -2 -18 0
11 -24 -37 -81 -30 12 16 9
0 -128 30 -128 -22 -128 -12 -1
12 7 2 -15 -19 -16 -2 7
-86 -128 -48 -65 -128 -128 0 0
-71 -35 1 60 103 56 49 -128
-12 -37 -51 -37 8 6 15 -3
37 -11 -53 25 43 25 36 -14
-11 -28 -18 24 55 34 -5 -13
12 7 17 51 39 17 -17 28
29 7 14 -19 -16 -13 6 16
29 31 19 18 8 5 21 42
10 -43 -55 -24 -8 26 44 68
24 0 -19 -12 -23 -30 -33 0
37 2 2 -10 -29 -41 -6 5
68 41 23 8 2 -10 15 31
10 8 3 -3 -1 2 0 1
31 31 33 20 -10 -21 1 29
2 3 2 -5 -17 -33 1 -3
-18 -38 -29 20 57 64 50 -3
-128 -128 0 -128 -15 -128 -128 -128
12 -5 -16 -24 -31 -13 57 43
35 34 19 -3 -29 -51 -17 5
9 31 65 53 65 52 -19 -10
7 13 23 0 -128 -68 -14 -5
-14 -4 -8 -35 -11 -21 5 -12
47 44 -4 -1 -2 21 22 51
-10 7 22 18 3 19 31 0
64 24 -41 -57 -20 -3 -5 64
-128 -128 -128 58 -15 -28 -7 21
@ 1358985537 34
-56 -20 -13 -3 42 -128 69 -13
6 1 6 -1 -1 -1 -1 9
-55 -2 50 102 47 -16 1 -2
-128 -128 23 6 10 13 49 -128
0 0 -128 -128 -128 -128 -128 -128
48 -30 -48 -41 -13 28 33 62
-13 -128 -61 -110 -117 -7 -7 -128
-5 -51 -44 -44 -42 -26 79 59
71 -128 42 49 -128 -24 3 41
51 -21 -81 -35 -8 -13 65 56
114 -128 24 -63 -128 99 101 29
23 -28 -68 -60 38 52 28 -5
8 -27 -43 -60 -49 0 46 0
20 -1 -17 41 33 -18 37 84
-42 -128 -49 -13 10 -128 -13 -1
51 19 21 40 -128 75 89 77
14 5 5 36 55 90 79 97
-2 90 96 -128 -128 66 46 3
-44 -17 11 7 20 4 -42 -89
21 6 12 -4 -10 -56 -41 16
-15 -128 67 79 21 57 -128 46
53 -128 75 48 44 -3 2 63
-128 -128 63 7 -6 19 54 32
-7 -128 -53 19 -128 -128 -128 -46
72 68 72 35 -8 83 108 45
33 -128 58 0 -41 -23 -3 4
-4 -4 -4 -1 5 -5 28 4
-128 -46 5 41 -128 41 -18 -63
67 82 103 66 37 23 73 -128
61 94 100 -128 -128 55 58 -128
-6 -54 -62 -128 -128 -7 -1 7
35 69 73 49 11 -128 -128 -8
81 -128 1 -45 -35 -25 22 63
-1 -1 22 75 38 56 8 -1
@ 1359590369 60
4 -3 11 11 2 -10 -11 -7
-18 1 40 -128 51 -128 19 -24
-16 -27 -17 2 2 -128 -128 -128
-7 -9 -1 46 50 25 10 -8
-15 3 39 41 16 -14 -128 -128
-8 -25 -20 -11 -128 -10 5 -2
-12 -12 -9 4 6 1 -24 -32
29 32 8 -20 -36 -36 -13 -8
1 0 0 1 9 18 0 -2
-128 -128 5 3 3 1 3 -128
-128 -17 -18 4 28 18 8 -27
-1 -1 0 -7 -4 -3 0 -2
2 10 13 7 -15 -55 -11 -2
16 10 5 -6 -24 -36 -8 11
-24 -8 2 3 6 6 -3 -28
-27 -128 -57 -10 0 18 20 -3
-2 18 33 34 9 -31 -128 -39
35 23 -12 -128 -128 -128 -128 -6
3 -2 -2 -128 -128 -128 -49 5
-3 -46 -27 -2 0 11 16 -1
16 7 -5 -128 -128 -128 -128 -1
8 -41 -62 -62 -15 8 28 26
-29 -18 18 5 -128 -128 -128 -29
-2 -2 1 13 21 -1 0 0
21 -128 -128 -128 -33 -7 16 20
2 -8 -5 -18 -128 -128 -128 2
-1 -10 -3 -25 -68 -99 -10 -1
-128 -128 -26 63 66 51 41 -128
-128 -128 8 15 23 17 15 -128
21 21 17 33 38 -39 -34 24
-128 -128 -128 23 26 13 15 10
15 17 -48 -27 33 22 -5 14
15 -21 -128 -128 -31 -21 5 29
-128 -128 -128 -128 -128 2 -12 -128
-11 -5 4 8 20 7 -1 -10
-128 -128 -6 -5 -4 -4 -4 -128
0 0 0 0 0 5 5 5
-128 -128 2 3 -4 1 3 -128
-24 -19 0 6 18 4 -6 -19
-21 -128 -17 -17 1 1 -2 -17
-128 -128 1 6 2 -2 5 -128
-128 -128 18 1 -7 5 1 -128
-40 -28 -128 -128 -37 -35 -28 -41
27 8 -21 -128 -128 -20 -128 26
0 23 -6 0 -42 -128 0 0
-128 -128 2 11 15 11 10 -128
-8 -128 -128 -128 -10 14 27 9
-11 -16 -22 -35 -38 -19 9 -2
-29 -15 -9 -23 -128 -22 -6 -31
4 10 16 6 -22 -86 -8 -6
0 10 18 10 -1 -23 -28 -19
8 17 12 -30 -44 -59 -46 -17
-128 -128 -128 2 24 28 14 -90
-26 -14 2 5 5 30 4 -24
-29 9 9 12 8 -30 -65 -53
-18 -17 4 -4 -8 -21 -15 -22
-78 -55 16 -4 -3 2 -128 -53
-3 -4 -1 -17 29 61 -2 -7
8 6 12 3 -5 -21 -29 -16
-1 -4 1 21 19 2 -1 1
@ 1360340885 44
51 23 13 -128 -128 -128 92 62
26 7 3 -8 6 20 21 -1
-21 -9 5 11 -11 -12 -2 5
60 56 -128 39 26 -128 -128 -6
55 78 34 91 -128 19 -22 -11
15 21 -128 -36 68 -128 -128 53
-44 -9 23 -128 96 73 48 -66
-37 41 43 30 23 42 44 15
99 4 45 6 43 -47 -33 83
37 41 26 21 -43 -51 -56 -17
-128 -8 -27 -65 -45 -44 -128 -128
5 36 -128 38 0 8 -14 -7
-37 -31 -26 -128 -128 -97 -128 -128
55 58 12 26 43 15 2 31
87 82 14 -128 -40 -76 -128 -128
74 30 0 -77 -128 -70 0 0
9 2 49 -128 61 -16 0 -3
15 13 37 37 45 27 -51 -16
-4 40 33 81 65 71 51 -30
-128 -14 -128 -128 -128 -128 -40 -34
54 6 65 87 81 38 54 13
0 38 41 -6 -45 -9 24 -15
-69 -128 58 52 47 0 -128 -35
13 28 81 73 16 -27 -24 3
85 32 -38 -30 -69 -128 25 80
36 73 27 28 -21 -128 -128 44
74 30 -6 29 63 -27 -128 -12
-18 47 60 18 -33 -128 -128 -128
-29 -27 6 11 14 11 7 -49
-128 -128 -3 17 -128 31 38 -128
30 19 35 66 54 13 1 1
-7 -128 64 57 32 31 -128 53
20 22 30 0 25 17 -29 -26
-78 -66 -70 45 45 -128 -128 -128
-34 53 86 66 70 -59 -128 -69
2 31 -128 40 30 -67 -77 -23
-47 -17 16 12 26 53 38 -30
39 20 21 -128 98 94 51 -128
1 -13 25 -14 -20 1 46 38
-128 -21 16 -8 -61 -128 -128 -128
80 68 -63 -95 -54 -42 0 29
57 75 64 67 34 -16 -47 7
-19 -48 -26 -56 -128 -128 -96 -82
80 -128 75 -37 -50 -50 -23 -1
@ 1362772557 60
16 1 44 75 79 82 11 12
-2 1 8 35 35 13 1 -1
85 80 -128 6 -38 -62 -128 -128
83 2 -46 -128 -128 -128 -128 79
43 -27 -31 43 43 -128 66 32
21 -128 -128 -128 50 -128 67 45
0 26 23 -11 -61 -48 -57 -68
-6 10 18 -128 119 63 1 -28
79 50 14 48 39 46 -24 8
-10 30 52 42 -128 -54 -58 -45
30 -128 40 -128 45 45 -5 1
4 1 7 -13 -128 -128 -128 -128
12 3 15 41 42 38 34 22
4 79 92 69 -24 5 88 69
-128 -128 98 -1 -113 -128 -18 -128
-66 1 46 58 7 -68 -79 -128
-13 -59 -12 64 53 37 44 25
-1 -128 -48 -128 20 24 2 -12
-14 9 55 42 60 84 20 11
14 56 57 31 29 57 65 38
41 57 31 -35 -83 -128 18 27
-61 -128 -128 -128 5 -43 -88 -29
0 4 58 48 -2 -11 7 8
-9 -11 55 39 68 -7 -13 -22
-31 -12 2 13 9 5 -46 -128
10 -38 34 28 44 63 30 -2
-128 -55 88 -128 -128 -128 -128 -128
22 76 83 59 22 -34 -8 -5
26 33 36 33 6 22 21 -128
7 10 19 22 -2 6 -128 7
-6 -13 24 20 16 -3 -27 -32
-9 32 63 49 6 -26 -58 -49
7 24 18 -3 -44 -51 45 37
5 30 66 47 19 -5 -15 -16
-16 -128 -128 -128 -128 9 11 11
-75 -128 -128 -128 21 -16 -41 -128
-29 -33 2 7 8 3 1 -23
-15 -47 -2 -2 4 5 5 -5
16 -128 46 32 3 -13 0 -3
-16 -21 -57 -128 -16 45 56 39
38 12 20 -3 0 -21 -44 -29
20 -128 -128 81 30 -23 -38 -6
20 76 97 72 20 -45 -84 -64
-9 28 57 76 -128 15 16 -38
-4 41 60 -23 8 -30 -55 -35
-85 -87 -62 -44 -21 -48 -35 -69
53 -13 -128 -128 -29 -6 10 21
50 46 -2 1 28 -5 -23 -9
56 78 61 44 13 14 -24 24
-29 -128 -128 -128 51 23 7 -2
-128 -128 -128 -128 -128 52 35 -128
58 80 15 13 -22 -39 -17 4
7 -128 -54 -48 -128 -128 -128 -128
36 -128 66 45 36 -51 -37 -35
-23 35 52 57 61 -18 -53 -32
85 67 64 34 27 -6 -37 5
-5 -4 12 66 95 63 25 -8
37 22 52 47 0 -35 -8 1
-37 -128 -128 -128 -64 -65 -69 -128
21 44 24 -3 12 4 6 -13
@ 1365943861 60
-46 -31 -9 -27 -14 -18 1 -20
-106 -48 -5 -128 57 1 -2 -36
16 10 -28 -46 -68 -39 9 10
-32 -22 5 6 5 6 7 -13
3 -1 6 2 4 3 9 5
0 -1 0 -1 0 3 17 3
-128 -10 -1 1 5 13 -14 -69
-11 -9 -11 -36 -46 -9 22 -12
-12 -3 13 -12 -12 -11 -2 -10
36 30 -13 15 43 -128 -128 4
0 -8 -7 -5 26 72 40 3
0 41 60 55 49 26 -48 -51
-38 -45 -13 -10 12 -18 -42 -48
-42 -37 36 37 15 29 27 -128
12 5 -6 -7 19 15 8 4
0 -5 -23 0 -128 -128 -128 -128
-64 -75 -49 14 19 6 2 -31
15 0 -25 -17 -8 -11 -29 -58
13 8 9 -82 -71 -38 -13 -11
10 6 6 7 19 22 19 19
-42 -32 20 -10 -47 -14 23 -13
73 63 0 -63 15 79 -128 65
50 -4 -6 -1 10 18 41 54
80 -128 37 -4 -80 -128 -3 44
1 -3 -7 -15 -13 -5 4 4
44 -14 2 14 13 7 44 41
94 -128 -128 20 62 -128 -128 20
-16 41 45 62 28 -17 -43 -128
-25 -47 -42 -52 -36 -41 16 9
40 8 -10 -128 -79 -128 -93 43
46 50 52 15 0 -36 -35 0
50 18 8 35 49 29 -4 50
16 16 9 -3 18 16 13 9
-9 -3 23 -128 -128 -128 23 -4
29 0 -77 -128 -68 0 16 27
-15 7 -128 0 8 -128 9 -18
-3 -11 -16 -78 -128 -128 -128 -20
-128 -128 1 18 32 45 12 -128
0 0 4 4 15 3 3 0
42 3 -62 -128 -128 -67 56 50
-51 -12 54 61 22 11 -14 -44
14 -128 -128 27 57 72 60 27
-26 -17 -3 4 16 36 38 -25
-1 19 33 32 7 -6 -6 -2
79 -128 44 -45 -6 10 15 21
-8 5 30 -8 -48 -62 -42 -29
55 22 40 28 -128 -128 -128 31
-3 22 -128 -128 22 -2 -4 -6
-128 43 46 -128 -128 1 2 -128
27 29 9 -9 -128 -128 2 33
-63 -128 8 -35 -75 -128 -33 -11
-46 -31 -10 27 56 42 45 -23
35 25 0 -4 -2 21 -128 -128
-35 -128 -128 -23 -2 23 31 -27
7 7 -2 9 48 8 -6 0
93 -128 61 11 -6 -34 1 45
-3 -2 31 -128 -128 15 -19 -2
-56 -23 20 15 13 -1 9 -55
-19 -25 -17 49 45 -9 -22 -37
-46 -20 -5 -20 -28 -64 -48 -92
@ 1366573266 60
-74 -65 -69 -7 25 28 4 -14
13 -2 -52 -24 -26 -128 -128 43
-3 -21 -34 -48 -26 33 38 40
-1 -128 -25 -26 -3 13 38 23
40 -13 -128 3 5 -128 -128 -128
-128 -8 1 -40 -84 -55 -26 -128
-128 -128 -61 -75 -128 -128 -47 -66
-48 -128 100 -13 -128 -128 -128 -24
-41 -21 12 60 82 51 37 -3
14 -128 -128 -128 -37 -34 -128 -40
59 43 -8 42 54 45 49 57
-17 -27 -15 41 88 -128 -128 41
-128 -128 3 -128 -128 -35 0 -41
20 -5 -10 -18 -17 6 34 39
-56 -33 55 53 12 -47 -41 -72
-38 -41 7 -128 -128 68 72 11
80 59 21 34 43 28 19 -128
-61 -39 -41 -64 12 27 9 -48
-128 -128 -128 -128 -128 -128 -62 -128
-10 -20 -28 -4 17 2 1 -1
46 -128 -128 -33 -17 -29 -128 -128
50 -3 2 4 27 6 54 67
-128 -128 103 -9 -35 -14 4 26
-23 -20 16 53 78 18 19 -40
-8 27 43 26 13 21 16 -17
-25 12 37 31 10 -22 -54 -56
-3 -30 -26 -18 18 47 61 52
62 18 -26 49 69 -128 -128 -128
-43 -52 -54 -69 0 0 -8 -33
-17 -20 -33 -128 -128 -18 -128 -128
-15 -77 -9 -1 -50 -63 -44 -1
-36 -49 -31 -11 24 47 50 -16
-16 -20 6 -21 -80 -27 -8 -13
-4 -6 -9 -10 16 29 21 -5
-55 -23 -23 -128 -128 -57 0 50
51 -41 -37 11 24 32 61 93
-17 -128 -11 20 -17 -84 -21 18
48 -38 -40 -128 -128 -65 63 -128
15 15 17 19 24 6 -6 13
43 75 62 45 18 -23 -18 22
19 -9 -48 -44 60 -128 -128 52
14 8 -12 -41 -80 -39 -8 8
58 24 2 1 36 46 25 23
13 16 34 62 -128 55 10 2
0 52 77 63 14 -8 -8 -12
-18 -31 -31 0 52 -128 50 0
33 41 51 15 -21 -49 -10 8
-115 -78 -10 28 -128 22 23 60
-115 -128 28 -128 80 -52 -128 -95
34 26 6 12 20 -23 -34 33
-128 -94 -14 5 -12 -37 56 -31
15 -128 -128 -24 -7 -128 -128 -51
-21 -59 -128 -67 -25 -41 33 -8
23 38 24 -55 0 -51 -128 38
-2 6 0 -4 -9 -13 -10 -9
-42 35 33 -52 -92 -80 -21 -17
-2 -128 -36 -3 14 17 41 -8
58 10 -22 -30 28 -128 -128 80
-43 -43 -90 -128 -27 -11 -128 -128
57 39 2 -10 -28 -58 -15 45
@ 1368399927 58
1 -33 -49 -32 4 -4 0 -4
-52 8 8 -128 -128 -128 -128 -128
4 4 -3 -128 -128 -128 2 21
24 -6 -8 -1 -5 19 -128 -128
104 15 -8 -128 -106 13 49 76
68 -4 8 -12 -7 -13 59 103
52 35 23 -27 -39 -53 -6 28
16 7 7 1 0 -4 6 22
33 32 -46 -69 -96 -25 17 -128
4 -128 -128 -128 15 38 41 10
-11 -78 -47 1 111 -128 -128 -4
56 36 22 -31 -128 -128 -2 36
-128 -128 -45 -128 -128 -128 -128 -128
5 1 5 8 5 31 -128 25
29 -8 -33 -59 -48 0 8 48
29 -27 -128 1 4 -128 -128 27
12 6 8 6 0 -1 2 4
4 2 -7 -61 -28 -12 1 3
0 6 -1 -7 0 0 1 1
7 0 1 2 -128 -24 61 7
2 -128 -128 -128 2 32 11 3
8 34 85 62 50 -128 -128 -128
13 1 2 2 33 -128 -128 -128
3 -67 -44 -63 17 -128 -128 13
34 -128 -128 35 -10 30 36 7
78 72 7 -9 -18 0 -24 -2
-1 -128 -128 -1 29 -128 -128 5
117 -6 -6 -9 -128 -128 -128 -128
31 52 85 52 4 -128 -128 45
14 -7 -5 0 -3 -6 34 27
110 20 -37 -128 -63 -43 55 26
3 6 6 10 1 0 9 10
-1 3 3 8 5 5 8 6
-22 -48 -128 -128 -108 -128 -108 -52
4 0 0 0 0 30 30 22
-107 -128 -128 0 6 3 0 -101
57 39 1 -43 -61 -63 -32 0
1 -128 -18 -25 -8 15 -128 93
16 11 15 7 6 -4 5 4
47 12 12 73 8 -128 -128 -128
1 -2 -7 -3 -1 -1 2 -1
-6 0 -1 0 -4 -26 0 -36
9 6 13 -94 -128 -128 3 18
6 -10 -26 -15 -3 -128 -128 -128
11 -4 -4 -2 -1 13 53 38
20 -128 -128 -2 15 -128 -128 31
1 -9 -5 -12 -128 -128 -32 -8
29 28 0 -2 -2 -2 9 37
-128 -14 -16 -6 -6 2 60 66
5 2 1 -3 -1 -2 0 16
-17 -128 -128 -128 0 19 21 2
6 -16 -26 -128 -34 3 7 6
0 -1 -4 -3 -1 0 -3 -4
16 -41 -29 -128 -6 -18 22 14
2 -128 -128 -73 -1 10 21 2
-33 -95 -83 15 26 2 3 20
85 -128 105 62 28 28 20 28
15 -59 -128 -128 -38 41 43 60
@ 1371980901 60
-105 30 94 101 9 -128 -128 -128
1 0 -1 -1 2 2 0 -1
1 0 0 0 2 3 3 2
4 5 5 -3 -1 1 2 1
-3 -2 7 12 6 0 0 -3
-1 -3 -1 -3 -5 0 2 0
6 0 -3 -3 -2 -3 2 8
4 -7 -9 11 21 -128 20 16
-14 -12 -12 -31 -40 -16 22 -7
-128 -43 -46 -128 -128 -128 -41 -5
-1 -1 0 5 13 2 0 0
20 16 0 -6 0 3 0 0
-1 -1 16 18 11 4 1 -1
3 6 3 2 0 -3 0 0
-128 11 -11 -16 -14 -12 -128 -128
33 -35 -128 -128 -48 -3 24 21
4 5 2 -1 0 0 7 7
34 0 -5 1 34 -128 -128 -128
-5 0 0 10 62 13 3 -3
68 75 44 10 -1 -15 15 -128
1 0 1 -3 -1 -1 0 1
1 -1 -2 -3 0 4 10 6
0 -128 -19 -1 -3 -6 -2 -2
3 1 -2 -5 -4 -2 0 2
-26 -128 -128 0 17 17 19 -5
1 -3 -2 -4 -3 1 11 1
11 40 55 21 -5 -25 -23 -20
1 4 4 3 2 0 0 0
3 -6 -4 -2 6 7 9 7
1 0 0 0 2 0 0 1
-60 -128 -128 37 39 -128 -128 13
-15 -14 -14 -128 -128 7 -11 -20
-128 -128 -128 -23 -16 -128 -128 -128
-23 1 8 6 4 -9 -40 -47
28 -5 -10 -10 -7 13 -128 -128
-6 8 27 -128 -128 32 -6 -11
118 116 3 30 19 27 73 23
32 -128 -128 -128 23 4 9 21
-3 2 6 4 1 -3 -5 -5
-3 -7 -2 0 1 0 -1 -2
-36 -8 -9 17 2 -4 -7 -41
-128 -128 13 -128 -128 -128 -128 -128
4 -128 -128 -128 -128 -11 -9 -10
50 58 48 -128 65 71 -128 28
-6 12 -128 13 -5 -9 -8 -11
20 25 8 -8 -6 -4 -5 -6
-1 -5 0 -4 -6 -5 1 1
3 1 1 0 0 -3 1 1
0 3 6 5 0 -21 -22 -13
-128 60 38 -23 51 -29 -128 -128
-2 -3 -1 0 0 0 1 0
-38 -34 30 69 50 -10 26 24
-2 -1 0 5 7 5 1 -1
7 5 2 1 1 -1 -1 1
13 2 -1 1 0 2 3 13
-128 -87 -4 61 56 -39 -128 -128
-3 0 9 19 6 -3 -4 -6
-13 -14 14 -128 52 57 14 -13
12 25 40 23 17 12 -8 -16
-128 0 0 -16 -10 -2 -5 -128
@ 1378258481 60
-4 4 14 16 18 -2 -17 -12
5 31 50 23 -11 -50 -21 -24
-8 10 16 28 13 7 -3 -14
0 1 16 15 20 6 -14 -11
4 6 5 -4 1 12 16 6
-128 45 0 48 30 0 0 76
36 28 6 -96 -128 -12 20 28
41 15 -23 -53 -38 -11 10 16
-128 36 6 -15 -16 -13 -1 -128
69 59 28 -31 -37 -55 3 41
-30 -14 3 29 31 20 -8 -35
-3 16 16 -1 -12 -20 -12 -25
13 3 4 -24 -29 -2 18 8
13 6 6 -128 -128 6 6 -128
56 -3 -36 4 40 -128 -128 -128
-12 -1 36 -128 -128 -128 -128 17
15 4 -16 -128 -128 -2 38 26
-47 -128 -128 8 11 22 22 9
21 -23 -22 -30 6 19 35 31
-8 42 45 82 -15 -28 12 -82
8 12 19 16 2 -52 -50 -33
-41 -42 -31 13 29 22 24 13
-128 -61 3 -21 -11 -4 2 -128
-17 -7 5 19 24 18 -3 -23
24 0 2 -11 -27 -27 0 20
-128 21 13 -22 -43 -28 6 22
-4 12 18 18 -6 -4 -34 -61
-16 -15 -15 -2 72 59 30 -31
38 49 36 25 -18 -19 0 29
12 7 -16 -24 0 10 10 11
50 15 -19 -33 -32 -14 37 64
1 -3 -26 -18 -3 26 34 20
-2 -2 1 8 14 14 7 -1
-23 -29 -17 -6 29 53 59 6
-15 -44 -29 28 50 37 15 -7
-26 -25 -10 -9 -4 -8 -12 -22
35 32 7 -6 -69 -51 0 27
29 10 -17 -50 -65 -90 -20 28
-10 -4 6 12 23 2 -6 -14
51 34 8 -40 -61 -35 14 51
7 -1 0 -4 7 6 -128 -128
25 10 0 -7 -1 0 13 19
47 -28 -20 6 49 55 32 26
0 -21 -14 29 30 36 56 73
11 4 17 47 47 33 -5 0
-22 -38 -49 -55 -26 -6 24 54
-15 -7 16 -128 -128 62 66 7
-15 1 1 2 2 -9 -10 -19
-18 -11 -12 -5 6 21 17 -16
-16 -128 6 -128 -43 -45 -22 -21
-1 -11 23 -128 -128 -16 -1 -15
-128 -128 -9 -7 -5 -10 -6 -19
12 9 2 -2 6 12 8 6
28 22 6 -38 -35 22 25 7
-29 -33 -40 41 53 45 28 -12
7 0 0 0 23 26 25 14
10 1 -4 -5 -34 -45 -3 8
-20 4 39 46 47 2 -41 -40
-128 60 10 54 64 -13 -2 63
13 39 33 23 12 -7 -26 -21
@ 1380383759 60
-128 -5 7 11 14 7 -128 -128
1 -12 -128 -27 -1 0 2 -1
-128 -128 17 -15 -11 -15 -11 14
1 1 1 0 -1 -15 -11 -1
44 28 -24 -9 -48 -59 0 31
-128 -128 17 14 -17 -33 -11 -128
16 11 3 14 37 -15 6 10
-128 85 90 52 51 27 37 14
-7 -11 -1 20 44 23 -8 -12
4 5 9 7 2 -3 4 12
-4 -5 -9 -13 -8 2 27 20
-1 -4 -3 -1 1 -1 -2 -2
4 -8 -8 -7 0 1 5 4
1 4 0 0 1 1 0 0
19 7 -1 -7 -4 -5 -3 13
-2 -128 -128 -128 4 4 3 1
1 6 8 7 3 0 -1 -2
0 3 4 1 2 0 -2 -4
-1 -2 0 0 1 0 0 -2
-1 -2 0 1 1 5 7 4
3 1 -1 0 1 0 0 2
1 -1 1 3 4 3 28 16
3 1 1 1 0 -2 0 2
3 2 0 -4 -4 -2 -3 -1
3 -2 -1 -2 -1 -2 1 4
-24 0 -1 -1 2 6 -45 -128
58 61 15 -5 -12 -2 11 18
15 -22 -37 -39 -53 15 55 38
32 -20 -44 49 30 -75 -96 7
-128 -128 -128 -128 -128 -128 -128 -128
1 1 1 2 3 1 2 -2
0 0 2 1 3 1 1 1
-7 -11 -6 -1 23 45 19 -7
58 -128 -128 -128 43 71 -128 67
6 4 0 -7 -8 -7 2 4
-1 -3 1 0 0 -1 0 1
-128 -128 -128 -128 -128 2 -5 -35
-2 1 8 0 2 0 1 -1
33 15 -55 -128 -18 15 62 6
0 -2 -3 -1 -1 13 12 2
18 -49 -128 -128 -128 -11 20 24
-2 -2 -2 0 1 0 0 -1
-25 -3 4 -51 -17 -2 -7 -30
-6 -9 -9 -5 21 2 -11 -11
18 15 -2 -10 1 -2 -1 13
-20 -64 -73 -71 -128 -128 -45 -20
2 1 -12 -23 -17 -8 8 12
2 -14 -26 -25 -15 -1 5 4
55 -128 -128 65 -128 53 -5 -6
-128 45 -128 -128 14 -13 -45 37
1 -3 -5 -2 2 1 3 5
31 -2 -3 -5 -3 1 19 37
-1 2 3 3 2 1 -2 -4
52 77 47 -12 -14 -14 41 28
-1 6 5 -4 -4 1 2 -12
35 -128 85 75 -3 -6 -1 9
-29 -53 -128 -72 -29 53 56 -19
24 -128 69 11 -9 -9 -31 -10
-6 -11 -3 -5 -7 -8 -2 -6
-128 41 10 7 -28 -43 51 53
@ 1380492343 60
3 2 0 -25 -36 -25 0 0
0 0 0 0 0 0 0 0
0 2 3 2 0 -13 -18 -13
0 0 0 0 0 0 0 0
16 11 5 -24 -23 -4 -5 -8
-25 -30 -20 5 17 46 42 13
-9 -12 10 -4 -10 -9 -22 -26
0 0 0 0 0 0 0 0
-17 -128 -128 66 18 22 13 -8
-32 6 41 79 60 14 15 -28
-128 -7 10 -128 -8 -19 -27 -48
-27 7 14 66 35 17 -4 -28
30 19 -9 -53 -128 -13 7 18
-128 -12 33 -128 20 16 10 -17
-93 -59 0 4 5 4 0 -128
-23 -37 -29 -5 34 32 4 -7
0 -128 -128 -64 0 4 6 4
0 0 0 0 0 0 0 0
-10 3 7 0 -5 2 11 -9
47 -2 -19 -128 -128 8 31 72
0 0 0 0 0 0 0 0
-27 -17 -7 37 -60 -82 -7 -42
18 -28 -19 -41 -41 -55 -20 -4
11 1 -7 -5 -128 79 64 15
0 0 0 0 0 0 0 0
0 0 0 0 0 0 0 0
18 29 13 6 1 -41 0 11
47 53 22 48 35 37 -8 8
21 58 33 65 43 -20 -19 2
-128 -128 14 1 -18 -19 -22 -38
17 10 1 8 11 9 7 12
1 0 16 -13 -19 -14 -3 5
-22 -9 -3 20 35 37 38 -9
0 -4 -6 -4 0 0 1 0
22 28 30 23 10 12 33 26
0 0 0 0 0 0 0 0
2 -9 -12 1 37 -3 27 4
0 0 0 -2 -3 -2 0 0
26 26 27 -23 -128 -21 0 10
55 39 56 12 -25 -37 -18 39
34 20 29 37 39 41 5 32
3 2 0 -25 -17 -25 0 2
0 0 0 0 0 0 0 0
-20 -33 -14 15 43 50 39 10
37 26 -10 39 82 1 39 26
0 0 0 0 0 0 0 0
-19 -33 -39 -13 26 18 19 -24
-12 -2 6 -2 4 -3 -3 -27
42 35 -3 -17 -24 -24 -5 2
-31 -48 -31 4 31 48 24 14
3 2 0 -25 -36 -25 0 2
0 0 0 0 0 0 0 0
-47 -12 9 12 24 -6 -36 -128
0 0 0 0 0 0 0 0
0 -128 -18 -128 34 37 27 23
-16 -10 -16 -14 19 3 -16 -62
-21 -21 -4 18 42 49 58 -128
-51 -62 0 4 5 4 0 -59
0 -22 -22 -27 0 31 28 29
-1 -15 -16 -3 41 -128 -128 51
@ 1384602977 60
35 -128 69 69 41 6 22 28
-5 -6 -3 1 3 7 7 -2
7 0 -5 -5 -2 -2 0 3
4 -2 -5 -9 -9 0 10 10
11 17 14 1 -12 -21 -15 -3
12 -7 -14 -15 -6 9 15 17
12 28 27 10 -8 -44 -40 -7
2 12 15 9 -2 -14 -17 -10
73 73 45 74 -128 -128 -128 19
3 -8 -10 -10 -4 1 6 7
1 0 -3 -15 -13 -20 -29 -18
-128 -52 -46 20 30 25 9 -26
38 23 6 -22 -33 -28 19 38
5 14 14 6 -6 -15 -16 -8
13 16 10 -2 -13 -17 -11 1
-12 1 47 58 37 0 -8 -16
32 21 -34 -128 -73 -21 32 39
-5 -25 -30 -19 5 21 25 18
0 -128 16 -128 -30 -34 -51 -52
-5 12 15 14 13 -7 -16 -15
7 -14 -27 -25 -9 8 21 19
10 -5 1 7 9 35 29 37
27 11 -60 -57 -61 14 27 37
68 10 1 11 -128 -128 16 4
-103 -10 13 34 28 4 -8 -62
-4 1 -3 -20 4 -2 -4 -8
0 -128 32 -128 0 -67 -128 -128
2 -5 -6 -6 -1 3 7 7
-5 -16 1 6 1 -7 -11 -10
-11 -28 -19 -8 20 35 31 6
-16 -8 8 15 12 4 -7 -16
47 -62 -99 -128 -33 27 50 45
-13 -128 -57 -10 10 30 30 15
22 16 6 -4 -11 -11 8 21
-29 -21 -1 16 26 19 -2 -25
-13 7 23 25 14 -8 -23 -24
22 19 7 77 111 31 19 19
3 9 11 5 -2 -12 -12 -3
70 47 81 -128 68 54 26 49
15 -8 -27 -31 -16 4 23 26
-2 -10 -12 -8 1 13 15 12
7 -2 -14 -12 -1 6 9 8
7 -6 -15 -17 -8 5 16 16
14 13 4 -7 -14 -14 -6 5
-28 41 43 36 61 -128 -128 7
1 14 18 11 -3 -21 -25 -17
1 -8 -12 -12 1 8 11 6
-8 22 -22 -128 -59 -25 7 -45
-8 6 19 16 8 -7 -18 -18
9 9 5 -4 -11 -13 -7 3
-12 -2 8 16 15 3 -14 -17
3 2 3 2 1 -2 -3 7
63 59 58 55 3 -34 47 59
11 8 0 -16 -21 -12 3 11
5 7 5 1 -2 -7 -6 -1
5 22 29 21 3 -40 -82 -41
0 11 16 10 -1 -13 -18 -13
-25 -15 4 18 24 18 1 -19
6 -2 -3 -12 -8 -3 2 5
5 -21 -54 -21 -10 16 29 25
@ 1391984114 60
-2 0 5 10 8 7 -1 -5
-3 -2 0 -5 -6 -3 -1 -2
-5 0 1 1 7 4 1 -5
-128 -128 1 12 13 11 1 -128
8 5 0 -128 -128 0 12 14
1 -1 -5 -3 1 3 4 4
7 9 14 11 5 0 1 2
-6 1 12 11 9 7 7 0
2 -2 -1 -9 -12 -13 -2 1
0 0 0 0 1 -1 -1 0
-8 -6 2 1 2 -3 -5 -6
-128 12 41 -128 -128 -128 -128 -128
10 6 1 2 4 0 -1 4
16 15 4 -128 -128 -128 -128 7
7 7 -1 -2 -5 -5 -3 -1
62 50 8 45 31 43 42 75
-8 -8 -7 -12 -8 -2 4 -3
17 14 5 -128 -128 -128 6 14
-22 -14 54 -128 -128 105 112 -23
0 -3 1 6 5 5 5 4
7 5 4 -2 -8 -5 0 4
10 6 -1 -3 -7 -3 3 4
-2 -8 -5 5 10 12 7 -2
-3 0 6 4 0 -8 -7 -13
-3 -1 0 0 -1 -2 0 -1
-17 -12 -2 -3 7 5 1 -13
5 -10 -17 -11 -2 2 7 4
5 3 1 -4 -6 0 3 4
5 1 -128 -128 5 4 6 6
-12 -15 -6 -1 4 5 4 -4
9 4 0 -128 -128 -4 4 8
10 5 3 -1 1 4 12 11
2 -128 -128 18 22 31 54 78
0 2 3 4 10 6 4 0
-4 -4 -6 -4 2 3 0 -6
-6 -1 6 2 -4 -7 -5 -10
-128 -128 -128 -32 -19 -29 -19 -68
7 12 14 4 -1 -19 -23 -13
4 6 7 -6 -14 -20 -11 -6
12 9 10 -7 -7 -3 -4 1
0 15 23 24 12 -128 -128 -128
0 -2 0 -3 -6 -5 -3 -1
2 5 4 -2 -4 -4 0 -6
4 8 14 8 4 4 3 2
-10 -9 -6 -3 0 2 -1 -6
4 -9 -12 -5 0 2 6 9
1 8 11 7 0 -8 -5 -8
0 0 0 -3 -2 -2 -1 -1
13 5 -1 -3 -2 -2 3 10
1 3 5 0 -1 -4 -8 -5
-128 -128 -128 -128 45 -128 -128 -128
-2 5 5 6 -128 101 -128 21
11 10 7 5 5 2 5 11
2 -7 -6 -5 -4 0 5 8
-3 -1 0 -1 -1 -2 -2 -3
10 10 0 -128 -128 -128 0 9
4 -128 -128 0 6 5 6 9
13 9 0 -128 -128 -128 3 12
2 -1 -5 -6 -6 -7 -6 -4
-1 0 12 15 8 -4 -6 -7
@ 1400965115 40
11 -1 -18 -79 -128 -17 -3 6
-38 1 1 7 -1 -40 -55 -62
-38 -128 -65 -45 -1 13 4 8
-7 11 19 6 -6 -128 -128 -128
-128 -128 -128 -128 -128 -128 -128 -128
15 8 -5 -46 -128 -30 -2 9
-128 -128 -128 -128 -128 -128 -128 -128
-64 -48 -17 -2 7 3 -4 -61
-5 -6 -4 -4 -1 -2 -2 -5
-43 -31 -1 10 15 -8 -27 -50
14 -11 -17 -128 -128 -15 4 13
-13 -11 0 -14 -13 -36 -25 -26
-30 -21 -13 1 1 -15 -24 -51
19 18 10 -18 -128 -128 -128 4
1 6 8 0 -6 -14 -12 -8
-21 -6 6 0 -7 -40 -45 -52
34 19 -12 -128 -128 -128 -16 13
10 2 -7 -26 -28 -34 -15 -3
4 -7 -10 -37 -39 -47 -19 -8
-128 -68 -71 -40 -5 13 14 -6
-33 -67 -28 -19 9 11 7 -16
-12 -128 -128 -128 0 14 18 12
-128 -128 -10 11 20 5 -28 -128
-47 -46 -128 -47 -31 14 22 16
-2 8 14 0 -14 -74 -128 -19
-5 14 24 6 -9 -128 -128 -128
-128 -128 -128 -128 -128 -128 51 -128
-15 -2 7 9 4 -5 -14 -42
-30 -15 17 23 16 -16 -31 -128
-128 -128 -128 -128 -128 -128 -128 -128
13 -5 -12 -50 -59 -54 -14 4
-128 -128 -128 -128 16 31 29 -10
-23 -58 -15 -7 5 0 -5 -20
22 15 -4 -56 -128 -66 -34 0
-41 -128 -33 -11 14 15 6 -22
-128 -128 -128 -128 -128 -128 -128 -128
17 -26 -40 -128 -128 -27 8 18
11 7 -1 -28 -38 -47 -26 -10
-23 -128 -69 -59 -14 6 16 1
-29 -27 -29 1 10 9 3 -41
@ 1402719160 32
0 1 1 1 0 -1 -4 -1
0 0 -2 -28 0 0 0 -1
-128 8 -10 -5 -5 -8 -128 -128
-128 -128 56 0 -11 -19 -13 0
-25 -28 -2 -5 20 -6 4 -14
13 4 5 -2 -2 0 20 22
-6 -5 3 23 -128 -128 43 -7
-7 -2 18 5 0 -39 -128 -22
-13 19 -128 -128 50 -14 -11 -17
5 -2 19 0 17 4 2 -3
-16 -2 3 1 2 -23 -128 -128
3 2 -1 -1 44 -128 12 0
-9 -10 36 44 63 -128 -128 -128
-6 -7 -1 -1 16 31 1 1
-4 -3 1 0 5 12 0 -4
-10 9 6 17 40 7 8 -10
-21 -1 2 4 10 -16 -128 -128
-12 -11 23 -128 -128 26 -8 -18
4 3 9 -33 -128 -128 -128 -6
-39 -5 9 10 12 -1 -128 -128
26 -2 -5 -4 -2 25 90 25
1 -3 26 25 0 -2 -5 -12
1 1 1 0 -1 -10 -3 0
-128 -128 6 25 27 -128 -128 -128
9 7 8 26 -128 3 3 2
30 27 29 4 5 -5 -1 -2
-20 0 -1 -1 -1 -1 -22 -128
-6 0 0 0 1 0 -2 -18
2 1 -38 -48 4 1 2 2
-41 -40 0 0 -1 -1 0 -14
-2 1 6 -3 7 -25 -128 -29
0 -15 -16 -38 -2 14 53 12
@ 1406193822 60
-8 -35 -32 65 111 79 33 -25
-29 -16 -1 3 5 -8 -14 -43
-55 -66 -8 7 16 10 6 -22
-15 4 4 59 -128 -128 87 -1
38 46 0 0 80 7 -47 50
-31 41 42 -40 -46 -56 -28 -46
-91 -15 14 11 13 9 -4 -128
1 1 1 -3 -4 -3 -1 0
21 8 50 48 -2 -2 58 47
-73 -128 4 30 32 53 52 -11
-128 7 12 17 9 0 -128 -128
-128 33 34 -3 -3 -4 17 26
-26 2 80 -128 78 30 -6 -25
-27 4 71 27 -49 -128 -31 -13
-50 -128 1 -128 -128 -128 28 -128
11 8 3 4 12 8 8 9
0 -7 -9 -15 -9 -9 4 2
-9 1 11 24 24 -1 -25 -48
-128 -128 50 -128 -128 -128 -128 -128
0 -2 -2 -1 3 18 18 18
-26 -36 -19 55 64 58 18 19
39 8 12 -22 7 27 79 -128
-26 -29 10 -32 -21 -7 -2 -26
7 2 0 0 -1 -4 -2 3
27 2 -1 -2 0 4 23 32
1 -8 10 34 -128 20 6 -4
-52 -39 -1 18 22 17 10 -24
-128 -15 4 13 15 6 -7 -32
8 -33 -128 -48 0 12 23 19
11 -5 -4 -2 0 18 27 21
31 -4 -17 -15 3 12 32 56
-7 -7 4 5 11 5 0 -5
-128 -128 21 -10 -9 -12 -7 20
1 3 4 29 -128 37 2 0
-40 -25 -25 -55 -48 -75 -59 -75
-128 -39 0 -23 -128 38 32 -27
-1 -1 -1 -3 0 3 4 0
67 -128 -128 -128 -23 31 -128 75
13 -10 -5 -9 -1 -5 2 7
-6 3 106 -128 26 0 69 9
-2 -25 -55 -26 -3 -2 3 4
-128 -128 -4 -19 -10 0 27 44
-12 43 30 -128 37 36 34 -70
-13 -10 3 40 37 65 55 2
13 -128 0 0 -59 -128 -71 0
-2 -5 -4 1 12 12 13 -1
13 19 -128 -128 3 -45 -128 -128
-27 -54 7 8 26 10 9 0
-128 -128 22 13 14 41 -128 -128
5 33 26 3 -2 -17 -68 -17
23 20 -6 -64 -67 -54 -17 -3
13 -9 0 -67 -100 -64 -24 -16
45 61 65 51 43 -10 2 37
-13 2 72 -128 -128 57 -5 -19
0 -22 -21 -7 9 6 5 1
32 -1 -9 -12 1 5 10 29
-31 -22 39 54 17 -5 -12 -34
15 5 5 37 43 35 -18 26
-4 15 55 37 42 -19 -15 -11
-10 -24 -9 15 13 -1 3 -2
@ 1407323341 12
4 4 4 2 3 0 -2 0
16 14 6 -1 25 26 11 17
-9 -24 -17 -19 -40 0 0 23
-5 -3 2 3 3 0 -1 -5
-3 -128 -31 31 33 -128 -128 -128
-1 -11 8 46 31 -6 -12 -9
-5 -3 0 0 2 1 -1 -5
-128 -30 0 2 3 3 0 -67
-2 -110 -117 -128 -29 -3 3 4
0 3 3 -10 1 -8 -9 -4
23 40 15 21 -50 -50 -17 -12
10 3 0 -2 -33 1 5 7
@ 1409387904 60
0 7 10 6 0 -1 -3 -4
-38 -5 9 8 10 4 -26 -128
1 -1 -2 -4 -4 -6 -3 -1
2 2 0 0 2 -15 -7 -2
4 8 20 20 8 1 5 -8
21 17 2 -4 -4 -5 -1 7
-10 -32 -46 -40 -2 -5 -3 -15
-26 -32 -20 7 17 4 -2 -20
65 57 57 58 -128 -128 50 24
19 16 5 -4 -1 7 14 13
15 17 3 -9 -4 -8 -16 -30
4 1 2 2 8 4 1 1
7 1 -1 -16 0 -21 6 4
-1 1 1 -1 -4 -3 -8 -5
-1 2 5 4 -2 -10 -5 0
-1 4 9 4 0 -5 -5 2
-9 -19 -11 17 48 20 6 -10
31 22 18 -18 -57 -56 -8 20
43 87 93 -128 -128 95 101 -35
-1 5 13 -4 1 2 4 -8
0 -3 -7 -9 -1 11 12 9
-7 -9 -1 -4 2 -11 -9 -5
2 -5 -8 -8 -14 -18 -18 -9
5 -1 -3 -2 2 -5 -3 -8
-37 -8 60 81 -37 -70 -116 5
-128 -128 -128 16 19 27 12 -37
-15 -30 3 1 -4 -7 -7 -12
-11 -11 0 17 17 16 2 -8
-128 83 88 8 -128 -39 -41 7
-7 -17 -7 1 7 7 4 -2
-9 -12 -6 2 18 24 4 -8
-5 -128 27 -14 -14 -50 -8 -6
7 5 8 14 12 5 11 3
-128 -128 -21 2 -128 -128 21 -15
8 16 18 7 1 7 12 4
-19 -128 -128 -75 24 36 30 17
7 -20 2 3 8 8 4 1
-7 -7 -3 3 6 6 2 -3
4 6 5 -2 0 -1 -2 0
10 6 -33 -128 -76 -34 -4 4
1 -8 -10 -12 3 5 7 12
9 10 10 3 -3 4 8 7
-14 -8 -1 4 11 7 1 -9
2 -1 -1 2 9 7 3 0
-7 -5 -1 3 11 6 1 -6
27 41 26 -25 -16 -18 -6 10
-56 -44 -46 -128 -128 -128 -128 -18
15 8 2 -4 -2 -18 -15 -2
1 -2 23 8 16 -2 7 9
-7 -18 2 6 9 3 -3 -8
-1 -4 -2 4 -43 -128 -128 -2
2 9 15 5 -4 -128 -30 2
5 5 5 2 0 -2 0 0
-2 7 6 2 2 -5 -9 -17
89 -128 -128 39 -5 57 -128 60
9 10 9 4 0 -3 -2 3
-14 -11 -1 5 11 15 13 -11
-42 59 62 -128 -128 -40 -29 -53
4 0 -1 -3 2 3 2 3
-25 -47 -128 -128 6 8 14 4
@ 1410700358 36
0 0 0 0 0 -5 -7 -5
75 -128 -128 -72 -40 -8 34 36
0 0 0 0 0 0 0 0
24 17 2 -48 -91 -94 -20 -11
-113 -128 -1 -1 0 -74 -57 -78
-128 -128 -15 -5 27 -20 -128 -128
9 37 69 52 40 0 -128 -128
-25 -19 33 -128 -128 -128 63 30
33 -17 -128 -21 -128 20 -28 -20
4 80 -128 -128 -128 -6 0 0
0 0 0 -6 -128 -6 0 0
0 0 0 0 0 0 0 0
-128 -128 -6 -4 -10 -128 -128 -128
-128 -128 0 0 -37 -128 -128 -93
21 -23 -38 -87 -128 -64 11 2
0 -53 -72 0 23 -128 -128 -128
40 4 -5 -19 -20 -8 -3 -11
-25 -128 -128 -128 -19 -19 -16 -47
0 0 0 0 0 0 1 0
0 0 0 0 0 0 0 0
0 0 0 0 0 0 1 0
-128 -128 45 45 -17 -63 -66 -128
3 8 7 -113 -128 -128 0 4
18 -9 -128 45 3 -18 -29 16
-87 -35 36 -7 0 -11 -39 -107
9 -128 -67 -128 11 11 -2 -18
-2 -128 -25 -2 -2 -80 -57 -80
-26 -16 -24 20 32 30 16 -35
-128 -128 60 15 13 44 -31 -128
-128 -128 -128 -27 9 -14 -37 -128
-10 -22 -32 -13 -22 3 0 -44
0 0 0 -4 -128 -4 0 0
0 0 0 0 0 0 0 0
-17 15 -9 -80 -75 -34 -65 -128
51 43 17 10 34 34 32 -12
0 5 7 5 0 -37 -128 -37
@ 1416040701 60
11 47 75 9 -14 -17 -12 -19
-3 -2 12 0 2 0 1 -1
2 -5 -2 -2 11 24 20 39
-1 -17 -11 8 24 15 26 7
5 -128 -44 -63 0 0 -28 -128
12 8 3 13 13 10 13 10
-2 -3 -128 -84 -115 -128 1 -7
2 2 10 -48 -128 -128 -12 10
-9 -1 29 -128 50 1 1 -29
25 3 76 12 30 4 -7 3
-42 -128 -1 -56 -128 -128 -128 -128
-33 -128 -36 1 58 67 71 -4
56 -3 8 6 35 57 28 43
-2 -4 -7 -4 2 9 -4 -5
32 -21 -11 -1 31 33 28 27
-36 -59 -70 -37 -31 7 34 14
4 0 -6 0 -3 0 6 0
57 -1 4 4 22 -128 11 20
70 44 83 -128 -128 -128 54 -128
76 -7 -5 -34 -2 -1 -128 66
0 -9 10 18 -18 -29 -128 22
4 2 0 -4 4 53 67 96
30 8 -18 -21 -14 19 42 43
19 16 9 -128 7 -3 6 7
2 -56 -24 22 30 11 -12 -7
13 -8 -13 -11 -8 0 4 1
-45 -128 -31 -128 51 68 -1 -128
3 3 8 2 6 3 5 2
85 68 3 8 9 3 -128 -128
-44 5 41 11 -50 -27 16 -28
-3 -4 2 7 -6 -7 1 1
57 -128 6 4 50 -38 -30 -76
-47 -56 -52 -42 -30 3 31 -4
48 2 41 10 91 -128 -128 79
37 0 -80 -128 -63 0 17 33
37 -23 -25 -16 19 32 10 -7
-2 17 38 49 42 48 -1 -3
21 42 -22 -15 -12 29 12 20
61 36 34 17 -15 -17 61 -128
-11 48 51 45 15 -11 -9 1
8 14 22 36 35 17 10 11
9 19 7 14 8 12 22 20
5 28 40 77 22 1 -17 -39
11 20 46 17 22 22 23 23
-65 1 56 -128 66 33 19 -16
-1 28 -5 -10 4 14 -128 -128
-128 -128 -4 54 -128 52 55 -128
49 43 64 46 4 8 23 42
-57 -80 -35 15 57 -128 -128 28
75 -14 -128 -128 -128 -29 -24 3
29 0 0 -57 -35 0 75 56
105 50 -22 -36 -38 27 68 99
-62 -68 -57 -45 18 30 15 10
-4 1 13 81 86 67 68 13
-128 -128 -128 -15 -128 -128 56 -56
-9 -8 -5 -7 -1 36 26 1
8 -5 4 -22 -128 8 -128 5
66 -128 67 -128 -128 10 2 15
-48 -128 42 62 54 61 41 -7
51 -8 -19 -128 -8 28 70 59
@ 1417734659 60
21 20 11 -13 -20 -27 -24 13
18 42 41 11 -19 -34 -25 -7
-8 -7 25 -128 25 9 0 -11
-30 -16 -5 1 4 -1 -4 -38
-5 -4 17 18 11 0 -4 -6
0 0 3 1 2 -1 0 0
-1 0 1 -1 2 3 2 -2
0 1 1 2 2 2 -1 -5
-14 -1 -128 -128 -128 9 -13 -18
-6 -6 3 6 6 3 0 -4
0 -2 -4 -4 -1 -3 -4 -4
3 0 -3 -8 -8 -3 4 4
-1 2 4 6 8 6 -3 -4
1 -1 -1 44 64 72 83 41
1 15 19 21 16 -5 -4 -8
35 -128 15 -16 -54 -63 -32 14
1 0 0 0 0 -1 -1 0
59 20 7 -2 -7 -17 -27 -18
-37 7 13 11 8 -56 -128 -128
6 -7 -11 -13 -2 36 56 50
-5 -2 12 15 11 0 -6 -9
-97 -128 -128 -128 63 58 -16 -37
-19 -7 0 3 5 2 0 -6
0 -3 -7 -7 -2 2 4 1
3 1 0 -2 -2 -2 0 1
-59 -18 -6 -13 -6 -1 0 -6
-128 6 10 11 6 6 -11 -128
13 4 -4 -10 0 2 2 4
-10 -11 -2 2 11 14 10 -1
5 -3 2 3 5 36 41 15
7 -128 -128 -128 -1 -128 14 -128
43 9 -20 -29 -20 -14 19 49
1 13 12 12 2 -128 -128 -128
-4 1 3 1 1 -3 -7 -17
43 -128 -34 -56 -57 -20 24 55
82 -128 -128 -36 1 41 43 -128
0 -1 -1 -1 0 0 0 0
-4 -31 -44 60 37 7 9 4
-7 -4 4 11 10 1 -3 -6
-6 0 8 10 8 1 -9 -11
-4 -4 -1 -1 0 1 0 -3
-128 -128 1 6 8 4 2 -128
2 25 1 1 0 -1 0 2
0 0 0 -1 0 -1 -2 -3
9 5 -3 -10 -11 -6 4 8
-11 -3 4 8 10 6 -3 -13
-1 -3 -1 0 0 0 1 0
0 -2 -2 -1 1 1 3 0
0 -5 -5 -4 1 -1 1 1
-8 -128 -128 -2 7 10 8 1
-3 -36 -27 -12 7 15 22 10
-31 -41 -17 -1 45 25 17 5
-128 -128 -128 -128 -128 -128 -128 -128
-4 -8 9 17 -128 -128 18 3
-25 -43 -38 12 43 61 42 4
0 25 36 22 -5 -128 -128 -128
-4 -9 -4 2 12 13 10 4
0 0 2 17 26 -1 -2 -2
-31 28 32 50 26 -4 -33 -53
1 0 9 12 8 0 0 0
@ 1422022376 43
0 0 1 0 -4 -12 -1 -1
-20 -27 -19 -44 -58 -81 -64 -58
37 26 -113 -128 47 -128 -128 66
1 1 7 -34 -116 -29 1 1
14 18 4 -8 -4 -3 -2 0
-128 -128 18 -24 -18 -18 23 -128
-128 -128 -34 -92 -107 -33 -21 -53
-128 65 -3 -32 -22 -28 23 -128
-128 -128 -90 -128 -111 -7 34 36
-47 -5 59 80 64 37 32 -35
13 5 54 -128 -128 -128 -110 3
-6 -25 -26 -22 -20 -86 -73 -19
-12 -11 -45 -65 -16 -10 -14 -52
-73 -56 -59 -5 -16 -128 -4 -29
8 0 23 -19 21 9 21 2
28 -2 30 17 27 -10 7 23
-5 -24 -33 35 29 57 67 49
-28 -25 1 42 20 86 24 -31
6 0 -128 -128 -128 -128 -128 -128
17 4 4 3 -3 -11 -23 -19
75 -128 81 67 45 -12 -6 65
3 0 5 8 12 -7 33 10
52 52 6 -4 -22 -50 -3 -10
67 61 -10 -55 -128 -47 11 27
-33 -9 27 -128 -128 -128 11 -32
54 2 49 75 26 -20 56 51
43 26 97 -128 -128 29 96 47
-86 -54 17 24 9 22 -34 -46
42 -3 -8 11 45 51 32 45
-64 0 63 21 31 4 -20 -87
9 43 35 6 -34 -46 -43 -50
7 -1 25 20 3 8 12 17
69 51 -19 -26 -37 14 52 68
5 12 20 14 -1 -56 -98 -42
-128 -128 14 -75 -101 3 42 -128
99 81 39 29 28 -56 -128 -128
22 -1 -4 30 37 62 4 3
-107 -20 12 16 -32 -49 -57 -128
14 45 81 32 -46 -49 -9 6
96 -1 -70 -77 -3 0 16 73
-50 78 93 84 8 11 -43 -128
-1 3 -21 -36 -16 15 -128 -128
1 -37 -12 -6 -1 -40 -48 -25
@ 1423300381 31
-4 -2 0 3 3 0 -2 -4
-3 -1 7 20 20 3 -3 -5
-18 -23 -12 57 -128 75 80 -2
-23 -1 7 15 49 -26 -128 -102
-95 -10 -11 -128 -128 74 -128 -128
-12 13 62 -128 -128 32 -3 -15
-10 -17 -4 23 40 46 47 27
-128 -40 15 -6 -26 -44 -39 -50
-2 0 2 3 3 0 -1 -3
-128 -23 -2 14 18 0 0 -128
-90 15 16 -128 60 -23 -52 -128
-4 -1 2 4 4 1 -3 -5
-12 -19 10 15 -10 -86 -128 -67
-14 -11 32 86 -128 26 1 -18
-9 -2 16 5 5 4 0 -5
-3 0 9 12 6 3 1 -5
-3 -1 3 7 4 0 -2 -4
-11 18 31 -128 79 -128 35 -9
-23 -13 1 4 4 1 -8 -31
-50 -73 -42 -25 10 -5 -54 -39
-16 -4 2 6 6 3 -1 -25
-67 65 69 32 10 -10 -15 -35
-6 -7 -1 1 18 19 8 -3
-18 -8 4 6 6 3 -10 -17
-9 17 26 -128 -128 19 6 -30
0 2 3 4 5 0 -9 -10
-74 -38 3 20 51 88 93 -23
-13 -11 11 -7 -15 -45 -53 -27
-5 -2 2 3 3 0 -2 -5
28 -12 -48 -80 -65 -50 -13 8
43 41 24 8 6 1 34 57
@ 1425211242 60
24 28 22 5 -128 -128 0 17
15 22 25 11 -33 -128 -128 -5
20 17 3 -19 -27 -30 -11 11
1 1 1 -7 -6 -4 -2 1
40 -62 -59 2 3 24 -128 -128
10 1 1 -7 -5 -3 -22 0
2 33 45 19 9 21 15 5
27 60 64 57 3 -26 -18 30
-34 1 1 22 44 38 -13 -60
59 52 54 -85 17 -75 -128 -78
30 18 -16 -31 -32 -14 33 35
-1 1 24 71 35 -3 -9 -13
41 -44 -46 -24 35 74 51 41
4 5 15 5 1 1 2 0
-2 4 16 -5 -1 -27 -20 -12
59 83 57 -12 7 42 51 23
-14 -15 -9 -58 -46 -9 30 -6
-59 -17 35 37 66 55 16 -60
11 -3 7 -1 0 6 6 4
-7 1 3 7 8 6 32 -2
49 34 1 -33 -76 -128 -70 11
58 22 -49 -78 -83 4 31 55
57 -46 -90 -128 48 63 -128 80
33 -55 3 -128 -26 -11 2 0
-9 -23 -17 -2 80 -128 -128 46
26 -128 -128 -128 -23 -44 -8 26
-20 1 -3 -21 -27 -24 -45 -70
-19 -58 -128 -128 -55 -14 3 -9
58 -128 -128 -128 -30 0 11 33
-9 -15 -12 2 21 28 26 4
-10 -128 -38 15 50 -45 28 24
54 -128 53 110 -128 -128 36 -1
45 31 -44 -128 -90 -72 -33 43
64 36 -18 -29 -34 -23 23 61
29 39 -128 -128 71 0 -49 0
-119 -128 -43 -33 10 3 38 31
-128 -128 30 26 -6 -23 29 42
8 37 -128 3 1 -12 -17 -23
5 27 8 -4 -3 -12 -12 -11
-32 -39 -7 3 0 25 44 -2
-3 -11 -16 -11 -2 1 0 -5
25 68 47 46 -128 -128 -128 -4
3 -4 -4 -19 4 64 -128 48
67 -128 104 95 6 -26 -26 55
-38 -84 -89 -72 -62 -27 10 20
-49 -34 3 -109 -116 -76 -15 -26
-128 -128 0 -128 -128 -128 -128 -128
-32 -28 -9 7 17 -5 -22 -29
17 -37 -43 -18 12 37 49 29
4 7 -128 -128 -128 -66 -96 -55
-128 -50 -14 -128 -59 0 -19 -128
67 48 4 -19 -8 -14 58 62
-3 -10 17 18 24 22 5 -21
4 -1 2 -14 -19 -33 -21 1
9 -3 -5 -128 -89 -128 -62 -7
-68 -75 -30 -39 13 28 -128 1
-128 -128 -128 -19 29 55 46 4
35 0 -70 -128 -56 -64 0 16
-3 -20 -21 -42 -38 -45 9 -3
-10 -30 -23 -4 84 -128 -128 68
@ 1425717084 60
-2 13 42 30 18 -13 -15 -36
19 12 16 24 4 7 15 23
-42 -35 -5 -16 -19 -17 -14 -18
-19 -12 1 -3 -36 -21 -11 -15
89 -128 76 0 -128 -78 0 24
-38 -32 -28 -24 -2 24 23 -38
-31 -31 -7 -10 -12 11 29 -20
15 -8 -10 -17 19 38 48 42
0 -7 3 -5 -27 -50 -43 -28
-57 -63 -19 12 21 20 11 -34
-17 -21 -11 -9 7 19 20 -9
-8 3 24 0 -14 1 7 1
-1 -14 3 15 30 35 37 -10
-44 -46 13 15 5 1 1 -10
-128 -128 -19 -9 -9 -7 -6 -45
6 -1 -15 -51 -57 -9 11 17
24 -2 -12 -38 -11 5 20 15
-34 -38 -10 -18 0 7 9 -8
29 -128 -128 -128 14 66 -2 -16
92 24 -22 -67 -71 -128 47 -128
-30 3 52 78 20 33 8 -36
-3 -13 -20 -23 -10 16 42 14
1 -16 -14 7 -20 -23 1 31
-54 -39 5 21 37 45 32 17
-51 -37 -4 8 25 38 36 -33
14 -20 37 42 -3 -8 -19 -4
-128 -128 0 2 15 0 -49 -128
-41 -24 -19 -37 -2 -26 -42 -64
-74 -20 8 17 43 21 -14 -80
2 9 7 -10 -7 -37 -16 -1
-118 -128 -52 39 12 -12 -128 -128
-31 -18 10 23 58 31 -3 -25
1 -11 30 27 28 17 40 32
-14 0 14 -9 -31 -47 -27 -31
-6 -128 0 0 0 9 52 76
-10 80 -128 -128 -128 -128 -128 17
-11 58 70 47 -43 -45 -54 -32
32 42 28 -21 -45 -21 29 35
46 34 24 -48 -82 -58 -20 15
44 32 26 1 -34 -17 13 25
25 -3 -7 -28 -29 -27 -16 16
0 -18 -18 -29 -5 15 18 11
28 0 -47 -73 -52 -15 13 20
18 3 16 17 30 5 17 15
-13 -22 3 6 14 0 -4 -21
-27 20 40 -8 -22 -68 -44 -25
-51 -27 8 12 -10 -34 -40 -43
26 17 4 7 16 24 24 3
30 -68 -128 -128 -128 -128 -128 43
21 -25 -37 -128 -76 -37 32 30
4 11 8 -9 -33 -41 -10 -9
5 19 35 29 0 -61 -62 -41
4 12 2 -29 -38 -26 3 2
42 30 18 -35 -31 -4 16 29
4 -2 -3 -30 -37 -24 -7 4
-43 -24 6 15 19 12 -21 -37
-26 -15 9 28 20 19 1 -24
-38 -33 -12 -1 16 -21 -23 -46
6 6 -128 -48 -51 -128 -128 -128
68 -128 106 -128 15 14 -3 -57
@ 1435075587 60
-11 2 -2 -128 3 -1 -2 -23
2 -19 -6 17 10 -26 -24 5
5 21 37 50 28 4 -18 -41
-22 -14 6 1 16 27 41 3
-1 -5 4 7 16 14 5 1
0 27 35 48 50 8 0 0
-2 8 0 -51 -41 -20 -21 -15
33 41 27 16 -9 -55 -54 -16
-7 -60 -39 -9 12 -7 -41 -7
12 30 41 45 46 22 -2 -18
11 21 36 24 -10 -128 -128 -9
-8 -21 -47 -82 -37 -36 -30 -43
-33 -128 -13 -128 -2 -19 10 -39
-10 -28 -19 -20 14 53 65 22
13 -9 -37 -33 -2 16 20 15
-49 -31 -10 -30 -46 -28 -3 -23
5 20 -3 -27 2 24 17 -9
61 8 -31 -26 -3 46 57 58
45 13 56 39 29 -128 -128 54
-1 16 23 58 79 51 9 -14
-24 -1 13 16 8 -2 -14 -21
58 81 53 37 58 57 0 -40
-5 -29 -48 -56 -39 -18 -20 -35
80 72 32 -21 -46 -33 21 63
1 27 61 64 35 -20 -11 -35
-19 -16 -6 12 10 -9 -18 -66
20 30 29 -17 -47 -57 -20 -12
58 68 78 65 59 18 -8 15
35 -2 -21 -39 -21 0 26 32
-65 -78 -58 40 -7 -8 -9 -12
-55 -67 -45 9 -13 -55 -58 -23
0 -14 -16 -39 -46 0 6 0
-3 19 9 -11 -6 -1 -1 -30
36 -17 -23 20 34 -128 -128 51
23 60 60 18 14 20 20 20
1 33 57 89 68 35 20 -15
-15 -25 0 0 -37 -51 -72 -37
-10 -30 -5 36 12 -28 -31 -4
25 25 14 -8 9 19 5 7
30 18 10 3 -1 -1 9 9
-5 -6 4 9 12 -7 -1 -2
44 27 12 -16 -51 -19 11 40
-48 -25 15 9 -18 -19 2 -58
-29 -31 -33 9 8 4 -3 1
-77 -43 -8 22 34 -64 4 -12
42 72 63 -33 -26 35 37 -27
33 36 0 65 108 74 79 26
58 29 -40 -51 -59 8 33 61
17 -52 -128 -128 -128 -128 -128 -128
17 0 -32 -57 -12 -17 10 19
-51 -42 2 11 -19 -128 -95 -43
11 -17 -16 -3 -35 -72 -41 13
73 50 10 41 98 -128 99 98
25 -5 18 12 -8 -128 -128 16
7 11 0 -128 -55 -128 -128 -67
4 -18 -15 5 29 18 13 10
45 23 5 -31 -13 0 21 -15
29 13 -5 -4 -7 -49 -3 4
-26 -50 -25 4 37 33 24 10
-44 0 14 -8 25 29 36 20
@ 1437244799 60
11 4 -1 -14 -6 3 4 5
59 -128 16 14 43 10 16 20
1 1 0 -1 -1 -4 -5 -3
1 5 2 2 1 1 0 0
68 19 -3 -12 -9 -10 13 32
-1 -2 -3 -2 10 0 1 6
75 54 6 -12 -12 12 32 55
47 -128 74 0 -14 -5 3 2
74 -1 0 -20 5 26 -128 70
14 14 15 10 -5 -8 1 0
-6 -14 -8 -22 1 -33 -10 4
4 5 1 -2 1 -3 -3 3
14 5 -19 -78 -60 -38 13 13
-27 -28 -4 -6 -2 -1 5 -6
2 3 8 1 0 -11 -17 -9
3 -2 -39 -41 -4 1 2 1
-10 -16 -38 -65 -68 -32 -9 -13
18 16 12 1 5 -2 6 11
11 -13 -16 6 0 -2 -1 0
4 2 6 -4 -10 -9 2 1
2 -3 3 0 0 -1 0 1
-3 -2 6 -1 -8 -12 -6 -6
6 10 -12 -128 -47 -12 15 3
0 -11 -1 2 13 12 15 8
-5 1 2 -2 -6 -6 -3 -12
1 1 1 0 13 17 5 4
-1 -11 9 2 2 2 2 0
8 -16 -18 -4 1 8 8 -1
46 27 30 -16 -30 -3 24 47
7 3 3 -24 -50 -51 -19 3
-1 -35 -38 -17 1 29 -128 23
26 0 -14 -18 -22 -20 -21 13
18 30 23 -3 -7 -9 -7 -9
14 36 21 -9 -7 -9 -7 -6
-8 -3 -5 -1 -24 -16 -7 -9
-128 -128 -128 -10 -9 12 -128 -128
39 17 -7 -15 -14 -7 16 25
27 23 11 4 7 2 3 7
-24 -5 5 0 6 30 -128 37
46 -2 4 -9 2 2 35 43
7 7 2 1 0 0 0 1
-3 23 46 1 4 -1 -72 -30
1 1 2 -2 2 -2 0 -1
-76 -128 4 8 1 0 4 -21
18 -22 -79 -109 -61 -5 7 25
1 -2 0 -18 -128 -128 -118 -20
-1 -3 -5 -4 1 -5 -5 -5
75 43 21 2 1 -80 -19 35
-1 2 0 -2 -2 -6 -10 -22
26 1 26 -128 -128 -17 -14 -128
39 23 -16 -26 -8 -12 19 31
71 -128 54 43 48 49 3 71
-2 0 -128 17 0 -24 -26 -11
12 -1 1 -6 -5 -2 3 -3
28 -49 62 22 28 -128 -128 -128
-2 -3 -3 -10 -29 -72 -40 -6
11 1 -23 -55 -18 44 57 44
12 11 -17 53 -128 -128 -128 -128
-5 9 14 4 0 -1 -2 -22
-25 15 28 78 23 9 -9 -57
@ 1447654748 60
-13 -4 14 16 24 -30 -39 -31
-8 -15 -7 -17 -7 -34 -24 -1
49 -5 -6 22 79 60 57 39
-9 9 39 43 23 -24 -3 -18
-6 6 44 79 94 60 3 -11
38 65 70 17 -19 -21 -12 -2
-27 31 59 -128 72 50 -29 -46
-29 67 57 105 21 35 37 -8
-10 20 25 -128 -128 -128 -128 -8
-16 -9 -28 -42 -20 -4 8 3
24 31 27 1 -7 -5 2 3
36 9 11 -128 -128 -128 11 9
-2 27 37 17 -2 -128 -128 -102
21 46 11 -28 -24 -15 -16 8
-11 -31 12 12 12 2 18 4
-44 -22 11 36 29 40 23 -28
2 18 52 70 82 20 -25 -128
-39 40 53 47 55 21 -17 -128
57 43 41 5 -55 0 67 55
17 -23 -16 -11 -17 10 42 41
-29 -53 -46 -23 19 30 58 10
65 57 -47 35 35 -22 32 83
26 23 14 2 22 -30 -1 22
7 0 -128 -128 -24 0 20 16
27 31 18 -20 -28 -29 -35 11
0 -17 -17 -57 -14 -17 30 50
-5 7 7 58 18 8 3 -20
-51 -63 -64 -58 -20 5 -9 -34
52 15 14 27 44 61 -128 46
34 -15 8 26 47 24 44 47
30 -47 -94 -69 -48 -128 34 56
-60 -72 14 27 22 4 21 23
-29 -5 23 54 17 17 7 -21
-57 -71 -47 5 13 -128 26 1
-24 22 41 10 -25 -34 -31 -44
-10 8 -13 -9 5 -10 -12 -16
-15 -45 -26 -51 -15 47 78 62
18 -25 -128 -128 18 94 -128 33
-39 2 30 29 8 15 14 -1
-6 -1 11 -28 -39 5 38 25
-25 -2 9 8 3 2 0 -38
2 22 17 -3 -24 -30 -25 -8
2 35 32 -2 -28 -18 -17 -71
-57 -51 -60 -34 6 45 3 -57
102 96 82 23 16 -1 -24 -36
26 -25 18 1 -23 -31 -18 12
-67 -53 35 17 -1 -23 -55 -56
-128 -128 -128 3 5 -2 20 -128
51 27 25 5 -6 -18 5 55
-23 -10 7 62 41 27 13 -27
-6 -85 -128 -68 -5 6 27 39
80 65 45 35 1 11 38 30
-19 -52 -11 -67 -65 25 20 -3
14 20 20 0 0 -54 -46 0
6 -5 12 16 30 14 13 18
1 7 13 11 9 1 -128 -20
-60 14 35 44 5 -59 -128 -128
51 -3 -24 -28 -30 47 41 63
-23 -17 -84 -80 -128 -43 0 4
18 -128 71 3 -56 -81 -62 -67
@ 1448248002 60
-7 10 21 26 23 -9 -19 -50
-60 -128 -14 -18 -42 -39 -15 -39
-25 -45 20 29 22 0 -21 -35
-50 -24 -19 -1 7 19 21 -43
26 -4 -17 -7 11 13 17 21
-5 -2 14 13 10 -6 2 3
23 9 -1 2 3 5 8 -19
-128 -128 27 -12 -107 -128 19 -128
-19 -36 -26 -9 40 -128 55 -6
-40 -54 -1 -4 -12 -12 2 -14
-5 -14 -6 -4 -4 -32 -4 -128
42 15 -33 -33 -10 19 42 54
80 0 -17 -11 -10 0 70 77
-21 -9 7 13 5 7 -5 -13
14 20 12 -5 -1 14 25 -38
64 -128 44 39 47 41 -7 68
10 -13 -14 -16 2 5 -11 -14
-70 -58 0 4 -3 -30 -1 -52
-28 -22 -6 3 22 -18 -69 -31
4 3 1 -8 -22 -11 36 5
93 -128 53 -128 27 -128 40 87
10 59 42 1 22 44 2 1
20 18 12 -3 16 3 15 32
-1 -6 -11 -11 21 28 -4 -3
78 3 -3 59 3 0 -128 -128
-2 -43 -55 -31 12 34 38 22
-128 1 30 24 1 -3 -50 1
-128 -128 -30 -37 -23 0 42 -128
5 -18 -50 -63 -32 -11 4 -8
-19 -29 -49 -47 -23 -10 1 -15
77 39 64 -10 -128 -128 -128 -2
-33 -36 -20 -3 5 -8 -6 -38
15 32 -14 10 62 38 7 -25
6 1 -2 1 26 19 2 1
-8 -17 -17 -6 32 53 40 8
19 9 3 -5 -1 25 9 4
-12 -44 -40 -22 28 40 9 40
25 30 0 -17 0 0 6 -6
-15 -128 -128 41 44 -37 -39 -30
-17 -27 1 -18 20 -6 -15 -25
12 2 -5 -11 2 7 9 -5
0 -17 12 2 2 -39 -14 -30
39 49 48 60 58 30 30 35
-128 -18 16 44 24 11 20 -49
-128 -77 -34 -128 -128 -2 29 14
39 -30 -37 -18 8 24 38 38
31 -20 -29 -19 15 20 25 39
115 -128 10 6 16 22 -2 11
-18 16 1 -10 -15 -12 -1 -19
-47 -43 -60 -15 6 21 -8 -42
8 3 -1 65 40 27 24 4
69 62 45 -1 -9 -10 -3 4
-5 28 48 36 -21 -52 -73 -55
-6 -13 3 19 11 17 17 11
-53 19 26 33 47 10 16 -53
66 -128 35 -128 -128 -128 -128 -128
-128 -19 -20 -7 44 62 35 -12
-34 -23 26 20 -5 -6 -37 -128
-16 28 37 6 -19 -128 -128 -128
26 65 93 57 -4 -6 60 40
@ 1449151963 60
0 0 0 0 0 0 0 0
0 0 0 0 0 0 0 0
0 0 0 0 0 0 0 0
0 0 0 0 0 0 0 1
73 -128 2 -6 -5 -6 0 33
4 0 0 -1 -1 -1 5 28
6 2 1 -1 -1 -1 8 27
31 67 80 84 57 75 78 31
0 3 11 10 1 0 -1 -1
21 13 19 -3 -4 -6 1 6
-3 4 26 -128 -128 -128 5 -10
63 59 -1 -6 -5 -13 19 -128
-128 -72 -6 16 1 26 -3 -128
-88 -128 -23 -9 -128 -128 0 -44
2 0 -1 0 2 0 0 24
13 -7 2 0 -4 -4 12 38
-17 -4 8 8 7 -7 -22 -29
-20 4 61 -128 -128 -128 -8 -18
6 -26 -28 -128 -128 -1 -13 3
9 9 1 25 29 24 15 6
2 0 0 0 0 0 1 1
8 2 40 62 32 24 -1 8
-128 16 -8 9 10 -5 17 -128
3 0 1 3 1 6 -128 -128
1 0 3 0 0 0 7 3
1 0 0 0 0 0 0 0
7 5 3 -4 -10 -5 0 4
20 -4 -5 16 21 -11 -18 0
17 13 4 -4 -17 -25 4 14
-3 -4 2 22 16 4 4 -4
44 -21 -55 18 24 40 41 32
12 -8 -9 -46 -52 -19 12 43
12 17 0 -19 -31 -128 -128 -39
-1 26 -128 23 -120 -43 -128 32
6 -1 -26 -15 6 -15 -13 -3
1 -48 -27 -19 0 4 5 4
5 5 0 -11 -14 -26 -4 3
-35 -34 -20 26 40 103 109 8
21 -18 -29 -37 -27 13 -128 -27
1 -128 -18 -128 -128 -34 2 -1
18 -3 32 -128 32 32 16 20
-29 -18 28 -13 -26 -51 -40 -41
9 15 2 -1 -1 -1 -1 3
-22 -30 -1 13 22 18 -1 -6
13 13 13 -24 -13 -8 -6 3
-3 -128 -128 -128 16 1 1 -4
7 2 1 1 1 0 0 1
-64 -128 -128 -128 -128 66 70 -15
-51 -31 -39 36 45 35 37 -9
-2 -3 5 12 43 1 1 -1
36 41 6 0 -24 -26 -26 8
17 0 -2 24 17 52 13 -1
-2 8 93 -128 -128 -7 -9 -8
-8 2 -128 -128 3 -16 -13 -15
18 28 9 1 0 -1 -1 1
-7 -10 -6 -1 3 -10 -8 -10
21 12 12 -128 -128 9 -10 7
-1 1 14 3 0 -1 3 -1
-62 -19 -20 -128 -128 -2 6 -48
0 0 2 21 12 1 0 -1
@ 1449614944 60
1 0 0 0 -1 0 0 0
-1 -3 -2 -2 1 0 1 0
0 -4 -12 -7 -5 -3 3 0
17 17 14 -2 -32 -59 -33 0
-4 0 4 3 1 -4 -3 -5
-37 -54 -44 15 49 68 72 1
12 6 -4 -8 -8 -10 -5 3
4 2 5 -12 -1 0 -1 1
-1 -1 0 1 0 0 0 -1
-2 -2 0 0 1 5 -1 -3
5 15 18 7 0 -4 -7 -6
0 1 0 -2 -1 2 1 -1
3 0 0 -6 0 1 4 6
4 0 -4 -2 9 7 3 -1
-28 -17 -1 4 6 10 11 0
-47 -52 -1 17 50 41 -128 -7
-30 -54 -41 1 41 -128 31 18
-19 -14 1 10 53 4 -5 -17
0 3 5 0 0 0 1 0
-1 -2 0 3 6 10 11 0
-2 -2 -1 0 2 4 2 -1
4 8 8 0 -3 -1 1 3
6 8 4 -3 -5 -7 -4 -2
0 0 0 0 -1 -3 -1 0
-32 -128 -52 -128 -72 -35 16 68
-13 -19 -12 9 17 20 19 -6
15 -128 7 0 -40 -56 -44 4
0 -2 -1 -2 0 0 -1 -1
2 0 1 0 -1 0 1 3
14 -59 -70 2 2 24 24 16
-6 -32 -128 -53 80 -128 -128 0
-36 -65 -44 2 41 70 76 20
20 17 20 6 -14 -128 -78 -9
-9 -3 0 5 3 -10 -26 -42
11 11 5 -5 -36 -29 -14 9
-19 -13 -3 -4 -8 -8 1 -17
-1 -9 -5 0 2 3 2 -2
-4 4 -7 0 60 47 56 -6
-128 -128 -7 1 9 8 3 -45
5 3 1 1 0 0 9 12
-128 -128 -2 16 22 13 8 -41
-32 -47 -32 6 48 64 68 24
-2 -17 -8 18 33 25 25 -6
10 7 3 0 -34 -51 -17 3
-6 -7 -2 1 2 2 1 -2
-128 -128 -128 -12 12 9 4 -128
-2 -2 0 2 4 1 0 -3
-11 -30 -16 -5 7 5 5 1
-14 -10 0 2 1 -5 -2 -7
-14 -2 0 1 2 0 -3 -31
-48 -82 -87 -18 6 -128 -128 -128
24 -53 -40 4 54 76 73 25
-43 -59 -34 15 39 54 44 11
-69 -128 -128 -55 -39 -25 54 21
24 26 12 0 42 34 34 18
-14 -18 -20 2 44 57 60 -3
-40 -57 -40 7 44 56 41 0
-4 -25 -8 2 2 1 0 -1
8 -1 -5 0 4 12 16 11
-34 -59 -41 5 37 54 57 21
@ 1458548732 50
-1 -1 4 3 7 4 3 2
0 0 0 3 1 0 3 -1
10 8 7 2 1 2 1 5
5 -4 -6 -6 -3 -6 -20 -25
-1 -37 -40 -34 -1 -5 -2 -1
-8 0 4 2 7 5 -7 -15
4 13 27 15 4 0 -128 0
57 46 31 -8 -19 -128 -14 11
0 0 1 -4 1 -4 -4 -3
-5 -13 -10 -11 -5 -7 -9 -6
18 8 -17 -20 -5 -4 18 10
11 7 14 -7 -19 -19 -7 7
-2 -4 -1 0 -2 -3 0 -2
-2 0 -4 -5 0 -3 -10 -26
2 2 7 5 1 2 2 2
2 2 -7 -21 -16 -3 3 1
2 5 3 2 -1 -5 -4 -4
34 -14 21 43 44 -128 -128 32
0 31 28 10 0 -128 -128 -128
-19 -128 -12 14 14 19 9 -3
-1 -32 -50 -34 5 0 -1 3
3 3 1 2 3 2 2 1
-13 -6 -1 -1 -8 -14 -14 -128
-2 -2 0 3 2 2 2 0
-3 0 -30 -42 -19 -9 -1 -5
9 9 12 2 -24 -24 6 8
0 -128 -128 -128 0 29 29 32
2 5 2 2 3 2 5 2
6 -1 3 5 3 2 7 9
-7 -1 14 12 12 7 -2 -9
-128 -128 0 0 -47 10 -128 -128
-2 4 -4 -7 -2 -4 -2 -18
-3 0 -1 -13 -7 -10 -3 -3
3 -1 0 0 0 0 0 1
2 3 -1 -128 -128 -128 -80 -2
-128 -128 -21 20 28 24 12 -128
-11 -9 2 0 2 1 3 -10
-128 -128 6 0 0 7 -128 -110
-17 -8 10 8 13 7 -18 -22
-128 -128 0 23 23 12 4 -128
11 7 -3 -5 -3 -3 1 4
-12 4 13 -9 -53 -128 -128 -128
2 -1 3 7 7 3 -1 -1
-8 10 26 28 31 6 -6 -12
-1 1 3 4 1 1 4 0
0 0 1 2 2 0 0 0
-4 21 42 29 -8 -128 -128 -23
1 5 8 -2 5 2 0 -2
-30 18 33 3 15 -5 -10 -35
8 16 33 39 0 -128 -128 5
@ 1462174728 60
-1 0 2 1 1 5 14 1
3 3 1 0 23 8 -1 1
-1 -2 0 2 1 -2 0 0
-3 -3 1 2 3 1 -2 -3
-3 0 1 2 1 -1 -2 -6
-7 -27 -15 -7 1 0 11 -8
-3 -3 1 2 0 -7 -9 -12
-128 -128 -28 -39 -8 -12 -8 -19
3 3 0 0 11 0 0 2
1 1 0 -1 -1 -1 -2 -1
40 50 44 -2 -7 -9 -4 1
67 30 -10 -20 -22 -16 24 51
15 13 8 -11 -13 -7 3 9
0 14 33 52 24 0 -11 -6
12 10 4 1 -3 -5 -3 5
-6 0 -5 -11 -11 -28 -128 -128
-5 -8 2 3 7 7 4 -3
-27 -13 13 18 18 5 -11 -29
11 4 -1 -16 -40 -13 0 7
3 4 3 -1 -8 -18 -33 -12
-2 34 48 33 -2 -10 -14 -14
-54 -26 6 8 11 5 -18 -29
-9 -11 -6 1 8 7 3 -3
15 15 9 -33 -128 -45 -11 8
-6 -10 -3 0 2 2 0 -4
-6 -16 7 -8 2 -128 -128 -128
-30 -37 -11 17 33 30 5 -27
-5 -7 -4 2 26 31 23 4
0 -18 -59 -128 -128 0 24 35
-14 -5 18 24 28 -2 -2 -18
8 8 7 -6 -41 -55 -23 -1
71 67 73 68 -5 -9 -8 -7
-5 -6 2 5 28 -128 33 -13
-24 -21 -1 1 3 0 -1 -16
-13 -1 17 21 20 -1 -8 -16
-3 -4 -1 3 16 11 -2 -4
-16 -1 -1 12 2 -20 -21 -35
71 42 -5 -128 -128 -15 12 56
-5 -5 4 54 43 50 6 -6
12 6 -4 -27 -16 -4 8 13
5 -128 -128 -128 -10 -18 -12 -4
-2 -3 0 2 6 4 4 1
-10 -7 3 16 6 -7 -11 -19
3 10 12 6 -3 -11 -12 -6
-128 -128 -27 -3 16 40 -128 -18
7 11 10 2 -11 -40 -21 -5
-4 -6 -2 0 2 4 6 -1
4 4 2 -7 -28 -40 -17 -4
1 1 1 -3 -4 -5 -3 -2
10 8 -9 -128 -47 -18 -2 6
-6 -7 -4 -1 3 7 7 -1
20 43 1 -9 -13 -10 3 13
-128 -128 -128 3 8 7 6 -128
-4 -37 -42 -55 -2 1 2 -1
-128 -128 22 0 -7 -14 -12 -2
2 -9 -13 -10 1 -1 6 4
-12 -5 0 2 3 3 -1 -30
-128 -128 -128 3 -1 1 -1 -11
2 4 8 2 -1 -5 -4 -1
-12 -18 -11 1 12 21 -128 19
@ 1466800241 60
0 -5 -6 -3 4 -2 -4 -1
2 -1 -1 1 1 2 3 3
1 2 0 -2 -1 -1 0 0
0 -1 -2 -3 -1 1 1 1
54 28 -1 -28 -31 14 58 80
-4 -5 1 6 8 1 -3 -4
-15 -6 15 20 50 -11 -13 -14
13 8 4 -37 -128 -34 -7 8
2 3 3 -1 -4 -5 -4 -1
-2 -17 -5 0 0 0 0 52
0 0 -1 -5 -2 0 1 1
5 5 6 1 -3 -11 -11 -4
1 -2 -2 -2 0 1 5 3
-2 -4 -3 -3 1 0 2 -2
10 -18 -31 -21 26 33 27 13
-2 -1 0 0 1 1 -1 -2
-128 -128 -128 0 15 13 12 -7
4 0 0 2 3 -2 2 3
-29 -3 2 3 4 -12 -46 -128
-64 -128 -128 3 8 15 17 3
1 7 13 3 -1 -5 -6 -3
1 -3 -1 -2 1 7 14 8
-4 -21 -4 1 2 2 2 3
37 36 57 57 78 59 10 3
32 23 18 37 50 30 -128 30
7 6 3 -2 -4 -4 -2 3
-9 -1 5 4 4 2 -2 -9
55 -128 65 69 80 47 29 21
27 -41 -44 -2 7 -14 2 54
2 23 22 -1 41 -15 -13 2
6 6 6 0 -8 -15 -7 1
-128 -51 -41 -128 -40 -72 -128 -128
6 4 0 -5 -4 -1 2 5
-4 -4 -1 2 3 2 1 -2
-128 -128 8 7 20 46 1 -128
-2 -5 -4 0 -3 -6 -3 0
0 -1 0 1 1 -2 -2 0
-1 -2 -1 0 0 0 0 -1
-128 -35 10 -128 -128 -128 56 -128
-1 -1 0 0 0 0 0 -2
1 -14 -8 -10 2 8 5 -3
4 4 1 -2 -3 -3 -1 1
0 -1 -2 -3 -1 0 2 1
1 1 3 0 -2 -1 0 1
-8 -18 -13 -2 3 4 4 -1
-18 -49 -47 -27 -19 -19 -52 -31
6 5 1 -2 -3 -7 -7 -2
-8 -5 2 6 4 3 1 -6
1 2 2 0 0 -3 -1 0
2 0 -2 -4 -2 -1 -1 2
-4 -6 -2 0 2 3 4 2
18 8 35 0 38 13 16 17
43 0 -43 0 36 44 53 59
47 60 45 61 44 24 -14 -6
17 10 1 0 1 2 2 -1
-1 0 1 2 1 -1 0 -1
4 1 2 5 9 7 4 3
1 -1 -2 -1 0 -1 1 0
70 -128 63 -30 -31 -48 -87 -58
2 5 10 8 -1 -7 -6 -3
@ 1478621455 60
4 5 -24 -40 -6 15 15 3
-18 -27 -32 4 33 38 29 36
-3 -61 -53 -75 -31 -1 -1 -3
-128 3 6 2 7 4 3 -128
40 18 -4 -21 -21 -23 38 52
30 30 22 -12 -15 -17 -7 8
-13 14 48 51 40 16 -27 -40
-31 -41 -27 1 1 8 16 -10
-23 -5 34 32 18 4 -6 -30
34 7 0 11 2 -1 0 34
10 0 -26 -41 -38 0 13 7
30 26 9 -1 -16 -13 0 12
28 27 11 -30 -19 -11 18 27
-38 -12 -2 28 30 33 35 -20
25 22 -1 -11 -29 -35 1 16
0 -16 -22 -33 -1 7 -4 -22
7 -14 9 38 28 -34 -11 -12
15 16 15 -17 -21 8 0 4
1 -31 -30 -9 16 16 14 9
12 20 29 32 31 22 23 -9
-2 -4 -2 -2 3 2 6 6
-12 11 10 -12 -24 -16 -1 -19
17 4 -58 -128 -60 -44 9 37
-29 24 52 31 -36 -47 -25 -43
0 -3 -2 -5 -128 1 16 3
2 -4 -6 -9 5 2 8 -3
38 36 9 -8 -9 -21 -16 4
-57 -128 -25 15 25 29 -3 -31
-79 -60 27 56 53 51 33 -58
-7 -7 -4 26 27 33 35 13
20 5 -42 -67 -12 0 11 14
-4 -3 -1 -38 -46 -27 -10 -4
19 6 -7 -9 8 12 25 29
1 0 1 -2 -1 -128 0 1
-20 -28 1 41 46 38 -55 -60
0 -61 -51 -55 -1 0 -1 -2
-58 -31 16 -5 0 -11 -46 -128
2 -10 -11 -15 4 11 44 28
-27 2 34 16 21 11 -23 -18
16 21 10 -5 4 14 11 9
0 57 -128 -128 39 6 -21 -16
18 18 43 46 -3 -31 5 -9
27 17 11 8 0 -28 3 7
-51 -64 -48 -32 -23 -23 1 -62
10 3 -128 -128 2 7 12 5
6 -3 -15 -10 -128 -128 -128 -128
1 -23 -29 -128 -28 29 -21 -31
-1 20 18 2 -12 -27 -6 -17
4 12 13 6 8 5 -9 -12
-15 -34 -15 -21 4 36 43 19
-80 -60 22 57 31 33 -69 -65
-8 6 12 -40 -28 21 18 -7
46 42 19 53 29 -23 -2 18
11 17 16 15 18 -38 -53 -39
34 41 27 27 27 -6 27 21
-47 -41 -14 -8 -8 1 15 -27
24 48 29 -7 -17 -13 -6 -15
65 65 25 -45 -39 2 31 55
7 8 4 -4 -4 0 10 6
25 0 -26 -128 -128 0 18 26
@ 1480149094 60
2 2 1 -2 -2 -2 -1 1
1 1 2 0 0 0 0 0
3 0 -3 -3 -1 0 1 2
2 1 -1 -1 0 0 0 1
-128 -128 -128 0 -19 -25 -22 -12
52 64 16 -15 -7 -2 1 40
45 5 -25 -72 -47 -39 -10 5
-3 -7 -8 -4 18 33 35 -7
6 8 11 5 -2 -6 -5 -3
61 -128 -128 81 49 -1 -1 -35
-2 -1 2 5 10 5 2 -2
0 0 2 1 1 0 -1 -1
11 7 1 -22 -128 -128 -8 7
-6 -43 -66 -128 -22 4 -5 -2
8 9 7 1 -1 -3 -1 2
1 3 -1 -4 -1 -4 -3 -2
-6 1 7 8 8 1 -13 -18
-3 -3 -3 -7 -5 -7 -6 -7
1 4 6 6 3 3 -4 -4
-5 81 107 76 8 1 -2 -61
2 1 -1 -14 -9 -1 1 1
-31 4 -128 -128 3 -7 -22 -37
116 -128 105 9 0 -44 -25 -36
-26 -26 27 31 3 10 10 -13
-4 0 7 3 9 8 -1 -5
-8 1 4 4 4 3 -7 -27
68 -128 -128 -128 2 -24 -25 0
7 46 52 25 3 0 1 0
4 2 0 -1 4 14 53 5
-43 -50 15 13 -26 -44 -128 -67
2 3 3 1 -3 0 0 -1
11 -9 -20 -18 3 15 55 54
-4 22 23 12 7 -2 -2 -7
11 47 -128 7 -7 -19 -15 -10
-19 -20 -2 40 53 58 26 -8
1 3 4 2 -3 -15 -10 -6
0 -2 -3 -3 -1 -128 -128 -6
-3 2 8 8 3 -1 17 -2
1 5 5 0 -3 -7 -5 -2
1 0 4 6 2 -3 -6 -4
10 -1 -3 -3 0 19 22 22
4 -1 -2 -5 -1 3 6 6
-22 15 10 -19 21 -31 -33 -128
13 -128 -5 -3 1 -2 7 21
21 0 -18 -46 -128 -128 -28 0
13 18 20 5 -128 -128 -128 -128
4 7 6 1 -11 -128 -22 -5
-128 21 10 -3 -8 -10 -4 16
5 5 4 0 -5 -22 -13 0
1 2 3 2 1 -1 -1 -1
32 67 53 31 1 -5 -9 -8
1 1 0 -1 -1 -3 -3 -2
2 -1 -2 -2 2 3 2 2
6 33 32 23 -4 -25 -22 -26
0 0 0 0 0 0 1 0
1 -3 -5 -4 0 0 -3 -4
0 -3 3 13 96 65 11 -2
-4 2 7 4 -1 0 -128 12
1 -4 -5 -2 1 1 1 1
56 38 0 -25 -20 0 63 65
@ 1481554121 60
10 4 -2 -5 -5 -4 7 8
-39 -128 -128 -128 -9 -10 -6 -7
-7 -9 -7 -7 5 31 -128 36
12 3 -4 -3 -1 1 7 11
4 3 3 -8 3 11 -16 11
-128 -128 -54 -19 -7 7 8 -20
-128 53 0 1 2 0 0 -128
-22 -19 20 102 -128 8 11 -43
4 3 0 -11 -5 -2 8 5
9 11 1 0 -128 1 1 -128
-32 17 18 66 92 95 98 -33
-2 6 45 33 23 -70 18 -46
-128 24 25 -7 1 -4 -2 -2
47 12 27 -6 -128 -128 -128 -128
1 -1 4 16 23 18 -128 -27
0 0 -128 -128 0 0 3 0
1 -1 0 0 1 0 9 -128
-15 -128 -24 -16 28 50 38 -15
75 -21 -14 -22 -14 0 0 67
1 -128 -128 -128 28 -128 -128 -128
-18 86 91 -128 52 13 9 -36
54 33 12 -24 -43 -22 30 39
-7 -15 -11 -9 2 -5 2 -1
7 -4 -1 3 4 -128 -128 -128
-128 -128 12 -37 -38 -11 -24 -128
42 -2 5 -13 -13 20 44 44
-87 -47 0 8 6 25 33 -67
80 76 46 44 5 71 14 12
2 0 1 17 30 34 36 0
10 1 0 -40 -128 -128 0 1
-7 -2 30 -128 12 2 -4 -10
-53 -34 -18 -29 -39 -32 18 -128
-13 -5 42 18 1 -22 -15 8
60 57 76 82 58 5 -49 -7
-21 -21 -44 -83 -98 -19 26 -128
-128 -74 3 75 58 9 3 -40
94 63 2 -52 28 1 1 76
40 -128 -1 0 3 13 18 -128
-128 -128 -128 31 19 6 -7 -128
2 3 -128 0 11 12 12 6
24 20 25 60 67 51 22 18
-128 -128 -24 15 14 -103 -128 -128
9 -128 0 20 18 17 0 0
36 34 36 -128 -128 22 14 -128
-7 15 24 -57 27 -1 -8 -14
-128 -128 0 0 -128 -1 -1 -2
2 7 17 16 7 15 4 -2
25 88 94 16 -128 9 5 6
14 -128 -128 -128 42 -7 -7 -9
71 56 18 -37 -35 -37 -21 32
-8 9 9 5 50 85 85 -21
3 1 5 1 5 26 13 3
12 50 60 58 44 49 41 7
-128 0 -3 6 -128 -128 35 -128
-128 -128 49 -8 49 -128 -128 -17
-10 -7 26 -128 -128 -128 26 0
-23 -21 15 -1 -15 -13 -6 -22
5 3 28 7 0 -4 0 4
-128 -45 -3 5 4 5 -7 -60
4 5 6 9 3 -2 14 -1
@ 1483206813 60
-21 -14 2 15 6 -18 -128 -79
-9 -19 -25 -17 1 1 22 14
-6 -128 -128 -7 31 34 16 8
-128 -128 -128 0 18 30 23 0
-27 -34 6 -38 -45 -128 -108 -53
16 10 -4 -36 -15 -7 8 8
19 29 38 14 -17 -27 -21 2
-17 2 26 2 -2 -8 -1 -24
5 22 41 19 0 -128 -128 -128
7 -8 -7 0 16 23 18 12
-27 1 17 -2 4 3 3 -128
-128 3 3 2 11 1 -128 -128
13 7 6 24 35 24 20 1
29 25 10 -128 -128 -128 0 12
12 0 -18 -19 -19 -14 -5 -6
-4 22 27 12 -3 -41 -46 -37
-9 -16 2 -1 10 -3 -6 -2
-16 0 -128 -7 -1 0 -16 -20
31 19 6 -20 -44 -49 -9 26
0 -128 -128 -128 -12 -128 -24 -128
19 19 21 0 -128 -128 -128 4
-14 -14 7 9 -13 -18 -6 -15
-15 -19 -9 14 48 20 21 -18
-25 -24 -18 -3 37 54 45 -4
-6 3 15 5 19 33 53 34
13 1 1 -13 -5 5 20 23
-128 25 26 69 -128 -128 -128 -128
0 -62 -63 -50 -27 9 36 6
4 -14 -11 -4 31 38 35 27
-18 -28 -17 -3 1 19 -2 -21
17 -17 -34 -53 -33 0 4 6
-128 -128 -20 32 18 17 -8 -128
35 30 10 -8 -11 -8 13 20
9 8 8 -3 -2 -10 12 1
18 17 24 16 -5 -14 -3 7
43 -14 -35 -42 -21 -1 28 41
-3 -6 -17 -14 1 11 13 14
37 61 24 -16 -27 0 76 80
-17 -128 9 20 5 4 12 0
-7 -3 4 20 28 24 3 -12
-13 3 4 13 12 -12 -20 -39
3 7 9 7 12 -2 -4 -2
3 0 0 0 0 -128 -128 -128
5 0 1 11 11 -13 -11 -6
-128 -128 -46 -128 18 82 82 -17
-1 -2 1 0 21 22 8 -14
102 -128 -128 -128 -128 -3 -128 -128
12 16 22 9 -5 -128 -5 4
33 50 51 -10 -15 -35 -26 -36
-4 -7 -16 11 55 47 11 -7
11 12 -75 -128 -128 10 -128 0
28 -128 30 2 -13 -25 -10 21
52 40 0 -128 -128 -128 -72 10
18 25 19 -128 -128 -128 -128 8
-12 11 23 35 35 -8 -20 -29
-21 11 18 80 82 -128 41 -14
-24 -8 -1 -20 -14 -19 -5 -15
39 -1 -6 -9 -13 4 57 57
-59 -61 -49 -51 45 40 1 -75
22 3 -12 -25 -14 17 27 30
@ 1493178948 60
1 0 -2 -2 -2 -1 1 1
-1 -2 -3 -3 -2 -1 4 2
0 0 1 0 -1 0 0 0
0 0 0 0 1 2 2 0
10 12 11 0 -14 -26 -26 -8
19 24 25 14 0 -128 -128 2
51 10 15 15 6 -8 19 61
4 -12 -3 -1 6 5 11 52
5 94 97 12 14 12 -1 -13
4 3 0 -4 -5 -3 2 4
-16 -30 -4 -18 13 38 47 31
-2 -4 -3 -5 -3 0 -3 -17
-1 0 2 1 3 1 -3 -3
-6 0 5 6 4 0 -7 -9
75 70 75 -9 -3 -5 7 18
3 15 19 10 -4 -46 -41 -15
-4 -3 -3 -3 13 24 27 1
-1 1 2 2 0 -1 -1 -2
6 7 49 42 10 4 10 11
7 5 3 0 5 0 2 5
20 11 10 1 -17 -70 -42 9
1 1 1 -1 -3 -3 -1 -1
-96 -83 -20 4 8 5 9 -128
-19 11 30 -13 -1 -21 -35 -38
-7 0 2 1 -1 -25 -27 -32
10 -9 11 5 -17 -128 -128 -3
2 12 9 5 -29 -128 -35 0
1 6 8 6 0 -6 -9 -6
4 1 11 -6 -4 -2 4 7
10 10 1 -11 -18 -21 -5 3
8 -17 -26 -29 -15 -7 4 7
-6 -7 -6 -3 6 8 4 -1
0 -6 -2 0 -2 -11 -4 -4
-6 -9 10 7 4 -67 -42 -29
65 2 -26 -33 -20 -10 2 68
31 -128 24 -18 -21 -54 -37 -18
15 8 -76 -128 -70 0 12 8
-5 -5 -4 2 3 4 4 0
5 10 8 2 -1 -3 -4 -8
-128 -128 -8 -16 -17 3 -128 -128
0 4 5 0 0 -9 -12 -9
-7 -6 1 6 9 5 0 -6
9 -128 63 15 7 -4 -73 -64
-2 -2 -3 0 3 3 2 0
2 45 47 37 0 -14 -13 -15
15 16 14 -7 -27 -27 -11 7
9 3 -1 -28 -128 -29 0 8
4 2 -1 -4 -4 -3 0 3
-128 -19 29 47 43 22 -75 -128
3 2 1 -2 -3 -2 0 2
7 -4 -2 -14 -7 -5 1 -1
-1 -8 -10 -5 1 7 9 7
17 14 16 7 -23 -22 -25 -12
-6 4 12 12 5 -6 -19 -33
-20 -1 13 45 27 8 6 -3
4 -5 -8 -25 -21 -27 0 4
-2 -7 -6 -3 2 5 7 4
-1 0 1 1 1 -1 -1 -1
23 -49 2 1 0 0 17 32
32 61 -128 50 -6 -26 -10 -4
@ 1494483756 12
32 -9 -15 -128 -128 11 32 53
21 29 30 -6 -6 -12 -1 4
14 -9 -11 -31 0 0 2 1
46 -16 -26 -27 -18 13 51 43
3 -13 -32 -20 -8 7 9 3
-4 0 34 35 6 -19 -12 -12
-128 6 29 46 27 13 36 23
-9 8 16 11 4 -23 -44 -42
-128 16 8 9 9 -128 53 -128
-31 7 25 24 11 -27 -26 -32
-75 -128 -14 24 46 42 13 -6
-29 -30 -10 -10 6 6 -1 -11
@ 1511984526 12
0 -20 -21 1 0 7 7 -8
8 5 10 22 8 -8 -8 3
-128 19 14 -8 10 -128 -128 -128
-128 -12 14 16 33 13 -10 -128
-2 1 23 12 5 5 12 -6
2 14 8 3 11 -5 -16 -17
-128 -128 107 94 99 -5 2 23
-1 -44 -45 -21 1 2 2 -14
-12 -128 -128 -128 -33 -11 -2 -1
3 8 31 19 -10 -128 -128 -17
-128 -128 13 20 10 -16 -21 -128
1 -22 -13 2 -3 -46 -12 1
@ 1520901154 41
-1 -7 -9 -14 -11 0 -4 1
9 0 0 -4 3 3 7 12
-4 5 9 8 2 -66 -69 -79
10 53 56 -94 41 7 25 21
7 -25 -19 -17 -13 -17 -5 -6
-8 -6 -17 -19 0 1 -1 -4
21 -6 -12 -11 6 21 30 21
19 3 -67 -128 -42 14 30 19
2 -1 0 1 0 -3 -2 -3
31 10 -10 -128 -12 2 30 33
4 0 7 0 -5 -10 -1 5
28 4 22 30 14 2 8 47
35 -19 -37 -26 -14 18 8 33
-5 -17 -16 -28 -24 -11 -7 -14
-11 -9 -9 -10 -5 -26 -54 -40
11 20 0 -128 -128 -128 -128 10
-1 5 0 1 -1 -12 -128 -11
-4 3 -1 -25 -69 -53 -33 -12
-1 6 20 13 8 -2 0 -7
-12 -31 -22 -1 -7 -21 -17 -6
-15 -13 0 4 19 28 20 -15
-14 -18 -19 0 1 -28 -35 -16
-10 -15 -7 -3 10 23 6 4
1 16 30 17 20 16 4 -9
31 32 30 6 16 10 0 -20
-6 -16 -17 -24 -10 -20 -10 -23
8 -128 -128 -128 -128 -128 20 10
1 51 54 35 0 -128 -128 -128
-2 -18 -19 -15 -9 8 -12 -4
-128 -128 15 15 0 -128 -128 -128
10 -65 -128 -128 -67 24 26 22
33 31 -3 -6 -26 7 11 23
-4 -8 -7 -3 -3 -8 -3 -4
22 1 -11 -6 -8 -2 29 19
-11 -9 4 10 16 -128 12 3
-7 -23 -18 10 19 27 32 9
-2 2 6 2 -26 -17 2 1
-14 -23 -20 -15 7 25 17 9
-21 -13 -6 11 11 -1 7 -9
0 -16 -3 5 8 -17 16 1
-30 -128 -16 -2 16 1 0 -1
@ 1532141541 12
-128 -36 12 48 41 9 40 -51
-1 -16 17 -2 2 -1 -2 -2
17 23 -3 -32 -8 -6 -7 -42
0 -8 -14 -24 -19 10 57 7
59 -128 33 58 99 54 28 14
3 -31 -24 -4 4 5 17 -16
49 22 33 -20 -48 -22 -3 -128
-4 -128 -128 -128 13 26 -10 -18
-54 -14 -8 -6 12 -9 -72 -128
-1 45 26 0 -21 -79 -51 -18
-128 -128 107 -128 89 -128 -128 -128
0 -2 -11 -25 1 -1 3 0
@ 1536689179 60
-20 17 47 71 75 4 -84 -79
33 21 29 21 -128 -128 -128 76
-26 32 49 30 21 36 59 -30
21 29 68 84 58 15 8 -2
65 -128 -128 -15 -14 47 -128 49
-78 -23 17 18 39 38 35 22
0 -28 -17 9 40 49 53 57
-43 -23 -24 25 0 -39 0 -4
-47 -15 11 -13 24 19 12 -26
-128 -128 -128 111 106 39 -128 -128
-10 -40 -7 -128 2 16 13 -17
6 1 -2 4 -45 -30 21 -19
11 43 62 64 -92 -128 32 -10
1 64 61 17 -128 6 21 -16
-128 -128 -128 32 46 -128 -128 -128
60 53 19 -39 10 32 50 63
2 -12 -12 33 75 64 55 67
-44 -36 -55 -35 13 63 15 -31
13 -48 3 18 24 46 40 26
-6 14 30 0 16 8 -128 -7
22 46 -8 -128 -128 -128 16 15
59 -36 -45 -56 -77 -58 -101 22
15 -23 -39 -128 -128 -37 9 32
62 59 44 45 49 57 56 -33
-59 -73 -33 0 21 23 19 16
60 13 -12 -22 -4 -11 -14 72
31 31 92 75 74 69 74 -2
51 84 104 70 32 5 15 6
-40 -54 -72 -61 0 0 -93 -51
6 54 64 52 4 12 15 -8
9 10 13 28 35 54 -58 -101
-47 -8 52 65 66 56 20 -26
118 117 58 -128 -128 -21 -12 -128
-33 -10 -3 -9 -8 -22 -26 -65
-17 3 3 3 16 2 -128 -66
-30 -128 -82 -74 -70 -67 51 45
9 -128 -128 -34 5 -50 -36 -128
-37 7 -1 6 8 5 6 -40
-128 61 71 63 36 52 53 81
-53 16 -128 -53 -35 -31 -51 -53
-128 -128 1 21 36 25 50 -7
-23 -43 -12 5 16 23 -15 46
79 74 -128 -56 -12 -68 -128 -15
10 1 -2 -18 15 17 40 42
34 -128 -128 -37 -59 -128 -63 0
-27 -66 -17 -66 -128 -128 -56 -23
11 52 55 10 12 22 23 -95
56 44 45 -21 45 -128 -128 -128
75 -26 -78 -24 4 -19 -5 3
-33 -33 -48 -42 -33 -29 -30 -128
3 -34 -37 -47 0 10 86 58
-128 20 -56 -35 1 -128 -64 -55
45 27 -128 -128 -128 -32 16 33
-128 -128 -128 -128 -128 -128 78 42
-49 3 65 74 51 34 44 -28
0 -58 -128 -73 0 0 -46 -5
25 -128 23 -76 -128 -128 -95 -35
6 53 37 35 6 -28 -11 -30
16 -28 -21 -14 40 2 -16 5
-70 -128 -128 40 38 61 -28 -128
@ 1543242091 60
-19 -15 -2 -3 1 -1 -8 -35
-3 4 8 4 5 5 -5 -8
7 6 11 -13 -31 -33 -31 -2
16 15 19 12 2 -21 -33 -10
10 9 6 -7 -18 -22 -2 7
9 6 1 -2 -2 -2 3 9
-5 -3 14 10 7 3 -2 -6
-4 13 49 41 11 1 -4 -2
-40 3 27 47 27 -5 -128 -128
27 8 -4 -77 -72 -21 3 16
9 58 82 50 26 -27 -36 4
1 6 12 5 0 -2 -3 -1
4 7 2 -4 -8 -13 -16 -10
-1 1 5 2 3 2 2 -1
29 29 25 -3 -16 -18 -8 6
5 0 35 4 0 -3 0 3
0 0 0 0 0 -6 -3 -2
-35 10 -128 -128 12 -20 -31 -50
11 58 60 80 11 -9 -10 -15
-30 -6 17 23 13 -6 -128 -128
-10 -22 -15 32 45 11 -9 -20
-12 -13 -10 -6 0 -7 -28 -49
3 21 26 14 -16 -128 -87 -30
11 16 16 2 -5 -6 -5 1
4 2 2 0 -2 -4 -4 -5
11 11 4 -35 -47 -128 -128 -19
15 29 22 0 -12 -21 -16 -6
30 -128 -128 44 16 6 -128 0
12 12 8 -4 -15 -19 -9 -1
2 0 9 11 5 0 -35 -25
0 13 13 2 -1 -8 -7 -8
5 11 16 22 24 -5 -2 -2
-10 15 25 8 1 -7 -21 -39
50 -12 -71 -128 -100 -128 -128 -128
-13 -2 13 15 7 0 2 -11
-2 9 10 12 7 -34 -32 -24
-3 6 15 8 3 -3 -6 -6
-9 -3 18 29 38 28 -3 -14
97 94 47 6 -10 -19 -128 -128
87 -128 -128 12 -21 -28 -6 15
7 13 11 0 -9 -12 -7 -5
21 17 7 -48 -89 -86 -5 14
-1 5 39 51 31 6 -10 -7
14 79 54 9 0 -7 -6 -6
-20 1 16 1 -70 -128 -67 -35
17 10 7 3 5 3 10 8
-11 -9 -2 12 10 2 -5 -10
12 13 3 -6 -9 -5 0 4
11 30 55 4 -14 -25 -21 -5
46 -128 -128 49 0 -11 1 10
-128 -22 49 32 22 12 -128 -128
-11 -6 1 4 26 7 3 -16
-4 -1 6 12 15 8 2 -5
3 7 5 0 -2 0 4 3
-93 0 -128 -128 28 -4 -41 -128
-128 -128 13 41 36 15 16 -24
4 7 8 2 -1 -3 -3 0
12 6 8 11 10 9 7 7
7 21 25 20 -6 -17 -16 -9
-19 -11 -2 2 7 3 -2 -9
@ 1544244747 60
-2 1 2 2 1 7 2 -5
-10 1 11 23 27 3 -16 -128
-8 3 8 6 4 -9 -33 -21
4 -4 -9 -10 -6 -13 -4 0
4 -14 -18 -16 -1 3 6 6
-5 -7 0 10 7 1 -2 -4
-7 26 28 -128 -9 -128 -45 -14
-8 -2 6 7 11 7 -2 -12
-2 -2 -3 -3 -1 -1 -1 -3
94 -128 -128 81 55 -12 -14 -12
0 -1 -1 -1 0 0 0 -1
-2 -128 -128 -128 -128 -128 -128 15
-9 -22 -8 -2 3 3 1 -5
-12 -4 3 4 5 -4 -22 -27
-7 4 10 8 4 -12 -27 -25
-5 -6 -1 -1 -1 -1 -3 -2
3 10 0 -3 -4 -2 0 3
-30 -13 1 3 4 1 -8 -41
-4 9 13 -21 -128 -128 -128 -25
6 28 15 0 15 10 -128 3
0 0 1 -1 0 0 0 0
-10 -12 0 5 3 -7 -6 -9
-2 -15 -9 1 1 -4 4 6
-3 -5 19 21 37 19 -2 -3
-16 -16 -14 14 24 23 24 5
-6 0 2 2 2 -3 -9 -26
-3 1 6 16 19 -2 -2 -5
4 2 -1 -1 0 -1 1 3
-23 -21 -2 21 27 24 25 -10
0 0 0 0 0 -1 0 -1
1 -6 -11 -10 0 4 6 5
-7 1 4 2 -1 -26 -128 -30
-23 5 11 9 2 -128 -128 -128
5 4 2 -11 -25 -25 1 2
-26 -25 -6 25 45 31 23 -15
-3 -21 -12 -5 0 3 5 2
1 4 5 3 0 36 -128 36
0 0 0 0 0 -1 -1 0
6 4 0 -21 -28 -28 -9 1
0 -1 5 0 0 0 0 0
-5 -63 -38 -128 4 20 28 10
-1 -1 0 0 0 -1 -1 -1
0 -1 0 0 1 2 2 1
-128 -128 -128 -1 30 30 32 -30
-13 -128 -128 -128 2 7 10 2
-1 -4 1 5 1 1 1 1
-1 -2 -1 -2 6 19 10 0
2 2 -2 -2 0 0 1 1
-5 -7 -3 -2 0 -1 0 -5
-5 -7 -2 0 2 2 1 -1
-56 -48 -11 14 24 19 -128 -21
49 3 3 -20 -111 -109 -19 -128
6 0 -2 -3 4 5 10 10
-1 -3 -2 1 3 1 -1 -1
-7 1 8 14 -128 86 12 -30
-6 -128 -1 -5 -14 -8 0 -2
7 -2 -4 -3 -6 -15 2 5
2 8 8 3 -2 -1 0 0
2 2 12 8 0 -3 -2 -3
-2 -1 20 33 29 0 -1 -2
@ 1545967168 60
3 10 15 11 1 -20 -66 -61
0 -8 -36 -61 -1 1 3 1
85 72 10 0 -3 3 28 96
0 -2 -1 9 6 -7 -8 -5
53 32 8 -4 -28 -4 4 37
-128 -128 -128 -128 0 49 0 -128
31 46 37 -8 -34 -128 -79 -26
93 45 14 -11 -71 -128 -56 69
-15 -19 -27 -38 6 58 51 5
-25 0 38 33 0 -60 -71 -128
27 46 51 30 -15 -35 -26 -14
6 -128 -103 -68 6 4 9 14
58 -55 -128 -37 12 70 -128 73
-6 -48 -48 -69 -72 -19 3 -5
29 -38 -68 -128 -80 0 44 38
20 -128 -76 -62 -27 -12 41 21
-80 -128 9 29 22 9 -26 -128
1 -128 -128 -128 0 -128 -72 -128
2 25 -12 -83 -128 -85 -128 61
41 78 114 -128 58 1 -8 -32
66 -9 -56 -128 -56 -13 19 64
18 22 0 -71 -128 -128 -40 -27
-14 -128 -128 -128 -128 3 9 -128
34 -18 -28 -36 -9 -128 -128 44
33 -128 34 28 -19 -72 -31 -1
-9 25 26 57 83 -128 54 -8
-12 6 4 -6 -8 -22 -128 -128
-52 -42 29 65 45 5 -14 -52
-31 22 30 2 3 1 -6 -31
-69 0 64 -128 0 -128 -128 -128
23 5 28 1 11 -15 -20 -6
-16 -128 -82 -128 11 12 -128 81
64 7 -42 -47 -16 25 62 60
-47 -29 21 12 30 38 21 -16
-14 -38 3 -25 -1 5 4 -11
-22 -31 -10 23 34 29 13 -42
10 63 66 49 65 25 2 -9
-43 10 -128 -128 -128 25 26 -20
-2 30 47 -16 12 -28 -1 -1
-59 -32 11 35 76 48 3 -34
-14 6 8 -128 -128 -128 -128 -128
103 7 -27 -32 -7 38 79 97
67 65 65 39 -28 -50 -21 5
-1 -3 -2 -1 0 -5 -7 -5
-88 -54 -15 7 29 21 13 -11
14 -18 -71 -78 -32 5 41 44
78 -30 31 62 80 61 -29 -3
-46 17 27 -128 27 -2 -1 -128
-58 -54 -24 8 8 6 -12 -38
-24 -40 -57 -69 21 53 30 8
7 52 64 24 -21 -21 -10 -3
15 -128 69 -128 0 -128 -50 0
3 -11 -1 14 12 3 -4 -3
-10 0 -1 -49 -128 -128 -128 -128
73 22 -23 -73 -128 -60 37 69
56 49 21 7 6 0 22 41
54 -128 -128 -128 -128 -128 -128 -128
-62 -128 -33 -128 45 -128 68 -53
41 18 -53 -58 -42 48 79 75
12 9 21 9 7 44 44 29
@ 1547614073 56
-128 -128 62 -128 -128 -128 -37 -128
5 31 57 -31 -2 -3 -2 -2
2 -3 0 10 9 5 8 4
16 2 0 0 0 0 1 6
-89 -37 -3 -4 74 84 -128 -84
-128 -128 -128 -2 2 3 3 1
-3 10 -5 3 9 -128 27 -6
11 53 1 2 15 -128 -128 11
-128 -128 -128 0 2 3 2 -128
0 0 -16 -128 -128 -128 -128 -128
59 7 -8 -128 -66 -6 -1 19
-33 -128 -3 -3 -2 27 73 6
1 -3 -6 2 24 28 29 -1
5 -20 -16 -17 7 7 -128 -12
-128 -128 -128 -128 -11 -128 39 4
0 -128 -128 -128 -128 1 6 -128
4 11 0 25 44 -128 19 49
-8 -12 9 6 -128 -23 -24 -128
14 4 7 -13 -114 -128 -114 -21
42 1 7 2 -14 -128 -128 -128
-128 -128 118 -8 -3 -1 1 95
47 35 -128 -128 -32 -128 -128 -128
-1 -8 -14 -128 -4 -1 0 -1
-25 -29 -23 -17 -41 -21 -12 17
-2 0 3 -128 -128 72 45 37
2 -16 14 -16 28 12 5 8
-21 14 42 39 6 16 -22 -29
-128 1 5 -128 -128 -128 14 6
-6 1 21 58 63 60 -128 64
-9 -3 21 -128 35 -4 2 -30
32 6 26 12 8 5 21 -128
1 -3 -2 -21 -128 -18 0 -1
27 14 18 -128 -128 23 -1 -128
-3 -2 -13 -37 1 56 -10 -1
3 -10 -5 1 8 -17 -9 -2
19 20 -128 -1 -1 -5 4 -128
14 -5 -13 -128 -128 -17 15 13
-5 -12 -1 0 0 -1 1 -1
-51 6 48 74 54 2 -51 -75
13 -8 -10 -128 -128 -128 3 13
86 1 7 6 8 29 -128 81
-7 -128 -128 -128 -128 8 -9 -10
-5 2 12 22 11 8 -2 -11
-128 4 15 8 15 5 1 -128
60 -2 1 5 1 6 0 -6
-4 -1 1 61 0 2 -5 -128
1 7 38 22 36 -2 -12 -16
12 -128 -128 -128 -128 -128 -128 -128
-128 -128 7 -5 12 10 10 -128
33 -4 -3 7 22 -128 -128 -128
-128 -128 17 0 0 8 6 3
1 1 1 2 2 6 1 -1
-11 -2 0 111 117 12 8 -128
76 12 -31 -23 9 96 -128 78
3 2 0 0 0 -3 4 -12
-128 5 16 4 15 0 -128 -128
@ 1551180239 60
-51 -105 -28 -30 -23 41 -128 34
4 0 16 3 5 4 15 40
6 28 -9 -28 8 66 -7 -14
1 2 9 1 8 52 -6 3
18 13 -28 -33 11 39 41 21
-128 -128 -11 45 16 49 -55 -31
20 -16 31 74 79 38 33 -128
-128 81 64 -128 -46 35 48 -128
30 43 0 0 15 0 -59 0
-26 20 83 -128 -128 -8 -9 -8
-128 -5 -128 -128 -128 -128 -128 -128
-62 -42 -15 0 9 5 3 -32
-11 -39 -21 -22 -79 -46 1 -39
-57 -60 25 -2 17 4 4 -128
-18 28 30 46 20 -24 -44 -27
46 36 -12 -49 -34 -4 20 48
-39 34 14 51 5 53 40 -128
63 55 27 -24 -68 -18 27 49
7 0 0 3 3 0 0 3
-27 4 2 -4 -2 0 -35 -47
11 -20 -38 -16 20 30 19 2
-2 -1 22 12 7 1 8 -1
-128 -128 -50 -58 -36 -40 -18 -128
-43 -51 -14 -15 -35 -128 -62 -7
-41 0 -13 -45 0 11 0 -50
-11 -50 -18 -18 7 7 20 2
0 -128 23 -128 77 -128 43 0
34 9 15 -7 -11 -3 5 37
-35 -8 40 54 47 40 -5 -38
8 7 26 21 -14 -128 -128 -3
-10 34 57 40 -1 -37 -54 -36
8 -13 37 -2 -20 -64 -34 -4
-10 27 38 26 7 -11 -18 -33
52 10 -35 -55 -13 9 19 41
7 3 1 -1 9 0 8 1
46 23 -29 -25 -128 64 21 -11
4 25 4 -128 -128 -36 -128 -96
-128 86 92 54 44 -6 -38 54
-39 -67 -67 -6 39 95 101 96
25 2 7 -3 1 -4 -1 -2
-11 -128 -128 -128 -24 -128 -128 11
-71 -5 47 59 28 7 -26 -69
57 -19 2 -8 4 -21 57 -128
2 -20 -11 -1 38 -3 -4 -10
-6 4 41 76 42 -128 -128 -46
7 -18 -7 21 4 7 77 4
11 5 3 2 -11 38 -4 6
43 36 36 65 46 48 27 26
-128 -128 -42 -5 -32 -128 -128 -11
6 5 3 1 -3 -1 0 4
-5 -8 0 0 37 24 28 53
32 -3 67 27 32 74 -44 57
71 74 33 -5 -44 -108 -62 34
-1 32 64 81 54 14 -22 -26
-9 -10 -13 -11 27 32 14 -24
-128 -128 -8 19 17 55 50 -128
34 -128 87 79 54 29 -74 18
-92 -51 0 -45 -11 0 -128 -128
-128 -49 8 -48 -25 -31 -128 -128
18 58 63 -29 7 77 -128 -128
@ 1552385745 60
41 20 22 26 25 37 -8 13
26 5 -15 -17 0 -7 -5 15
-6 11 26 13 11 -7 -6 -16
-128 -71 -16 -74 -128 -128 27 23
-19 -15 -86 -128 -128 -74 -3 -24
-6 23 29 28 56 25 -4 -50
30 43 41 0 -30 -20 -4 22
21 64 16 -31 -24 22 17 36
106 100 -128 40 55 67 -128 61
18 -128 22 -128 -128 -128 10 -128
-128 -128 -128 6 -128 -128 -128 -128
58 17 12 -14 72 58 49 41
-27 -128 20 0 53 29 -9 -35
-128 -128 -128 -128 -4 -64 62 -128
25 -17 -21 -4 27 33 36 27
15 35 42 8 -9 -7 15 -8
5 7 12 -10 -19 -3 -16 -36
-9 -25 44 -47 -73 -86 -22 -16
-44 20 67 16 -27 -61 -35 -29
15 -48 -19 -2 5 4 14 23
64 58 6 24 -16 -19 -19 35
-16 -51 64 -43 -67 -128 -43 -8
-46 -30 -8 15 7 18 33 -26
-25 -44 0 23 32 52 55 -1
38 2 -1 6 17 3 5 -128
21 8 -6 -128 -128 -10 -1 15
-128 -128 -128 -6 -15 -128 -128 -128
26 -20 -14 -14 -16 -34 -44 7
-53 -35 -23 -11 -9 -34 -30 -49
-3 -24 14 42 46 41 17 16
-42 -24 -7 11 55 11 -35 -58
37 37 18 23 37 37 2 6
37 31 -1 57 78 62 26 -9
-39 -51 -23 -16 18 1 0 -24
3 -26 -4 14 15 26 52 -7
66 -128 66 7 17 28 38 62
35 35 42 72 99 66 12 7
16 14 19 -128 -128 -128 18 -6
37 4 -2 35 49 40 17 7
-77 -85 -23 5 -13 -29 -29 -34
-39 32 37 9 -3 -60 -89 -128
8 -5 -11 -30 -6 16 28 13
-15 -34 -14 9 24 1 -24 -10
-3 0 13 16 12 7 14 6
-69 -128 -128 -16 -14 -12 4 -54
8 -36 -128 -128 -128 24 48 37
-79 -9 -3 0 5 22 23 -2
104 102 26 21 41 3 -9 -13
21 -65 -77 -74 -48 -112 -53 -17
28 6 11 -7 5 9 20 26
-64 -3 25 47 64 86 52 -26
-15 -55 -65 -72 -42 -49 -128 -14
4 1 9 17 34 59 49 11
39 8 -10 -4 23 -1 2 9
8 -16 -4 66 13 13 14 0
-38 -128 24 -28 -82 -128 -43 -15
-2 13 13 12 0 -34 -37 -46
-19 3 8 38 7 -33 -21 -17
-1 -5 -20 -7 12 14 18 40
-18 31 31 -11 -15 -12 -58 -54
@ 1553975919 60
6 -3 -3 -2 -2 -4 -2 -6
-6 2 -1 -15 5 8 8 -8
-14 -19 -5 21 42 66 43 0
-22 -16 -1 1 7 8 9 -4
-50 7 31 46 60 7 -21 -80
1 8 10 8 18 -3 6 0
-8 -5 8 43 40 11 -4 -11
-3 16 25 71 38 24 7 0
16 -29 -29 -50 -32 11 17 24
10 9 6 -3 -34 -128 -95 16
-69 -53 4 23 35 49 2 -50
-128 -128 -6 29 69 36 1 -128
10 37 49 60 61 -128 -128 53
2 4 6 6 2 -4 -2 1
52 15 2 -7 -8 -7 15 49
1 65 51 19 -27 16 9 -13
-5 -6 -5 -5 7 14 16 -1
-4 -128 28 38 17 -8 10 8
-60 -49 -51 5 54 51 -49 -128
32 30 35 41 43 15 -15 11
-19 -21 -12 -16 -27 -19 12 5
-12 -42 -43 -26 25 74 72 30
1 18 26 23 13 -24 -128 -89
21 -10 -10 -27 -8 2 5 20
5 4 5 -10 -64 -11 6 4
-2 0 -1 -10 -2 -51 -42 -23
1 4 14 4 -1 -1 0 -1
49 -128 -45 -34 -22 -27 4 29
6 -60 -12 -6 14 -7 -9 4
-72 -35 -85 -67 3 15 34 -56
11 10 10 6 -2 0 6 3
31 27 14 4 -14 -65 -40 -11
75 19 7 76 88 88 72 74
-11 -17 -18 -29 -11 -35 -35 4
18 -21 -31 -23 14 41 43 19
-5 -14 -8 3 8 2 2 -6
82 82 -69 -128 -69 -18 9 21
6 11 54 26 0 -29 -16 -1
0 -128 1 12 -8 -63 0 -1
-14 -25 -11 11 30 31 5 -29
27 16 6 -1 -5 -11 -9 7
-9 3 3 12 42 17 -17 -13
21 42 16 -12 21 65 75 61
3 -3 1 2 6 2 -4 -1
8 24 26 13 3 0 -4 -2
6 21 47 -13 -65 -38 -40 -54
-128 -128 4 -7 -9 -10 11 24
2 6 -3 2 21 1 -6 -6
-3 -6 0 -1 13 11 31 19
20 8 3 2 0 -2 -3 4
1 -3 -2 -10 -6 -3 -1 -3
56 -4 -16 15 31 46 21 53
13 9 12 -6 -128 1 16 9
17 21 5 -3 -1 -4 12 11
5 5 1 -4 1 -1 1 0
10 -39 -30 10 2 4 62 55
-9 -17 -13 -6 13 7 2 -2
10 54 -128 -128 26 -21 -16 -16
-128 -128 -128 13 14 16 17 -11
-5 -4 7 4 0 -10 -16 -12
@ 1555164497 60
-2 -1 1 0 1 0 -1 -4
1 4 3 1 1 1 2 1
15 12 12 3 -15 -128 -128 10
-1 -2 -1 2 4 1 0 -1
1 1 0 -2 1 0 2 1
0 -1 -2 -2 0 0 3 1
-51 10 9 -55 -35 -128 11 -25
3 -8 -5 -7 -1 15 51 18
-36 -40 -30 5 64 55 17 -32
-4 -5 -4 -5 -5 -1 -1 -2
-2 1 4 2 1 1 2 1
16 11 1 -6 -6 -4 3 13
8 11 13 3 -12 -128 -80 -19
12 11 -15 -68 -15 9 13 10
-32 15 53 64 36 15 13 -43
-2 3 33 15 2 -2 -1 -2
-3 -7 -6 -6 11 54 43 15
-13 -8 1 44 55 42 3 -11
3 3 2 2 2 -1 0 0
5 9 -37 -44 -31 4 6 8
80 -5 -17 -19 -10 1 48 75
18 -128 40 10 -2 -6 -1 -11
0 -1 -1 1 2 0 1 0
23 -5 -7 -8 -28 -6 16 25
13 2 0 4 35 1 -22 -11
5 0 3 47 108 48 31 6
-3 -2 3 9 5 2 0 -1
0 -3 -3 1 -3 -12 -5 1
-48 -128 -128 -29 17 2 -4 -18
44 36 3 -24 -102 -128 -128 -21
-1 -27 -5 -1 3 2 2 -2
-46 -51 -54 4 -1 5 2 -65
9 -35 -3 -10 -6 -6 -1 -8
41 40 33 -5 -6 -8 -11 -2
3 2 -96 -49 46 37 2 -23
-4 -6 -1 -7 0 -4 -7 -8
12 0 22 8 -128 -128 -128 -128
-128 -11 19 22 25 19 -7 -109
2 1 1 -1 -1 -1 1 2
6 4 -1 -6 -6 -6 7 0
12 30 67 -128 104 78 62 66
-2 -4 -2 -1 3 4 4 0
3 2 2 1 -1 -2 -1 2
6 17 15 6 8 23 -12 -29
-5 -7 -4 0 -4 -8 -5 -1
-128 -28 -4 -2 2 8 -8 -84
7 1 2 1 0 -1 -1 2
77 81 107 101 108 -128 -128 21
16 2 0 0 6 5 3 10
1 54 -3 -67 -35 74 101 43
-128 -128 -128 -128 -12 -40 -55 63
-66 -128 -29 -10 1 2 10 -8
21 22 47 35 9 -10 -34 -41
4 -4 -1 0 5 5 8 1
101 96 -128 -31 -35 -7 28 -128
1 -3 1 9 4 0 0 -3
11 30 12 -66 -62 -58 0 -1
5 9 7 -3 -1 0 2 1
-5 -1 10 17 46 3 -14 -9
-1 10 16 21 9 -4 -6 -8
@ 1568251480 60
10 -21 27 -128 27 28 45 37
33 7 1 -7 -5 0 26 40
34 6 20 38 38 -10 12 -21
-8 7 7 24 39 55 58 -10
9 -128 -54 5 14 27 32 23
2 6 7 13 10 22 -2 -8
-13 -128 41 40 32 -14 -14 -17
11 6 10 -4 2 24 19 15
28 25 13 -2 1 3 -2 2
-19 -32 -19 -60 -67 0 14 -1
89 -7 40 65 1 60 80 84
35 35 8 -7 -53 -98 -55 36
9 7 13 17 3 -8 7 1
24 -5 -2 23 46 16 16 13
16 16 21 5 -5 -7 25 23
51 31 20 -8 -48 -83 -58 38
8 3 -4 -59 -128 -10 1 7
-3 7 12 -2 1 -28 -37 -28
-15 3 8 14 13 -39 -128 -43
-1 28 3 19 -128 59 -3 -2
-3 80 -128 -128 16 57 94 97
-32 -12 48 72 -128 -63 -25 -25
0 -7 -1 -7 -10 -1 -6 0
-1 23 25 3 -128 -128 -128 16
-11 -10 6 -23 -31 -34 -9 -7
13 17 16 0 13 0 0 -8
53 85 -128 -128 -128 -49 -27 0
-22 -7 2 15 39 64 1 -54
8 6 4 -5 -4 4 15 14
4 -1 1 -5 -5 -3 7 4
-17 -64 -24 -1 6 -15 2 9
1 75 6 5 19 33 35 -1
19 54 67 -128 85 -42 42 81
30 50 41 10 -9 -1 18 53
-10 -128 -55 -128 -10 -48 -36 -30
31 28 57 62 36 5 10 16
-82 -58 -53 -128 38 28 -128 -17
17 3 17 2 -2 -17 -3 10
-4 104 110 -128 114 1 18 42
-128 -128 -128 3 7 3 -7 -128
14 -10 -12 -51 7 8 11 11
-12 3 3 -14 -11 -13 17 -128
-128 87 -5 -17 -41 -128 16 -128
60 -128 -128 -128 -128 -27 -28 19
25 0 38 9 18 0 -83 0
-14 -128 -48 -128 -128 -128 -32 0
9 -10 -7 -24 -17 -13 7 9
13 -7 20 13 20 15 14 11
17 -128 1 46 33 56 -128 30
-7 63 57 17 18 -128 -128 -128
-128 -128 -31 12 22 5 -14 -128
-42 -49 20 48 34 -59 -128 -128
-16 -34 -30 -36 16 18 28 27
-13 -22 -8 -12 -12 -18 8 1
17 12 8 -128 -128 -9 18 18
-53 -8 22 46 45 -34 -45 -68
-4 -11 -9 -3 2 -13 -4 0
60 23 28 28 50 35 58 32
-3 -6 10 -5 -66 -128 -128 -29
-26 -128 -59 -16 4 43 48 39
@ 1581621014 59
38 38 20 -8 -33 -45 -22 11
21 41 49 24 0 -11 -17 5
12 2 4 5 0 -1 1 21
16 5 0 -14 -15 0 40 68
17 3 -24 -50 -61 -27 10 10
-128 -128 -128 -128 -128 9 7 8
-1 -8 0 23 -1 2 10 15
3 20 34 18 3 0 -59 -75
20 -5 -14 -25 -16 -5 16 26
15 -4 2 -4 -8 -61 -75 -52
-32 -30 8 24 28 2 2 -20
-32 -17 13 11 18 -24 -47 -70
6 11 -2 0 2 -18 -10 -5
-26 -38 -25 -10 15 21 15 -17
-50 -50 -13 37 49 31 -8 -59
-11 -21 -9 -4 19 19 13 9
-4 -2 10 2 -8 -21 -35 -21
49 30 -37 -35 -24 0 22 53
53 48 24 6 -7 -16 19 39
36 24 24 -19 -42 -28 12 22
26 17 5 -15 -31 -33 -18 7
15 21 21 2 11 -7 -7 -1
-2 10 16 12 26 21 10 -2
-32 -19 8 29 34 18 -53 -62
31 11 12 2 0 -7 4 22
21 15 4 -21 -31 -40 -17 0
32 26 2 -24 -23 -16 -29 -8
15 15 7 -8 -12 -8 -2 -2
5 -12 -20 -30 -11 6 27 12
-15 -42 -42 -5 23 28 18 -1
5 -16 -11 -25 -46 -66 -15 2
-14 -6 -7 3 9 -3 -6 -28
7 -4 -10 -50 -7 -45 -35 -23
9 -13 -21 -24 3 9 20 12
10 7 7 7 1 -5 7 9
4 -1 -12 -10 -13 4 13 1
1 -4 -2 9 11 14 21 24
27 61 63 39 11 0 22 17
30 0 -35 -69 -42 -20 37 37
19 5 -4 -7 -10 -12 12 22
71 84 50 32 -29 -50 -34 34
2 1 40 17 10 6 -3 4
28 21 7 -64 -102 -54 7 24
94 -5 -13 -10 63 74 -128 -128
4 6 19 -2 4 -8 4 -4
-2 25 51 43 17 9 -17 -22
17 -1 -14 -26 -35 -27 9 19
-16 -29 -18 -6 15 5 28 10
-34 -17 13 39 52 35 11 -19
-1 1 18 11 9 -3 -3 -8
11 3 15 24 16 8 9 7
-9 -8 16 24 17 -24 -26 -26
14 51 49 62 21 -9 1 -1
-11 -14 8 38 51 39 17 -5
-26 -22 20 43 45 4 -10 -16
4 34 -6 -50 -106 -53 -34 -44
-27 -15 9 14 22 9 -34 -55
11 -1 -6 -13 -1 -15 -15 12
15 -19 -50 -51 -9 7 16 28
@ 1588830199 44
-128 -128 0 9 12 12 -128 -128
0 1 -2 92 -128 -128 11 2
-4 -13 -9 2 86 84 77 -10
-55 -9 -3 6 20 -17 0 -128
5 1 -2 -14 -128 -6 -3 2
17 -14 -1 0 -1 -8 -9 -11
-6 3 3 3 1 -7 -11 -9
27 -128 -128 -128 27 -8 -6 3
-3 -7 -2 -30 -128 14 17 15
23 -2 -128 -128 -128 8 -128 -128
29 6 5 5 0 -128 -128 23
-30 -27 -28 78 94 85 62 -2
33 -128 -128 -128 3 42 -128 71
-20 -18 -13 -22 -56 -128 -128 -128
-128 -128 -128 -128 -5 -43 -26 5
-128 61 0 -12 -8 18 -128 -128
0 -3 2 13 -128 23 24 0
-27 -25 -10 72 -128 -128 -128 5
-32 -4 -9 9 -6 -128 -128 -128
-20 -14 -19 -13 37 45 -8 -77
4 1 2 -1 3 -1 -128 4
-128 -128 38 9 -2 -4 -15 -128
4 40 45 39 -4 -3 -7 2
22 15 3 -128 38 -10 7 13
46 31 10 7 10 25 46 -128
-128 27 -26 -3 -2 0 1 25
28 38 1 -12 -6 -15 4 -5
-38 -20 -31 65 45 -13 -7 -34
3 19 8 0 51 84 40 -2
6 15 9 -9 -5 -128 -128 -25
64 -128 63 40 -20 -6 15 0
2 2 3 3 4 5 3 -2
33 -128 -3 -2 0 -3 2 -1
38 -1 26 -17 -81 -58 14 13
27 -128 -128 17 -3 -2 -4 -12
16 19 18 -128 -128 -11 19 8
69 57 40 -23 -17 -11 -8 8
-13 54 57 75 -128 11 -37 -54
6 -128 -128 -128 -128 2 2 7
42 -128 -128 0 -15 -12 -19 0
0 -48 -128 35 72 84 89 -128
-1 -8 -128 -128 -39 -3 -7 -6
-5 -128 -5 -2 1 1 0 0
55 -128 66 26 2 8 1 5
@ 1589624536 60
25 78 71 43 13 -25 -10 -10
58 54 58 29 18 -3 35 44
15 -4 13 22 21 -1 -8 5
13 7 1 9 31 40 42 15
16 16 20 3 -8 -20 -7 9
-37 -50 -31 44 7 -45 -47 -24
19 8 15 3 2 35 28 7
15 19 33 -18 -23 -7 -18 5
-18 -43 -53 -39 6 28 27 5
-18 -23 -10 40 58 44 7 -11
8 -16 -17 -128 -128 38 53 -128
41 0 2 -128 -128 -128 52 -128
-46 -24 2 58 109 51 55 -28
-7 7 19 8 0 -7 -11 -14
-27 -128 -128 -47 -1 -44 -30 -44
-27 -37 -29 -11 15 7 25 2
32 -16 -16 -1 3 3 49 45
17 3 -15 -13 -15 -57 -68 -53
0 21 46 40 0 -52 -55 -63
4 62 55 41 0 -45 -49 0
-42 -44 -21 -13 15 15 4 -33
-59 8 30 48 29 0 -42 -75
-30 -44 -34 -8 12 21 16 -14
-9 -16 -7 6 9 -1 13 16
-7 -14 -18 3 30 25 6 -3
-4 0 15 21 36 32 68 -13
-19 12 -15 -41 -4 -16 -68 -128
-3 47 62 46 -54 -58 -25 -25
18 7 -5 -70 -128 -75 17 39
-28 -2 13 19 18 14 -1 -30
-5 26 37 14 -8 -27 -37 -33
-18 -16 -14 -1 6 1 -11 -17
16 -45 -52 5 15 8 6 -1
-18 16 41 45 46 10 -128 -65
27 11 -5 -24 -128 -128 -1 30
4 7 18 -13 -36 -128 -21 -1
8 32 44 11 -4 -27 -27 -23
20 44 50 43 21 -32 -61 -12
50 -128 59 33 13 13 4 25
-4 -35 -38 -46 0 55 57 25
16 14 5 -22 -42 -24 10 14
-26 -76 -40 -25 42 32 3 7
-34 -34 4 -2 -2 61 43 -1
-32 -57 -38 8 65 85 67 2
-16 -19 -2 16 24 16 4 -14
2 49 6 -14 -15 -32 -31 -41
-24 -21 -1 4 9 8 9 -20
-35 -19 21 36 31 10 -15 -30
-7 -5 7 3 -12 -55 -36 -44
-31 -34 17 33 37 24 22 -11
8 15 21 12 5 -10 -14 -9
18 -7 -2 -9 27 -128 -128 31
-3 17 17 -34 -63 -91 -12 -7
14 33 31 8 18 52 35 -4
-30 -28 -6 8 27 15 16 -18
-10 -28 -34 -29 27 37 35 13
2 6 18 30 35 -1 -2 -1
-14 -12 -1 72 -128 -128 48 -4
14 -14 -16 -13 -5 -10 -1 17
73 82 55 -15 -8 -11 8 8
@ 1614600945 19
31 5 21 -128 -9 -128 8 -128
3 18 24 1 -5 1 -15 -11
1 64 -128 -128 -25 -21 0 -128
-9 -16 2 2 3 -16 -17 -128
53 21 -128 -128 -128 -128 -128 -128
-16 -128 -5 -22 -5 -128 -128 -128
-13 -128 -128 -128 -47 -29 -10 -26
7 23 15 -6 22 0 -7 -128
-128 -128 16 26 0 -128 -128 53
106 -128 -128 69 3 -128 -2 4
-30 -96 -101 7 38 6 9 5
-128 5 -22 6 -128 -128 25 -29
37 64 59 -19 -22 -5 14 7
0 -37 -59 -87 -5 46 49 16
-31 -57 -4 35 26 -6 9 8
-128 -128 64 -5 15 -128 15 10
-15 41 43 65 -128 -22 9 92
72 -128 -128 -128 47 35 33 53
61 20 22 18 1 15 7 58
@ 1629179916 20
16 14 8 -9 -36 -44 -33 4
5 1 3 -1 -4 -19 -6 5
28 44 35 10 -128 -128 -128 11
22 37 48 36 2 -21 -15 3
29 9 -11 -33 -16 -24 2 28
-19 -15 10 17 14 15 0 -26
9 24 17 4 0 -128 -128 -128
25 10 3 -1 6 3 11 15
26 -25 -39 -29 -5 15 33 24
1 2 7 2 2 2 3 3
-6 -5 6 2 2 0 0 0
-128 -128 -18 -2 20 51 55 7
0 11 4 7 0 -128 -128 -128
-5 -128 -21 -17 14 2 -1 -2
-1 -8 -5 1 2 -3 1 -1
-3 1 -1 -9 -7 -58 -128 -128
-20 -19 -5 -7 -8 -6 -6 -13
7 18 21 20 -2 -14 -22 -20
-128 -128 -128 26 35 40 20 0
-8 2 32 34 -12 -128 -128 -22
@ 1629338272 60
-17 -14 -22 -27 -11 -29 -6 -33
100 87 49 55 52 10 26 73
-38 0 0 0 40 0 -7 -128
13 8 34 20 -20 -44 -37 -10
-109 -128 -82 -66 -45 0 27 -31
10 7 30 43 13 -28 9 9
-12 15 48 -16 26 25 26 -41
36 -32 -50 -69 14 -21 22 55
69 37 55 -34 -40 -5 71 -128
35 69 109 61 -10 -23 -33 -26
-28 -8 10 10 30 37 20 -18
72 -128 72 -128 0 -65 1 28
-128 -128 -75 -26 -5 -50 -98 -73
30 42 0 -88 -128 -55 -58 19
-31 -40 -32 12 34 56 42 15
66 29 47 10 8 42 -128 63
-17 -15 15 17 33 35 24 -2
-83 -48 2 21 -13 -2 -33 -58
-2 0 41 -53 -15 -128 -80 -28
-42 -49 -63 -128 -128 -128 -11 -128
42 -16 -25 -63 21 33 44 52
51 66 61 46 12 -12 -11 25
-34 -36 1 35 57 61 56 24
35 25 35 -5 -8 -128 -128 42
-128 -128 -59 -49 19 16 5 -21
-15 -14 -15 -26 -128 -29 -15 -7
-44 -45 36 83 42 -15 -48 -128
2 15 57 -45 -84 -45 -47 -33
57 33 24 44 17 -15 -54 -7
14 -128 74 55 -20 -41 -16 -29
-128 -128 -128 -128 -128 -128 -128 -128
25 -16 14 -22 -66 -14 52 17
-10 -128 36 58 -128 -128 -128 -128
52 55 57 2 48 84 86 56
40 41 11 2 -9 1 48 40
-17 -128 -128 -128 -128 -47 -81 -77
-31 -29 -128 -128 41 45 -128 -128
-68 -128 -14 15 45 44 47 -32
-128 -128 2 -24 -76 -128 -20 -128
24 13 20 -42 -21 -18 -39 -66
-27 38 54 54 -91 -128 -128 -97
49 -128 -128 -128 49 95 -128 -128
-82 -77 -26 -69 36 55 -128 -128
-118 -128 -38 4 8 11 36 -30
-24 0 13 -23 -87 -53 47 -37
64 27 -1 -66 -128 -128 -128 51
25 54 34 -52 -128 -78 -56 -6
-52 45 7 -76 -42 60 54 -49
-21 -5 35 61 53 -68 -70 -47
83 -31 -40 -1 7 -61 57 67
-37 -43 -24 0 35 54 53 -20
4 63 68 86 73 54 -50 -58
-33 -27 46 69 83 60 32 -12
-14 -43 -42 9 51 54 63 51
38 61 72 -128 75 -10 -6 -36
25 56 28 -128 -51 -128 -112 -34
-32 -20 -61 -128 -80 -34 3 -48
32 -11 -44 -30 25 -128 -128 82
-128 -128 -128 -128 21 20 -128 -128
-88 -128 -55 -27 -1 54 58 -10
@ 1629550563 60
3 2 3 2 2 4 2 0
-128 -128 31 -10 -6 -9 4 -128
17 37 21 -11 -11 -19 -41 -44
28 25 -1 -1 -3 -90 -128 -86
0 -27 -34 -128 -10 -128 0 29
-54 13 37 67 51 18 -14 -68
-38 -73 -57 3 66 82 87 3
-5 -28 -28 -12 11 20 33 13
76 42 0 -63 -56 0 51 -128
-9 -2 -1 -1 0 -3 25 25
0 -1 -1 -2 0 -1 -3 -2
-1 -128 -5 3 4 4 3 1
0 -30 -47 -15 26 51 60 43
15 14 10 4 -128 -128 -128 -128
-7 -7 0 2 2 1 1 -5
50 20 -59 -70 -57 -28 0 51
9 16 11 -30 -23 -34 -12 -26
18 55 46 6 -31 -34 -19 8
-47 -51 -128 -27 77 78 83 7
-5 -19 -7 -8 -3 2 2 -3
51 27 -15 -26 -29 -128 -45 19
11 6 -16 -30 -19 -19 -4 5
78 43 6 -36 -32 19 72 102
-128 -128 3 2 6 2 -128 -128
46 7 -3 -3 -6 -27 -27 -128
30 7 13 3 -9 -11 -2 7
-54 -64 -6 23 64 52 7 -43
-54 58 0 -128 -128 -128 -43 -91
46 34 7 -24 -32 -24 26 36
-1 -1 -1 61 56 0 -1 -1
32 17 -6 -20 -17 -8 17 30
-6 -128 -31 -7 31 -128 -128 13
-44 -67 -72 -9 38 -20 -16 -23
-1 -2 -2 -1 1 0 0 -1
28 42 24 0 -9 -10 -2 11
48 33 -128 -128 -87 -40 -21 7
1 -3 -1 -34 -128 -128 -128 4
-4 -38 -3 -21 -1 15 -27 -22
-2 -5 0 -2 2 1 2 1
-20 -17 -17 -3 -12 -22 -12 -4
0 42 -128 76 31 0 -60 -67
-74 -128 1 2 3 5 6 0
-2 -1 -1 12 9 1 0 -2
-33 -128 -128 -128 -128 -128 -90 -39
25 10 -44 -128 -128 -24 10 20
-57 -128 -83 -39 -29 -21 51 1
-80 -3 39 81 76 42 -1 -77
1 3 6 2 -4 -7 -9 -9
0 0 0 0 -2 -15 -9 0
-2 44 102 34 36 -3 -1 -4
2 1 2 -5 -128 -128 -3 2
3 3 4 4 13 -2 2 2
42 64 28 7 7 -16 -57 -41
3 -56 -65 -15 -2 55 78 55
-10 -2 30 4 9 -6 -6 -7
6 4 10 -33 -19 -2 -13 5
2 2 -1 1 1 -7 -11 1
3 8 10 5 -3 -29 -7 -1
44 10 -39 -54 -34 12 51 63
58 81 60 -4 -12 -22 -14 40
@ 1631844463 60
1 32 50 33 -6 1 2 3
-66 -128 -128 -128 -53 -128 -52 -128
-128 -128 27 -10 -21 -39 8 -128
-1 4 8 44 12 1 -1 -2
64 34 0 -24 -34 0 75 71
0 1 1 -2 0 1 1 1
-8 -128 -5 -4 16 -128 -128 -83
4 0 1 1 9 9 5 2
-2 -6 -128 -128 -128 0 0 -1
-11 -30 -71 -90 -128 -128 -33 -38
47 76 47 -64 -55 -41 -25 -45
19 37 86 57 51 -128 47 32
-128 108 115 77 44 -70 -67 -128
-93 -128 -52 -41 -5 41 15 7
-3 -4 -2 10 3 0 1 -1
2 -2 -2 -1 -2 -2 4 2
42 -3 -2 -4 -2 16 42 -128
22 16 -8 -128 -128 -8 21 21
2 -1 0 -1 1 1 1 3
65 62 -128 -128 1 -91 -128 -38
-128 18 -7 -8 -5 0 16 -128
52 -26 9 40 -63 -74 40 63
-12 -9 3 4 5 2 1 -4
-7 -13 0 22 26 21 1 -1
40 -10 -13 -46 -14 -128 -128 -8
0 -1 0 0 2 1 2 1
29 7 -18 7 52 81 66 42
30 13 20 12 4 -53 -90 -38
11 2 -28 -128 -128 -94 -11 10
-18 -18 -6 25 -128 19 20 -11
21 0 0 0 0 0 20 34
-19 8 9 -2 -128 3 4 6
39 53 -128 4 -30 -15 0 34
17 -4 -36 -57 -19 4 26 47
54 81 15 -128 -128 84 -128 -128
14 -12 -24 -128 -128 -128 14 -4
13 15 11 0 -49 -128 -128 -28
-39 -55 -52 5 -39 -128 -47 -26
-128 -128 11 -9 -8 -7 7 49
-5 -7 -5 -1 5 15 18 4
-7 -2 -2 -30 -35 -25 53 74
-128 -128 -128 15 13 17 -128 13
1 0 0 0 0 0 0 0
0 0 0 -1 1 3 10 2
1 0 -1 -1 -1 1 2 2
74 0 -6 -7 -21 -45 12 7
-3 -128 -29 -6 -4 -7 -19 -22
-1 -128 -1 0 1 0 0 -1
-3 23 33 9 9 11 7 -20
-7 -4 1 27 -128 -128 -128 -20
-7 5 4 48 77 57 -17 -18
8 5 6 -2 -19 -128 -128 0
15 43 45 67 58 25 -20 -4
-4 -5 -3 18 72 39 22 -2
0 -1 1 1 -6 -4 -1 -1
5 7 8 7 -8 -128 -2 1
-128 -128 -128 24 -60 -7 -128 54
-34 -24 -7 3 91 -128 81 -2
21 -128 -128 21 -8 -11 -8 -10
-3 21 30 -7 30 26 25 -5
@ 1646037464 60
-15 6 2 6 15 18 -4 -11
78 27 91 25 -10 -20 -19 22
3 0 3 5 10 1 -128 9
76 6 10 9 0 21 29 58
22 20 -15 -1 34 32 9 45
-19 -65 -15 1 -11 -17 56 56
24 -4 -46 -35 1 36 33 26
15 71 93 93 9 39 28 -23
54 54 55 -38 -72 -128 -128 18
34 8 15 -17 -18 -16 -7 9
-8 -14 21 46 37 27 54 13
-20 -74 -102 -128 -26 -128 -128 -128
-11 -1 24 -128 -128 -128 -6 -7
-59 -1 12 27 18 -4 -34 -128
-30 43 60 82 75 52 18 -58
65 52 -4 -42 -48 -12 20 38
79 73 -128 -77 116 68 10 -54
-54 -93 -79 -12 -21 -16 24 -33
26 -19 -18 -2 25 31 51 39
16 0 10 -4 -3 6 11 -8
-1 -128 -105 -128 -22 11 59 46
-128 -128 -12 -128 -128 -66 -31 17
-128 -88 43 -128 -23 -128 54 -55
-22 31 49 56 58 46 46 17
-41 -30 -32 -29 -86 -128 -128 -55
-10 -7 27 -19 -17 -26 -27 -25
44 -128 -128 -128 52 56 23 30
0 -128 -26 -128 2 -45 -23 67
40 30 -128 -128 -128 5 -1 4
30 27 47 -93 -36 39 -128 -128
-15 -24 23 -34 -107 -24 -128 -11
-29 -41 -128 -128 -128 17 37 16
0 -29 -60 -49 -11 24 53 42
15 2 17 0 10 -8 -5 1
-38 -6 18 104 21 8 -43 7
59 56 37 60 -63 78 82 4
-3 7 36 12 6 8 47 -5
72 4 -34 -37 -40 3 63 72
8 -5 -1 -6 0 -21 15 5
-128 -128 -77 -100 -128 -128 -41 -36
18 3 -3 -7 25 23 -10 -7
10 7 8 2 12 11 40 13
23 31 33 -26 45 40 -128 -128
54 -128 51 22 19 -35 -9 17
-15 19 52 31 25 1 -14 -12
-11 -128 -11 -4 -12 -39 -3 -51
10 38 39 64 54 -1 -4 -6
15 -18 -19 27 54 -128 -128 30
14 -10 -23 36 38 51 50 14
-24 -19 11 12 -128 10 21 -39
-2 -6 4 12 8 0 5 -2
-4 9 26 19 11 8 0 8
40 -2 -42 -69 -128 -11 38 51
74 -5 51 61 76 84 -128 42
12 -14 28 -12 -14 -12 1 -1
48 7 -62 -37 -39 -4 22 45
38 -7 2 -11 1 0 -30 16
-5 15 18 -128 59 2 -30 -5
-8 47 19 -28 -8 -6 1 -1
53 26 39 75 87 16 15 13
@ 1651615914 47
68 23 0 -34 -80 0 36 -128
-128 -128 7 5 6 4 33 42
6 -27 -32 -32 -16 5 28 21
-1 -66 -69 -3 32 37 28 15
-128 -128 44 64 -128 -128 -128 -128
-3 37 46 49 10 -49 -47 -56
-45 -12 19 15 5 -27 -33 -62
-8 1 1 -14 -12 -22 -28 -27
-54 -128 2 2 33 16 14 -15
-12 -128 12 18 19 -12 -16 -23
5 5 3 -6 15 2 10 3
-128 -128 37 24 -128 13 14 -128
2 -49 -42 6 66 73 77 50
0 24 38 39 10 -15 -25 -27
-18 -18 -4 26 48 83 49 -10
16 8 2 2 8 14 6 10
-1 -2 0 -1 1 -3 1 -1
-1 8 0 -17 6 0 0 -1
-128 -128 -128 1 -3 -5 -2 17
57 34 -9 -58 -53 -15 8 44
-128 -128 -128 15 -128 -128 -128 3
27 6 -21 -47 -37 4 18 24
50 47 -128 -60 -38 -128 -128 -128
0 -1 0 1 3 2 1 0
-14 -35 -10 -3 7 9 9 1
0 2 3 -20 53 44 -19 -19
34 -2 -10 8 5 58 66 60
68 68 64 -10 -16 -20 -26 40
31 -15 -49 -42 -59 -45 5 33
-1 -2 4 -1 14 12 10 4
-10 10 28 13 -13 -34 -20 -31
-5 4 27 22 -24 -128 -106 -42
41 29 39 -3 -29 -66 -15 -7
-78 -61 -9 28 13 -1 -1 -45
34 -20 -56 -35 -31 -20 12 19
-23 -59 -46 -128 -128 -24 -25 -15
23 -16 -53 -65 -36 -21 -8 24
30 19 2 -3 -1 0 12 -128
-3 -128 32 4 -1 -2 -1 -1
-8 -8 -9 0 46 84 89 5
6 0 -128 19 14 -26 -51 -38
5 -27 -25 4 13 14 2 8
-73 -56 -49 10 -128 -128 -22 -53
-76 -71 -9 -29 -128 -25 -4 -43
-3 -22 -4 -27 -128 -128 -11 21
-20 -33 -45 -47 6 -6 -9 -21
-66 -67 -31 -22 4 29 44 4
@ 1660015586 44
-34 -6 1 2 2 -1 -5 -128
-4 3 56 -128 -128 -128 21 -7
-5 1 0 -128 50 15 50 41
-128 -22 2 2 2 1 4 -4
-128 17 0 -128 -128 -47 3 17
-2 0 40 -128 -13 4 -10 29
-128 -128 -128 54 63 -7 17 -61
6 29 56 -128 -23 -17 17 -1
-128 27 2 0 1 -6 -128 -128
10 -1 7 -1 1 0 -1 -3
36 51 82 100 -128 -53 -56 -62
-17 -128 -20 -9 74 -128 -128 12
51 -50 47 -128 -128 -128 -128 44
-2 -20 -28 33 -128 -128 30 -2
10 -128 -128 -128 -128 -128 -128 -128
-35 -16 -9 -9 117 54 -2 -22
-8 -28 -9 4 -128 79 107 7
-128 -128 -47 -128 18 -128 16 2
29 -128 1 14 54 -3 -128 -128
24 23 11 -5 -128 5 41 22
7 3 19 0 -128 -96 6 -1
59 27 49 4 -128 -128 46 55
13 58 62 -4 60 56 4 -10
3 2 -46 -71 114 -2 -4 -5
-9 -128 -1 22 95 42 0 -9
-36 -54 -41 -128 -128 -128 -4 -11
40 -128 -128 -128 -120 -128 28 -12
96 91 -59 -48 -50 -61 -128 -128
-13 -19 -10 -16 -6 -12 -18 -10
45 -128 -128 -15 -10 -16 6 32
-3 0 3 3 8 10 9 41
1 -3 -9 -23 -14 -14 -1 -4
-17 -55 0 -128 -19 1 9 -5
-3 -128 74 81 -128 -49 57 56
-96 -91 14 -39 -128 17 21 94
-7 -128 22 -28 -2 -2 -19 -7
-15 -18 -9 -12 1 62 96 62
-5 24 50 44 -128 -128 -128 10
-128 -128 -128 -3 22 74 42 37
-19 -15 -10 -4 46 -28 -7 -14
50 -48 -58 -128 -128 16 17 -128
-3 0 31 34 6 -2 0 -3
43 56 83 -66 -128 -42 -128 -21
34 -128 -128 -128 6 -128 -128 19
@ 1663270602 60
1 -7 -7 -3 8 10 7 2
-5 -5 -3 -5 2 2 4 -3
2 -4 -8 -16 -14 -9 -7 -4
-8 -13 -13 -6 10 14 12 -1
11 9 2 -6 -7 -11 -4 4
-7 -8 2 15 16 -2 -8 -8
0 1 0 -3 -5 -7 -3 -2
3 -4 -13 -12 -2 7 9 0
-19 -10 8 20 27 8 -3 -19
2 6 8 4 8 4 5 -3
-1 6 6 1 0 -2 -4 -4
-128 -128 5 15 22 7 -128 -128
4 5 6 0 -9 -21 -17 -6
15 7 -128 -128 -128 5 5 19
8 8 1 -2 -4 -2 3 3
22 12 -3 -17 -15 -8 7 16
1 7 5 -4 -7 -8 -7 -6
2 1 5 6 7 4 4 6
5 1 -2 -1 -1 2 11 12
-4 -9 -12 -9 6 12 6 -1
-9 -7 14 35 28 -3 -7 -11
-1 -3 -3 -1 1 3 4 1
1 4 5 -1 -7 -11 -11 -8
5 0 -4 -12 -11 -8 8 11
8 3 -128 -128 -128 9 11 11
10 9 5 1 -3 -3 3 9
-4 -8 -6 2 2 6 3 -1
-13 -19 -13 -2 1 9 9 -1
15 19 12 -6 -13 -17 -8 1
-28 -20 1 13 20 12 0 -19
6 15 -1 -10 -4 1 3 4
-1 2 5 11 16 9 0 -6
3 9 13 8 -2 -128 -128 -4
-4 -2 1 1 0 -6 -8 -7
-42 21 30 -36 -34 -128 -128 -128
-9 -6 13 20 18 16 -2 -10
-5 1 10 15 15 7 -4 -128
-3 1 4 4 3 -2 -5 -7
-6 -4 4 10 13 3 0 -4
-7 -1 4 2 0 1 4 -5
4 8 -1 -12 -11 -10 -8 -6
-5 -17 -1 3 -5 -3 -4 -7
12 0 -1 -2 -3 6 11 11
-12 -6 9 10 9 -5 -10 -12
4 9 21 4 -8 -11 -6 -6
6 6 -128 -128 -128 -128 2 6
6 4 4 -3 -9 -15 -9 -1
-2 1 5 11 15 2 -8 -9
1 4 1 18 24 9 9 1
-16 -128 -16 -128 7 -128 5 -128
8 5 2 0 -2 -1 0 2
-4 -2 3 4 -4 -3 1 -6
7 -3 0 1 -5 -11 -6 2
12 8 6 1 1 4 8 14
-2 -11 -10 0 7 8 3 -1
1 11 18 9 3 -128 -128 -128
-10 -9 -1 3 11 5 -4 -14
7 9 7 2 0 -2 0 4
6 -5 -3 1 -4 -1 4 2
2 -5 -2 1 -4 -9 -2 1
@ 1673355094 53
0 -4 -4 -4 -1 1 1 1
-3 1 5 5 3 -2 -5 -5
3 3 1 -2 -4 -5 -3 0
3 2 0 -2 -3 -3 -1 1
-11 -2 -1 5 5 3 1 -7
-11 -5 14 18 20 2 -11 -15
4 7 5 1 -5 -9 -6 -1
-1 1 2 2 0 -2 -3 -3
-1 -6 -9 -10 -3 -1 1 -2
31 -128 -128 -35 -19 19 39 29
8 7 6 6 7 3 -3 1
22 -23 -38 -128 -18 19 31 21
1 -18 -23 -22 0 4 4 1
18 12 -1 -5 4 -5 -3 10
3 6 8 -5 -2 6 9 8
19 1 -6 -6 -4 11 19 18
-11 1 9 8 6 -3 -20 -28
7 7 4 -5 -16 -12 -4 1
-8 -6 0 3 4 2 -1 -7
3 0 -7 -8 -8 1 1 5
6 0 -2 -4 -5 -2 3 4
-13 -8 6 12 11 6 -2 -11
8 11 7 -4 2 8 10 8
-5 -128 -1 -2 0 -4 -4 -3
-3 -1 3 1 2 -2 -2 -12
-8 -7 -1 4 7 4 -1 -7
-2 -20 -17 -14 0 3 6 5
3 1 -5 -15 -12 -4 2 1
-5 4 11 11 10 2 -7 -15
-17 -1 12 14 10 -7 -128 -128
10 12 7 -4 -11 -12 -8 1
-11 -9 -1 2 5 4 2 -3
4 2 8 6 2 2 4 4
-39 -22 -2 8 14 8 -16 -46
20 14 -2 -27 -128 -29 -6 13
3 10 13 10 -1 -11 -12 -6
-7 -9 0 4 7 5 6 -1
-3 -9 -10 -7 4 9 8 1
17 14 6 -3 -128 -128 -3 7
-6 -3 0 6 7 1 -2 -6
1 -6 -8 -8 2 8 13 6
5 5 1 -14 -19 -17 -6 -2
19 15 7 -7 -16 -128 -7 9
1 -16 -20 -23 -4 5 7 3
-8 -6 5 4 -1 -11 -6 -9
2 6 7 3 -1 -5 -5 -4
-4 -1 1 7 11 13 13 0
-3 1 6 5 2 -4 -8 -7
-2 -3 -3 -3 10 7 3 1
1 7 9 5 0 -7 -11 -7
-3 -2 0 -1 0 -2 -4 -7
8 10 10 6 -1 -13 -16 -8
2 -1 1 8 2 0 -1 -2
@ 1675054039 60
4 3 2 -1 1 -1 -1 1
-128 -128 12 12 7 2 39 11
-33 -11 8 20 19 7 1 -28
2 -3 -2 -2 -1 2 11 13
-7 -128 0 -6 -128 -9 -1 -9
-11 3 -6 -20 -13 -13 -11 -12
6 27 49 38 19 -15 -23 -18
-25 30 28 -128 -128 -128 19 -38
-5 28 16 -17 -22 -128 -128 -22
-102 -96 -21 -20 -67 -78 -10 21
-128 -128 -128 -128 10 7 0 -128
75 72 7 -62 -42 4 0 12
-33 -128 -43 -128 -128 -56 -57 -35
59 -21 30 -13 62 52 -128 11
0 16 51 -128 -128 -52 -44 -49
-128 -128 -10 7 39 30 -4 -128
16 11 20 19 3 -12 -7 3
-37 -22 37 14 16 -19 -30 -73
-128 -128 -128 -128 38 38 -128 57
-22 -29 -19 -4 4 0 -1 -5
9 16 1 -6 -128 -128 -3 10
28 30 4 -24 -20 -128 -98 -27
20 2 3 3 0 -1 4 10
-128 -2 68 63 72 -38 -62 -128
5 12 -22 -39 -30 -25 5 15
-18 -12 -10 -27 -11 -22 -35 -25
13 11 5 0 -5 -128 -7 2
-27 -44 -48 -26 -7 7 12 2
18 17 7 -5 -128 -128 5 4
10 6 -2 -128 9 -2 0 4
-128 -128 12 -69 -19 -128 -93 -48
-2 3 17 45 18 7 -3 -5
-6 4 12 6 -8 -7 4 -6
-43 -14 -15 -128 46 -12 -48 -55
12 -4 -39 -65 -18 -16 11 16
3 -3 3 7 -9 -6 20 2
-8 1 6 0 6 1 -2 -5
43 29 0 0 -128 2 5 30
-128 0 -128 -128 0 -128 -128 -128
-32 47 51 -9 13 32 -10 -46
1 -5 -11 -13 -15 -25 -20 2
-62 19 -128 -128 -128 -128 -128 -128
0 0 9 -83 -128 -128 0 2
3 3 -1 14 15 16 0 -6
-5 -128 -4 -128 14 10 11 2
0 0 2 14 1 -15 -4 3
-10 4 48 38 0 -16 -44 -28
8 7 12 14 -128 -128 -128 8
1 0 0 0 0 3 3 1
-60 -128 -51 -50 -13 -5 12 -11
24 14 0 7 6 0 27 42
16 53 69 -128 -128 -128 -46 -10
16 -14 -14 -16 -128 -13 39 31
64 20 22 36 -11 -13 -1 -128
-43 0 -128 -128 -128 -128 -128 -128
-28 -128 -109 -128 -128 -128 -128 -128
-47 -32 -37 -43 -33 30 -128 -6
0 0 0 -67 0 6 21 17
-8 18 64 58 20 -7 -82 -128
-61 -128 -87 -81 -66 -128 -118 -75
@ 1705584565 55
0 -128 75 15 -6 -12 -12 -10
61 1 1 15 14 -3 13 46
2 -5 -6 -4 3 5 4 -1
-11 0 14 13 4 -46 -56 -20
38 24 -7 -48 -39 -28 -13 16
-10 -18 -24 2 39 56 52 0
8 23 23 5 13 7 6 10
-8 -15 -13 -16 2 13 14 2
12 2 -33 -4 -128 -128 -128 11
4 -128 -128 -128 2 53 66 35
14 -128 -128 -128 -128 -128 5 5
-128 -128 -128 6 7 13 7 -128
0 -25 -27 -11 23 58 -128 38
38 -128 -128 -128 -128 -128 30 25
5 -128 -73 1 24 82 87 58
-31 -50 -59 -48 6 5 -13 -50
-43 26 28 50 51 8 -56 -99
65 37 17 -128 -128 5 5 36
-36 -59 3 14 34 -53 -69 -48
84 2 -6 -18 -12 4 74 -128
9 25 27 17 9 -28 -17 -13
-128 -128 -128 -128 -128 -128 -128 -128
12 8 6 11 3 1 -3 5
-128 -128 35 -13 -28 -26 -16 0
-128 -23 46 47 7 -128 -128 -128
-3 -4 4 3 6 3 2 -3
-2 -20 -27 -26 2 18 40 19
24 -35 -128 -128 -128 -4 15 46
0 -51 -46 -21 -6 28 58 16
4 -74 -128 -73 -128 -53 52 64
25 9 -13 -52 -41 3 19 19
0 -21 -31 -128 -2 4 14 16
78 0 -21 -25 -12 0 32 79
53 11 -85 -59 -31 14 13 33
70 1 -10 -9 -9 1 56 71
1 -4 -5 -5 -6 -16 -5 -1
2 4 5 10 12 3 -6 0
-128 -71 -26 -15 7 13 -15 -42
26 2 -18 -49 -50 -25 14 42
5 4 54 8 -20 -66 -69 -20
-10 -7 69 -128 89 -39 1 -4
14 -12 -26 -24 -4 14 19 13
-30 -128 -98 -59 5 13 9 6
-128 -40 12 29 45 -25 -85 -128
0 0 -6 0 25 0 -4 -7
-22 -3 20 -33 -61 -29 7 -16
3 33 44 20 13 -27 -76 -128
-35 2 24 22 10 8 -7 -56
6 -53 -85 -128 -7 29 62 48
-37 -54 -56 -38 4 66 70 1
6 14 15 -3 -19 -128 -128 -44
6 10 14 8 1 -128 -128 -7
-128 27 -3 -19 -23 -17 30 -128
5 10 28 5 -2 -4 -3 -2
0 -2 -1 -4 -5 -7 -4 -1
@ 1721149568 38
0 1 1 1 0 -2 -6 -24
1 0 0 0 0 0 0 0
6 9 11 8 -2 -28 -29 -8
11 8 4 4 0 -31 -13 1
19 77 82 -128 38 7 19 22
-12 -128 -128 -128 101 101 -22 -30
46 46 -15 43 -128 43 45 29
-13 -25 -14 -14 -6 -7 7 -9
1 2 0 4 13 19 1 -3
-128 -6 15 44 43 9 -8 -65
0 0 0 0 0 0 0 0
24 36 54 70 7 -18 -13 0
9 10 6 -12 -128 -128 -87 -25
0 0 0 0 0 -4 -4 -2
0 0 0 -1 -1 -1 0 0
0 0 0 0 0 0 1 1
2 0 -4 -21 -16 -8 1 1
-5 -7 -8 1 16 8 3 -1
4 -19 -59 -70 14 34 17 8
2 -22 2 -7 -5 4 5 4
2 1 -2 -7 -4 -1 1 2
10 9 14 33 -128 26 33 6
16 4 2 23 -7 -32 15 20
-18 -25 -8 11 12 11 -8 -26
14 3 2 -6 1 8 3 9
-13 -9 26 13 1 -2 0 -3
-3 -12 -2 -10 -5 -37 -1 4
10 0 -14 -128 -128 -128 0 13
2 -128 -128 -37 -21 30 -128 35
-15 11 12 -4 -1 13 -1 -26
-81 -15 11 6 6 -33 -35 -128
0 0 0 0 0 0 0 0
3 -7 -9 -1 7 6 10 7
-128 -128 -128 24 51 44 23 -128
3 4 3 -1 -1 -16 -66 -38
0 -5 -5 -5 0 0 0 0
-36 1 -2 -66 -101 -12 30 -34
-80 -30 5 0 2 2 -128 -128
@ 1728138075 60
-16 5 -2 -37 -27 -22 -42 -24
13 7 21 39 43 32 13 -4
-7 -18 -4 -40 -53 -22 46 51
38 -3 -5 5 5 37 49 36
42 33 0 -34 -128 -27 21 59
29 13 -21 -74 -128 0 31 34
1 7 6 -5 30 1 -35 -25
-7 -66 -80 -38 -21 -9 2 -3
24 5 6 5 7 5 -8 -128
26 -3 -3 -3 17 64 80 30
-24 10 34 48 53 45 48 -128
-7 18 7 -6 -23 -40 -47 -68
-24 -14 -15 40 71 -128 60 42
9 15 -4 -38 -20 -5 -14 -4
-20 -1 -1 -51 45 40 30 -17
-8 -35 -37 -44 -33 -28 -22 -18
-12 -22 -11 6 11 -8 11 -4
-4 -1 34 -128 -128 30 31 23
-39 -37 8 11 -23 -71 -60 -55
-1 6 27 27 6 0 -1 -2
7 -27 0 -5 27 22 35 -4
1 1 4 1 0 0 0 0
-1 0 7 13 9 0 -1 -1
26 -30 -75 -128 -128 -128 -128 82
0 0 0 0 0 0 0 0
0 0 0 0 1 0 0 0
5 10 -23 -4 11 16 3 -44
6 19 -54 -128 -128 86 110 6
12 -44 -128 -25 -4 -9 -13 -19
-2 -8 -19 -54 -32 -51 -3 32
0 0 -19 -22 -10 -14 0 31
29 34 36 12 42 29 18 19
117 115 40 -1 -38 -65 3 73
-17 -7 12 11 -15 17 13 -2
23 21 1 -28 -40 -25 18 19
64 -128 8 17 22 21 64 -128
0 0 4 10 9 1 0 0
0 0 0 0 0 0 0 0
69 15 -9 -128 17 8 -26 -27
7 -35 -128 -128 -52 -13 34 15
1 -2 22 27 4 -71 12 2
-25 -13 2 27 -27 -35 -17 -32
-25 -77 -82 -30 3 -128 22 2
-128 -128 36 -30 22 -128 89 80
57 -55 21 -8 -3 -13 5 41
0 -32 -2 10 9 10 18 23
0 0 0 0 0 0 0 0
-128 -128 -128 14 -7 -11 -7 22
-6 18 -128 -128 25 5 -7 -9
-128 -128 -128 -128 -128 -128 -128 -128
-35 -128 -66 -59 -18 25 88 69
-59 -128 -128 -128 12 -12 -47 -60
0 0 0 0 0 0 0 0
-36 -63 -39 -26 22 32 33 9
-83 -128 -83 -30 20 33 25 12
23 50 67 84 99 76 34 16
53 22 11 -21 18 59 64 46
41 15 9 -22 -62 -80 -65 13
-128 -128 -128 -128 44 23 -2 37
-24 -35 -14 0 51 31 14 -16
@ 1728234771 60
-128 -47 -7 9 19 37 38 -128
5 5 -47 -60 5 -51 3 60
31 39 26 30 0 58 38 30
-70 -128 -59 -49 -64 2 47 32
52 -49 -75 -128 -19 -20 -26 -23
36 -62 -60 -71 -128 -39 23 28
10 62 -128 -128 10 -128 -128 -48
53 -9 -128 -128 -99 -97 -65 -128
-128 -128 -128 -128 -128 51 11 -35
-128 -128 -128 -5 -28 -7 -5 -83
27 41 72 59 20 -64 -128 -41
-128 -128 34 -33 -128 -128 -128 -128
-14 -5 34 37 69 57 30 -19
-23 -64 -90 -45 -128 -128 -128 -43
15 45 107 27 51 44 0 -2
20 -39 29 62 69 9 -12 0
0 -82 -43 -14 3 -2 10 0
0 -24 -37 -40 -2 36 -128 34
-17 18 40 64 44 32 -128 -128
-34 84 -34 -128 -128 -128 -128 -128
-74 -4 17 59 67 72 36 -6
-47 -128 -128 -128 -35 0 0 29
-33 -26 10 -66 -128 71 4 -89
37 -24 -108 -128 -118 -91 21 66
-56 -128 9 29 28 82 34 -34
42 7 -15 -41 -24 17 50 57
-128 -128 56 52 -18 -128 -128 58
15 33 99 51 -70 -128 -8 28
18 49 29 15 29 24 8 19
-5 8 -8 14 43 -4 -96 -128
49 40 16 -41 -22 11 27 34
-128 -128 -90 -48 -5 -83 -34 78
51 -128 12 -6 -128 -128 68 32
20 72 50 65 27 -60 27 20
92 -37 -54 -128 -101 -31 59 95
-34 -67 -34 -34 -32 24 59 39
23 -15 -50 -128 -128 0 60 52
59 11 -41 16 -128 -128 -128 47
-99 -41 5 25 -128 51 54 -19
52 -128 41 -128 -128 -3 26 35
26 4 52 85 96 45 -12 -17
-119 -128 22 -70 -128 -128 -128 -128
-128 -128 -128 -128 47 32 -18 -63
-73 -128 -31 42 16 -128 -78 -68
-119 -29 -128 -128 -128 -128 -100 -128
-3 -128 -128 -128 -101 -57 -128 57
-46 -128 -128 -128 -5 -40 23 26
-128 -128 24 -35 60 -128 27 7
33 106 113 -128 -128 -128 -38 -57
2 32 68 75 48 18 -39 -39
-82 -128 0 -128 -128 -128 -128 -128
-128 -128 -128 -128 16 38 16 -128
-128 -128 -128 -128 -128 -128 -128 -63
-128 92 44 -128 40 -128 -128 33
-128 -70 0 76 80 64 49 -49
30 1 17 42 35 0 -86 -128
-58 -128 -128 -38 -43 -13 25 1
-9 -51 -115 -128 -5 80 85 4
71 72 42 -128 -128 -96 0 53
-36 -38 -13 42 63 60 3 4
@ 1729056132 60
-11 24 59 69 79 17 -15 -21
-6 12 4 0 2 1 -3 -6
-1 0 1 -1 4 5 24 0
-2 4 14 8 26 31 20 -3
-103 -128 -128 16 16 21 12 -81
5 62 6 0 59 27 15 4
7 -8 -17 -5 -2 5 13 14
-5 -29 -43 0 35 65 69 65
15 3 -5 0 32 24 12 1
27 -11 -128 -78 -40 23 53 26
53 -128 -51 -128 -15 -128 17 -128
-103 -67 -61 -69 -7 -33 0 -47
-21 6 19 -128 69 46 27 -128
16 60 21 -11 -44 -92 -40 -18
-6 -128 10 -128 0 -2 0 -2
5 14 56 -128 -128 -128 -128 80
34 13 -13 -32 -31 -16 34 73
-1 -2 1 -3 -2 -4 -1 -1
9 -128 11 6 10 5 8 9
14 57 -128 -128 -24 -24 -35 14
51 35 2 -32 -34 -11 11 36
3 4 5 1 -2 2 5 4
-128 -128 44 -30 22 -19 44 -128
10 44 41 28 -16 -51 -5 -18
12 18 40 -25 -128 -128 -39 -27
-13 -2 -26 -27 -11 17 24 12
-74 -72 -41 6 7 4 2 -56
-8 -1 4 2 1 -1 0 -7
65 59 51 -6 -7 0 35 42
62 40 -7 -57 -56 -15 27 47
67 35 1 -10 -27 -10 47 66
-7 -28 -39 28 112 -128 -128 20
-1 -18 -6 8 9 5 9 5
-23 -63 -43 9 31 29 29 18
-1 3 2 -17 21 54 27 -26
61 17 -1 -22 -30 -16 53 74
46 -16 -128 -103 -109 -56 -13 4
8 23 73 -128 27 -10 -2 7
-6 -25 -17 20 43 34 12 -18
-48 -65 -56 -42 6 32 45 8
-57 -22 -5 4 5 5 5 -128
4 0 -12 -16 -9 -4 -1 2
74 52 77 70 97 73 79 54
43 21 -20 -15 -20 -3 36 45
46 0 -37 -57 -39 1 35 55
-128 -128 -128 -62 39 30 -1 -31
9 -5 -22 -38 -35 -14 7 10
25 9 8 -128 -24 -128 -1 18
60 64 21 -24 -40 -32 -10 12
17 35 65 59 77 -128 30 21
33 26 -12 -58 -17 -15 -5 -24
-21 -24 -14 16 47 30 33 -20
3 36 38 5 -42 -128 -25 -2
-40 -45 -41 -29 4 29 46 -2
-128 -128 -96 -33 -20 16 -107 -128
6 6 4 -2 -4 -2 8 10
-128 -128 -128 -53 75 70 77 -128
56 48 34 -15 -38 -50 -14 33
68 21 15 -2 -8 -11 49 65
10 -30 -128 -128 -52 25 -128 82
@ 1729074466 60
20 -128 0 -7 -2 -17 -34 0
-5 17 7 39 64 28 22 -7
0 -8 -9 -7 0 2 12 3
1 -1 0 0 2 6 8 1
-128 11 11 -1 -8 6 7 0
19 -25 -40 -15 4 17 18 21
-25 -29 -10 -20 -27 -128 -128 -38
-2 1 7 1 2 18 19 16
7 2 -31 6 37 29 31 18
-32 20 21 53 40 3 -13 -128
-21 -128 -24 3 -128 -128 -128 3
46 33 44 14 24 19 60 72
26 66 44 24 -1 -1 -2 -1
7 -128 18 -2 -54 -76 -57 3
22 21 1 0 6 29 -128 -128
-49 -61 26 9 14 18 3 -43
-20 -7 -14 14 7 -9 -1 -24
7 8 6 -19 11 -4 7 -12
3 -30 -34 -38 -3 -4 -2 11
-128 9 3 4 4 -128 -128 -128
29 11 15 -3 -8 -2 20 41
-128 -128 5 8 5 -5 5 -128
43 8 -19 -1 -3 -35 -37 8
47 68 58 43 -9 -74 -84 -25
27 -128 37 24 -6 -8 -6 8
25 63 61 6 -34 -41 -11 -5
56 34 6 -20 -12 -4 45 50
-4 9 20 32 36 0 -24 -16
30 12 -20 -42 -32 -11 38 30
20 -17 -6 0 27 25 37 27
12 22 21 12 6 -3 3 2
24 25 -9 -25 -18 1 16 12
21 5 6 2 3 4 15 15
31 39 47 26 -1 -46 -27 -25
14 15 16 0 -3 -6 -1 9
-128 -128 -128 2 -17 -19 -11 3
20 -11 12 24 2 -23 -26 -11
34 37 30 7 -17 -59 -16 -18
-21 1 1 12 44 -10 -11 -35
4 -22 -8 22 45 19 -1 3
-24 -24 -15 3 15 29 59 16
10 9 25 43 47 20 -14 -25
12 5 -13 -23 -7 1 1 1
-4 -5 7 3 2 18 21 1
8 5 -31 -128 20 0 0 -40
-1 -6 0 24 18 19 0 0
109 87 12 6 -34 -12 36 103
3 30 28 1 10 -14 -17 -18
56 39 20 5 17 21 35 45
-52 51 57 99 2 36 38 -43
1 25 56 33 -1 -13 -1 0
0 -3 0 10 3 0 1 0
-54 -32 31 43 23 34 -4 -34
16 -13 15 19 58 49 -128 20
-11 -71 -71 31 46 15 12 15
6 31 0 -3 0 0 -1 0
26 34 25 45 24 -29 -41 -6
52 20 15 9 11 -3 1 42
7 -50 -43 -37 -29 -22 -5 6
-38 -56 -5 12 16 16 50 14
@ 1729111935 37
-128 -18 7 7 2 -1 -128 -128
-8 -13 21 17 9 -1 -10 -27
9 5 13 9 11 1 6 7
-7 9 -1 -10 -3 -9 -12 -7
-19 -12 18 -11 13 2 -42 -128
0 0 -13 0 39 -128 0 -6
-7 28 34 18 -16 -27 -25 -21
-27 -18 -54 -8 -5 -50 -128 -128
-41 -63 -42 74 85 67 71 -47
31 -18 -24 -29 49 52 55 48
87 71 21 7 -4 -49 5 18
51 71 15 -15 -13 -10 -4 -8
-43 -44 -25 -54 -128 -128 -128 -4
-7 -6 0 4 0 12 -2 -7
5 3 7 20 -128 -128 -128 -4
51 37 -128 -13 -25 -128 -128 70
99 86 89 -101 -68 7 46 81
-128 -128 -128 17 38 -2 -2 -128
53 57 14 46 52 -15 0 55
-53 83 95 -128 -40 -128 47 -3
-67 -48 -51 -22 15 17 18 -33
-1 17 50 65 40 -12 23 0
-16 15 47 -5 7 8 5 35
9 3 -3 -29 -32 -30 -4 3
-128 -128 -26 -20 -53 -75 0 -128
-128 -128 -128 -128 -128 -128 -128 -128
-128 -128 -128 13 11 -3 9 -11
41 37 50 -128 -128 -33 -13 5
-34 -128 7 -14 -33 -104 -111 -84
15 49 -128 -128 -31 10 40 -128
13 9 -15 -3 8 31 61 24
-38 -37 40 -5 -16 -128 -12 -15
-40 -44 -15 -12 46 -128 -58 0
-128 -128 7 38 50 13 10 -128
70 60 -5 -40 -53 82 60 75
77 48 32 26 3 -15 -3 2
-128 56 59 15 -29 -55 -30 10
@ 1729632456 60
-2 -1 -1 0 2 34 75 29
-2 -6 2 -9 -3 -10 -8 -3
1 12 64 1 -1 -1 0 0
-11 -14 -2 0 0 0 0 -9
1 1 1 1 2 -2 0 -1
-15 0 0 7 7 5 0 -13
3 6 7 4 -3 -4 -1 0
4 4 1 -1 3 1 5 5
2 2 3 2 -5 -13 -10 -9
2 -3 1 2 0 -2 2 2
-2 -15 -10 -8 0 -1 -1 0
-9 -27 -10 -2 3 5 8 6
-128 20 -2 -8 -6 -7 79 -128
-12 -12 -2 3 8 6 6 -3
-128 -128 -128 15 -10 -11 -4 19
-6 27 34 -2 3 -5 -5 -14
-42 -17 4 9 11 6 -8 -128
-11 -11 1 10 17 16 4 -17
-1 6 10 6 7 0 -5 -8
-8 -4 2 2 3 1 -1 -10
-9 -13 1 0 0 1 7 1
-59 -1 0 -3 -5 -4 -1 0
-29 -16 4 4 8 -1 -5 -128
0 81 49 2 10 6 3 0
-128 -128 -128 -128 24 -23 -1 18
-128 17 -7 -7 19 -128 -128 -128
8 6 5 -9 -10 -16 -13 3
-2 -6 -5 -2 2 -3 -5 -6
0 0 0 1 1 0 -1 -1
-7 -4 2 -22 -64 -5 -3 -6
4 1 -1 -2 -4 -3 -2 5
-3 -2 11 19 11 8 1 -4
-8 -7 7 5 1 6 5 -2
117 27 -37 -62 -43 0 53 -128
1 0 0 -1 2 0 1 3
13 28 30 17 -16 -128 -128 -20
3 6 8 3 -2 -8 -9 -4
1 -2 -3 -4 -1 -1 -1 0
9 14 16 0 6 9 1 -1
-8 -7 0 -1 -4 -7 -5 -11
104 58 13 -21 -22 -25 2 82
20 -128 96 -128 20 11 -8 -10
-8 -14 -10 0 2 2 5 -2
1 1 1 1 1 1 2 1
-36 -12 -5 4 19 8 -19 -31
1 -1 -1 0 1 1 1 1
-11 -128 -128 -49 5 4 43 3
43 -128 -128 -128 30 -64 -26 -4
-21 -48 -35 0 1 2 3 2
7 4 -1 3 5 -5 -4 -1
8 11 20 4 1 -1 -1 0
-6 15 75 -128 -128 15 3 -4
0 1 0 0 0 -1 -1 0
4 3 1 -6 -9 -7 -1 3
1 -11 -3 -7 -3 -2 1 2
-128 -128 -4 -128 -128 -128 -8 16
0 0 0 2 5 5 6 0
0 3 2 1 0 0 0 -1
4 -5 1 -10 1 8 10 7
-1 0 0 -1 -2 -13 -10 -3
@ 1732533830 59
54 46 31 42 30 -31 10 37
9 -8 -11 -15 1 10 14 14
38 -128 20 53 47 14 -7 18
-20 -27 33 24 19 -128 -128 -42
38 -1 -30 -36 -7 16 64 68
-3 -23 -128 7 0 -29 -32 -11
0 -36 -61 -17 26 53 65 51
49 37 22 -15 -19 -13 5 30
19 -128 -13 -20 -15 -16 19 16
42 34 28 2 -31 -45 -17 15
11 10 -1 10 13 19 7 0
60 41 16 -34 -46 -26 16 53
0 -1 4 2 29 -1 14 -1
2 -8 21 -128 -128 8 9 -12
-128 -128 5 4 -8 -128 -128 -128
27 13 2 -26 -98 -27 -2 7
-7 -23 -27 -9 15 12 12 3
59 69 62 10 -12 -37 -32 -8
-4 -2 31 -128 -128 7 8 -6
-56 -33 -6 30 35 5 -15 -63
15 0 7 9 4 7 8 0
47 55 47 1 -28 -64 -14 15
-38 20 35 57 10 7 -10 -55
-51 -35 -3 49 81 66 29 -33
54 30 -1 -27 -3 34 -128 -128
2 -128 8 12 18 -6 -2 3
-24 -42 -40 -37 6 28 36 16
34 9 -2 -3 -3 -3 13 -128
49 33 -7 -14 -16 -11 4 36
0 25 33 29 8 -38 -55 -40
7 3 -2 -9 -10 -6 0 -25
22 15 -5 -36 -34 -32 4 15
4 1 0 0 0 0 0 1
-5 -3 8 9 4 -16 -23 -15
35 42 36 23 -10 -52 -49 -12
32 29 22 -17 -26 -20 -11 2
-14 -12 -6 -14 -16 -37 -31 -20
-29 -3 21 15 -30 5 5 -45
16 -128 49 -128 -128 -128 -128 0
65 20 -14 -35 -35 -12 14 52
-128 -128 3 6 -20 -24 -5 -128
0 0 0 1 2 0 0 0
-25 -128 -128 -128 8 -11 -14 -28
82 42 -16 -39 -34 7 46 77
-6 13 11 -9 -25 -21 -14 -54
2 0 0 0 9 3 0 0
0 11 22 7 -5 -22 -19 -13
10 -128 -128 -128 -11 -14 -26 -16
15 23 28 18 -10 -45 -58 -25
-25 17 18 23 17 -1 -23 -57
-25 2 11 6 11 -4 -29 -58
50 38 2 -13 -20 -15 -1 32
-19 -1 6 7 3 -7 -23 -24
2 -17 -26 -16 19 57 59 38
16 41 12 -4 -4 -3 1 1
37 42 28 -18 -23 -128 -128 -2
24 14 41 44 59 63 49 27
-51 -128 -6 -128 49 40 33 -128
-39 -9 6 32 57 30 -2 -128
@ 1733933093 40
-9 11 26 77 41 7 -45 -128
6 0 18 10 20 -8 -5 1
-74 -128 -128 -49 -128 -21 -22 -71
-128 -25 19 78 78 10 -10 -128
-128 -128 -10 5 11 2 -128 -128
-128 -24 -13 21 34 54 58 -128
-128 -20 16 8 16 3 14 -128
-128 -128 -128 -24 -53 -54 -128 -128
-43 -128 4 -4 8 12 16 -15
-128 -128 -128 -128 -128 -128 -128 -128
-128 -39 -41 1 55 -128 -20 -128
87 -128 -128 24 -128 -128 -128 82
-128 -47 -3 -3 -128 -128 -128 -128
-128 61 44 -128 -128 -91 -24 -128
-1 -128 -128 5 23 -128 -128 63
-2 -16 -18 -22 41 30 31 -9
11 -128 -128 6 -128 -128 -128 10
-23 65 47 -20 35 6 47 19
10 -10 -128 -128 -128 -128 43 -2
48 -8 0 -3 5 -128 -128 -128
-11 -128 2 -128 -128 -128 -128 -128
-39 -54 -18 -44 -21 16 6 -62
-33 -128 -4 -31 -27 -1 1 -128
-128 -128 -128 -128 -128 -128 -128 -128
-128 -128 -128 -128 -128 -128 -128 -128
-128 -128 -128 -128 2 -18 -128 -128
-20 -128 -72 13 19 -128 -128 10
-5 -20 -56 16 5 1 -75 20
-53 25 0 -77 -76 -128 -61 -80
-63 -128 -79 -128 -128 -53 -7 52
-48 -128 -128 -128 9 26 27 -6
-74 -46 -128 -128 8 16 -128 -128
88 -48 -128 -128 -128 -128 4 81
78 79 -128 -128 -128 -128 -128 111
33 -128 -128 -128 34 0 0 31
50 -128 38 -8 1 7 -15 -22
-128 -128 28 -50 -128 -128 14 -128
-128 -128 -128 -128 -128 -128 -83 42
-47 -22 -22 15 -128 -128 8 -48
-128 -128 -32 -62 -36 24 -23 -128
@ 1736840913 33
2 2 3 0 -128 -128 -128 -11
-128 -128 -6 0 0 0 0 -11
0 0 0 0 0 -2 -1 -1
-6 -128 -128 -15 0 0 0 0
-128 72 37 0 -52 -128 -128 -128
37 -128 102 34 -15 -33 -36 -22
0 39 58 58 0 -22 -73 -128
-2 -31 -128 -5 10 -44 -49 -51
0 22 52 0 -13 -5 -22 -31
-1 0 0 0 0 0 -5 -9
-1 0 0 0 -1 -13 -128 -16
-5 3 5 3 -7 -128 -128 -128
-37 -128 23 36 55 26 -26 -128
0 -4 -13 -128 -17 1 0 0
-60 35 80 -128 -128 -53 -53 62
29 -128 -128 -16 -17 17 -128 88
60 76 79 -128 -88 -63 -10 5
55 21 -35 -37 0 11 -44 -71
-128 -128 -128 -15 -42 -128 -128 -44
0 -1 0 0 0 0 0 0
-27 4 57 63 73 -128 41 -20
-11 -25 -112 -128 -37 -28 -61 -59
9 43 45 -47 -45 -7 45 15
-80 -128 -128 0 6 12 35 -23
4 44 41 0 -52 -57 -57 0
-1 -1 0 -16 -128 -128 -14 -1
-41 17 73 74 50 -24 -55 -71
35 0 27 47 35 50 40 -128
0 0 -22 -128 -128 -2 0 0
-128 -10 1 1 1 -7 -128 -128
0 0 0 0 0 0 0 0
-50 -71 -8 38 49 35 -7 -27
-128 -128 -128 0 1 0 1 -128
@ 1737225438 32
-44 -29 27 41 0 -52 -40 -41
-9 2 27 69 52 29 -5 -40
-40 -31 5 35 59 28 6 -18
-30 -14 7 6 11 -7 -128 -128
0 25 31 33 50 21 -3 -21
15 16 50 52 68 44 22 -7
2 3 -27 -57 -15 -5 4 -2
-128 -42 -21 -20 -10 6 -23 -83
20 33 55 -7 13 63 -128 33
-15 -9 3 51 -128 87 93 -32
-128 -128 -128 -128 33 36 27 -128
-23 19 59 5 55 12 -8 -49
-128 0 24 36 38 -41 -128 -99
-128 -128 -30 -25 -18 -26 -26 -128
-105 -128 -27 -12 12 4 28 -15
16 -128 -128 -128 -110 15 41 38
-1 24 25 -128 -128 -128 29 19
5 19 15 30 36 -2 0 -45
-42 -128 -128 0 -128 -128 -83 0
14 -128 -12 9 16 11 23 18
-37 -28 -1 -128 -33 32 10 -33
0 -48 0 29 22 9 0 15
45 -31 -7 -21 -52 -77 -13 56
-90 -15 -16 26 59 59 -7 -59
0 33 44 55 0 -128 -85 -128
-64 -128 -65 -128 56 -45 -51 -43
79 -28 -58 -63 -37 -62 16 76
-43 -128 -9 -128 40 -128 50 -13
69 -128 42 25 0 -21 -18 -2
-128 -21 11 14 17 9 2 -128
-128 -128 5 10 -10 -27 -28 -128
-13 7 -32 -77 -78 -45 21 18
@ 1740220808 60
25 12 7 -11 -33 -64 -21 17
0 0 0 0 -1 -2 0 0
-47 -39 0 0 1 0 0 -39
0 0 0 0 0 0 0 1
0 -3 1 1 -1 -2 5 5
6 12 0 -6 -33 -32 -29 -4
-128 35 0 -16 -22 -17 0 62
14 16 16 12 8 -10 -12 1
-1 2 2 -6 -9 -4 -1 -7
-7 -3 23 28 5 -3 -6 -2
-19 -14 0 11 23 10 11 -13
0 0 1 -5 -9 -7 -2 -3
-8 -1 5 5 4 2 1 -5
22 19 -19 -39 -44 -27 21 56
18 18 4 -14 -17 -30 -28 3
-1 2 14 52 21 1 -3 -4
1 0 4 25 21 9 4 1
9 0 0 -1 -2 -1 0 0
-52 -44 -128 50 53 76 -128 6
58 7 5 3 -5 -18 -18 -7
-4 -2 2 4 5 8 5 -2
92 82 83 -18 -44 -25 47 73
-5 -9 -2 2 2 3 3 1
0 0 0 0 0 0 0 0
0 0 0 0 0 -1 0 0
-11 -9 3 69 89 68 20 -11
-3 -6 -3 0 4 3 5 3
0 0 0 0 0 0 0 0
4 3 14 38 27 -1 -5 -4
-4 -1 6 8 8 1 -5 -7
0 0 -1 -4 -1 0 0 0
0 0 0 0 0 0 2 0
1 1 0 -1 -1 -1 0 1
-1 0 0 0 0 0 0 -6
0 -1 -1 -3 -2 -1 0 0
10 2 0 -4 -2 1 10 13
-7 -8 5 -29 -128 -128 -8 3
0 -3 -4 -1 0 0 1 0
-2 -48 -57 -42 4 9 13 9
-1 4 3 -58 -45 -59 -16 -14
-69 -23 -4 9 15 9 1 -36
-128 -128 -1 -26 -19 0 9 -128
-17 -128 -128 -128 0 16 13 13
37 0 -21 -68 -60 0 33 42
-15 -29 -8 0 1 1 -6 -13
1 0 4 -3 -4 -6 -4 -5
-1 1 1 1 1 -7 -8 -18
-51 -17 13 24 18 -1 -21 -42
-4 -5 -1 3 8 2 0 -4
2 2 1 2 3 2 2 2
-6 -5 -1 18 23 20 2 -4
-77 -18 7 13 34 41 35 -57
71 60 8 -8 -11 -26 -47 -17
10 35 8 -2 3 -1 1 -3
-5 -4 -1 -2 2 17 21 1
-1 -1 1 0 0 -2 -5 -4
-128 -26 -2 5 6 5 1 -19
4 10 4 3 4 -5 -13 -11
11 0 0 1 1 -38 -5 7
1 1 0 -1 -1 -1 0 1
